Date-Time                     ,RadioRxTime ,GPS Time Record      ,Filtered Temperature (K) ,Filtered Humidity ,Filtered Dewpoint (K) ,Filtered Pressure (mb) ,Filtered Wind Dir ,Filtered Wind Spd (m/s) ,Filtered Altitude (m) ,Filtered Latitude ,Filtered Longitude ,GPS Velocity East (m/s) ,GPS Velocity North (m/s) ,GPS Velocity Up (m/s) ,GPS Altitude (m) ,GPS Latitude ,GPS Longitude ,GPS Derived Wind Dir ,GPS Derived Wind Spd (m/s) ,PTU Status ,RawPTU AscRate (m/s) ,RawPTU Humidity1 ,RawPTU Humidity2 ,RawPTU Pressure ,RawPTU PressureOK ,RawPTU Temperature ,RawPTU TemperatureOK ,WindResults East (m/s) ,WindResults North (m/s) ,WindResults Up (m/s) ,WindResults FiltGeoPotHeight (m) ,Calculated Mixing Ratio , , , , ,
[2023-02-01T18:55:38.3310673] ,  1617.3864 ,01-Feb-2023 18:52:34 ,                267.95   ,          93.1    ,             267.0068 ,             1076      ,         288      ,                 1.2    ,              67.2906 ,          43.8238 ,-76.2017           ,                0.11171 ,1.0023                   ,2.1861                ,           70.97 ,     43.8239 ,-76.2011      ,            186.3592 ,                    1.0085 ,         0 ,0.19128              ,92.024           ,92.024           ,      1009.326  ,                1 ,          267.3382 ,                   1 ,                3.8653 ,1.2694                  ,-32768               ,                        107.6283 ,               2.2426   , , , , ,
[2023-02-01T18:55:40.3797844] ,  1618.802  ,01-Feb-2023 18:52:35 ,                267.1684 ,          95.9787 ,             266.6292 ,             1009.8919 ,         254.2719 ,                 3.751  ,              77.0437 ,          43.8239 ,-76.2012           ,                1.3937  ,0.23432                  ,5.6743                ,           77.37 ,     43.8239 ,-76.2011      ,            260.4563 ,                    1.4133 ,         0 ,2.1861               ,92.46            ,92.46            ,      1008.621  ,                1 ,          267.2589 ,                   1 ,                4.2167 ,1.3909                  ,-32768               ,                        112.0211 ,               2.3217   , , , , ,
[2023-02-01T18:55:40.3835557] ,  1619.802  ,01-Feb-2023 18:52:36 ,                267.1263 ,          96.3236 ,             266.6343 ,             1009.2648 ,         251.8721 ,                 4.7566 ,              82.7187 ,          43.8239 ,-76.201            ,                6.5553  ,-1.6022                  ,5.5453                ,           83.02 ,     43.8239 ,-76.201       ,            283.7345 ,                    6.7482 ,         0 ,5.6743               ,93.2001          ,93.2001          ,      1007.9948 ,                1 ,          267.216  ,                   1 ,                4.5732 ,1.513                   ,-32768               ,                        117.5496 ,               2.324    , , , , ,
[2023-02-01T18:55:40.3878288] ,  1620.802  ,01-Feb-2023 18:52:37 ,                267.0971 ,          95.833  ,             266.5383 ,             1008.7607 ,         251.3587 ,                 5.3197 ,              87.4098 ,          43.8239 ,-76.2009           ,                9.5089  ,1.5545                   ,5.9538                ,           88.38 ,     43.8239 ,-76.2009      ,            260.7152 ,                    9.6351 ,         0 ,5.5453               ,93.4092          ,93.4092          ,      1007.4914 ,                1 ,          267.176  ,                   1 ,                4.9325 ,1.6339                  ,-32768               ,                        122.3632 ,               2.3081   , , , , ,
[2023-02-01T18:55:40.3910535] ,  1621.802  ,01-Feb-2023 18:52:38 ,                267.1302 ,          95.0431 ,             266.4629 ,             1008.3276 ,         251.4188 ,                 5.6832 ,              91.2978 ,          43.824  ,-76.2007           ,                9.2378  ,3.6535                   ,3.6008                ,           91.23 ,     43.824  ,-76.2008      ,            248.4215 ,                    9.934  ,         0 ,5.9538               ,93.0211          ,93.0211          ,      1007.0588 ,                1 ,          267.2081 ,                   1 ,                5.2929 ,1.753                   ,-32768               ,                        125.9768 ,               2.2957   , , , , ,
[2023-02-01T18:55:40.3942923] ,  1622.802  ,01-Feb-2023 18:52:39 ,                267.1271 ,          94.7284 ,             266.4164 ,             1007.8434 ,         251.5916 ,                 6.0038 ,              95.2511 ,          43.824  ,-76.2006           ,                9.9537  ,5.8142                   ,4.1077                ,           94.33 ,     43.824  ,-76.2006      ,            239.7099 ,                   11.5274 ,         0 ,3.6008               ,92.9337          ,92.9337          ,      1006.5753 ,                1 ,          267.2    ,                   1 ,                5.6525 ,1.8689                  ,-32768               ,                        129.6425 ,               2.2886   , , , , ,
[2023-02-01T18:55:40.3977469] ,  1623.802  ,01-Feb-2023 18:52:40 ,                267.1438 ,          94.9154 ,             266.4588 ,             1007.6045 ,         251.7404 ,                 6.3384 ,             100.1192 ,          43.824  ,-76.2006           ,                8.515   ,4.4347                   ,5.7587                ,           99.72 ,     43.824  ,-76.2005      ,            242.4889 ,                    9.6006 ,         0 ,4.1077               ,93.3898          ,93.3898          ,      1005.9182 ,                1 ,          267.225  ,                   1 ,                6.0091 ,1.98                    ,-32768               ,                        134.3982 ,               2.2967   , , , , ,
[2023-02-01T18:55:40.3992974] ,  1624.802  ,01-Feb-2023 18:52:41 ,                267.1147 ,          95.1762 ,             266.4658 ,             1006.5579 ,         251.854  ,                 6.6932 ,             105.9936 ,          43.824  ,-76.2005           ,                6.0899  ,1.524                    ,4.9858                ,          104.5  ,     43.824  ,-76.2005      ,            255.9506 ,                    6.2777 ,         0 ,5.7587               ,94.5812          ,94.5812          ,      1005.3084 ,                1 ,          267.1989 ,                   1 ,                6.3605 ,2.0847                  ,-32768               ,                        140.3693 ,               2.3003   , , , , ,
[2023-02-01T18:55:40.4007017] ,  1625.802  ,01-Feb-2023 18:52:42 ,                267.05   ,          95.4054 ,             266.4329 ,             1005.9442 ,         251.9685 ,                 7.0507 ,             112.2997 ,          43.824  ,-76.2004           ,                6.2199  ,-0.3386                  ,5.117                 ,          113.91 ,     43.824  ,-76.2004      ,            273.116  ,                    6.2291 ,         0 ,4.9858               ,95.1128          ,95.1128          ,      1004.972  ,                1 ,          267.133  ,                   1 ,                6.7045 ,2.1827                  ,-32768               ,                        147.5373 ,               2.2959   , , , , ,
[2023-02-01T18:55:40.4019627] ,  1626.802  ,01-Feb-2023 18:52:43 ,                267.0092 ,          95.8618 ,             266.4547 ,             1005.3034 ,         252.1067 ,                 7.3973 ,             117.7247 ,          43.8241 ,-76.2003           ,                6.1951  ,0.95614                  ,6.588                 ,          119.49 ,     43.824  ,-76.2003      ,            261.2264 ,                    6.2685 ,         0 ,5.117                ,95.4313          ,95.4313          ,      1004.069  ,                1 ,          267.0882 ,                   1 ,                7.0398 ,2.2728                  ,-32768               ,                        153.0591 ,               2.3012   , , , , ,
[2023-02-01T18:55:40.4031399] ,  1627.802  ,01-Feb-2023 18:52:44 ,                267.0006 ,          96.626  ,             266.5502 ,             1004.6327 ,         252.2657 ,                 7.7308 ,             122.0674 ,          43.8241 ,-76.2002           ,                9.023   ,3.2165                   ,7.0377                ,          121.19 ,     43.8241 ,-76.2002      ,            250.3799 ,                    9.5792 ,         0 ,6.588                ,96.3156          ,96.3156          ,      1003.454  ,                1 ,          267.0774 ,                   1 ,                7.3638 ,2.3549                  ,-32768               ,                        156.5952 ,               2.3197   , , , , ,
[2023-02-01T18:55:40.4049586] ,  1628.802  ,01-Feb-2023 18:52:45 ,                267.0011 ,          97.2184 ,             266.6308 ,             1003.933  ,         252.4437 ,                 8.0496 ,             126.5105 ,          43.8241 ,-76.2001           ,                9.2594  ,3.7399                   ,4.3754                ,          125.77 ,     43.8241 ,-76.2001      ,            248.0062 ,                    9.9862 ,         0 ,7.0377               ,96.4646          ,96.4646          ,      1002.8676 ,                1 ,          267.0819 ,                   1 ,                7.675  ,2.4282                  ,-32768               ,                        160.7351 ,               2.3358   , , , , ,
[2023-02-01T18:55:40.4064546] ,  1629.802  ,01-Feb-2023 18:52:46 ,                266.9588 ,          97.5043 ,             266.6271 ,             1003.2059 ,         252.6399 ,                 8.3519 ,             131.7083 ,          43.8242 ,-76.2              ,               10.0325  ,3.1358                   ,6.2868                ,          131    ,     43.8242 ,-76.1999      ,            252.6428 ,                   10.5111 ,         0 ,4.3754               ,96.7538          ,96.7538          ,      1002.0716 ,                1 ,          267.0438 ,                   1 ,                7.9723 ,2.492                   ,-32768               ,                        166.1044 ,               2.3368   , , , , ,
[2023-02-01T18:55:40.4080964] ,  1630.802  ,01-Feb-2023 18:52:47 ,                266.8889 ,          97.5842 ,             266.5681 ,             1002.4589 ,         252.8543 ,                 8.6369 ,             137.5825 ,          43.8242 ,-76.1998           ,                9.0787  ,2.4033                   ,6.3544                ,          137.77 ,     43.8242 ,-76.1998      ,            255.173  ,                    9.3914 ,         0 ,6.2868               ,97.5501          ,97.5501          ,      1001.3174 ,                1 ,          266.9772 ,                   1 ,                8.2536 ,2.5463                  ,-32768               ,                        172.301  ,               2.328    , , , , ,
[2023-02-01T18:55:40.4098065] ,  1631.802  ,01-Feb-2023 18:52:48 ,                266.8103 ,          97.4529 ,             266.4721 ,             1001.7005 ,         253.0881 ,                 8.9041 ,             143.4649 ,          43.8242 ,-76.1997           ,                9.2966  ,3.909                    ,5.1658                ,          143.89 ,     43.8242 ,-76.1997      ,            247.1944 ,                   10.085  ,         0 ,6.3544               ,97.7963          ,97.7963          ,      1000.3164 ,                1 ,          266.8989 ,                   1 ,                8.5192 ,2.5905                  ,-32768               ,                        178.4908 ,               2.3126   , , , , ,
[2023-02-01T18:55:40.4114198] ,  1632.802  ,01-Feb-2023 18:52:49 ,                266.7471 ,          97.4348 ,             266.4066 ,             1000.9368 ,         253.3427 ,                 9.1537 ,             148.8457 ,          43.8243 ,-76.1996           ,                7.2935  ,5.9865                   ,7.145                 ,          150.12 ,     43.8243 ,-76.1996      ,            230.6207 ,                    9.4357 ,         0 ,5.1658               ,96.9798          ,96.9798          ,       999.6248 ,                1 ,          266.8351 ,                   1 ,                8.7693 ,2.6243                  ,-32768               ,                        183.8813 ,               2.3027   , , , , ,
[2023-02-01T18:55:40.4127807] ,  1633.802  ,01-Feb-2023 18:52:50 ,                266.6761 ,          97.8873 ,             266.3964 ,             1000.1724 ,         253.6178 ,                 9.3862 ,             153.6222 ,          43.8243 ,-76.1995           ,                7.7062  ,7.199                    ,4.5932                ,          152.91 ,     43.8243 ,-76.1995      ,            226.9491 ,                   10.5457 ,         0 ,7.145                ,97.3205          ,97.3205          ,       998.9051 ,                1 ,          266.758  ,                   1 ,                9.0047 ,2.6476                  ,-32768               ,                        188.1375 ,               2.3027   , , , , ,
[2023-02-01T18:55:40.4142731] ,  1634.802  ,01-Feb-2023 18:52:51 ,                266.6418 ,          98.6351 ,             266.4617 ,              999.4117 ,         253.9104 ,                 9.6019 ,             158.6181 ,          43.8244 ,-76.1994           ,               10.5286  ,6.4279                   ,5.9636                ,          157.93 ,     43.8244 ,-76.1994      ,            238.595  ,                   12.3357 ,         0 ,4.5932               ,98.0764          ,98.0764          ,       998.0803 ,                1 ,          266.7236 ,                   1 ,                9.2256 ,2.6611                  ,-32768               ,                        192.9122 ,               2.3161   , , , , ,
[2023-02-01T18:55:40.4213323] ,  1635.802  ,01-Feb-2023 18:52:52 ,                266.6131 ,          99.1026 ,             266.495  ,              998.6535 ,         254.2158 ,                 9.801  ,             164.1333 ,          43.8244 ,-76.1992           ,               13.5363  ,3.919                    ,4.7786                ,          163.75 ,     43.8244 ,-76.1992      ,            253.8531 ,                   14.0922 ,         0 ,5.9636               ,98.6244          ,98.6244          ,       997.4822 ,                1 ,          266.6963 ,                   1 ,                9.4319 ,2.6657                  ,-32768               ,                        198.7737 ,               2.3238   , , , , ,
[2023-02-01T18:55:40.4226284] ,  1636.802  ,01-Feb-2023 18:52:53 ,                266.5513 ,          99.3332 ,             266.4636 ,              997.8918 ,         254.5294 ,                 9.9834 ,             169.9956 ,          43.8245 ,-76.1991           ,               12.2383  ,2.4776                   ,5.9643                ,          171.02 ,     43.8245 ,-76.1991      ,            258.5554 ,                   12.4866 ,         0 ,4.7786               ,99.0542          ,99.0542          ,       996.517  ,                1 ,          266.6334 ,                   1 ,                9.6224 ,2.6629                  ,-32768               ,                        204.9898 ,               2.32     , , , , ,
[2023-02-01T18:55:40.4239127] ,  1637.802  ,01-Feb-2023 18:52:54 ,                266.4933 ,          99.615  ,             266.4427 ,              997.122  ,         254.8489 ,                10.1498 ,             175.7181 ,          43.8245 ,-76.1989           ,               10.283   ,5.005                    ,7.03                  ,          175.52 ,     43.8245 ,-76.1989      ,            244.0469 ,                   11.4364 ,         0 ,5.9643               ,99.7495          ,99.7495          ,       995.9451 ,                1 ,          266.5747 ,                   1 ,                9.7971 ,2.6529                  ,-32768               ,                        210.5799 ,               2.318    , , , , ,
[2023-02-01T18:55:40.4260881] ,  1638.802  ,01-Feb-2023 18:52:55 ,                266.4531 ,         100      ,             266.4531 ,              996.3395 ,         255.1737 ,                10.3012 ,             181.451  ,          43.8245 ,-76.1988           ,               11.4523  ,2.9527                   ,6.4499                ,          181.88 ,     43.8245 ,-76.1988      ,            255.5423 ,                   11.8268 ,         0 ,7.03                 ,100.2861         ,100.2861         ,       995.35   ,                1 ,          266.5348 ,                   1 ,                9.9579 ,2.6359                  ,-32768               ,                        216.0476 ,               2.3217   , , , , ,
[2023-02-01T18:55:40.4273842] ,  1639.802  ,01-Feb-2023 18:52:56 ,                266.4072 ,         100      ,             266.4072 ,              995.5411 ,         255.5027 ,                10.439  ,             187.4039 ,          43.8245 ,-76.1986           ,               13.1247  ,0.96239                  ,5.5714                ,          185.9  ,     43.8245 ,-76.1986      ,            265.8062 ,                   13.1599 ,         0 ,6.4499               ,100.0842         ,100.0842         ,       994.3999 ,                1 ,          266.4888 ,                   1 ,               10.1065 ,2.6132                  ,-32768               ,                        221.7658 ,               2.3154   , , , , ,
[2023-02-01T18:55:40.4288909] ,  1640.802  ,01-Feb-2023 18:52:57 ,                266.3506 ,         100      ,             266.3506 ,              994.7272 ,         255.8346 ,                10.5646 ,             193.7361 ,          43.8245 ,-76.1985           ,               10.2848  ,1.5833                   ,7.5349                ,          194.74 ,     43.8245 ,-76.1985      ,            261.2482 ,                   10.406  ,         0 ,5.5714               ,100.5366         ,100.5366         ,       993.4409 ,                1 ,          266.432  ,                   1 ,               10.2433 ,2.5853                  ,-32768               ,                        228.5852 ,               2.3072   , , , , ,
[2023-02-01T18:55:40.4302549] ,  1641.802  ,01-Feb-2023 18:52:58 ,                266.298  ,         100      ,             266.298  ,              993.9025 ,         256.1676 ,                10.6794 ,             200.0489 ,          43.8246 ,-76.1984           ,                9.3903  ,2.8478                   ,6.7684                ,          200.16 ,     43.8246 ,-76.1984      ,            253.129  ,                    9.8126 ,         0 ,7.5349               ,101.1831         ,101.1831         ,       992.5818 ,                1 ,          266.3802 ,                   1 ,               10.3696 ,2.5531                  ,-32768               ,                        235.0226 ,               2.2998   , , , , ,
[2023-02-01T18:55:40.4316174] ,  1642.802  ,01-Feb-2023 18:52:59 ,                266.2433 ,         100      ,             266.2432 ,              993.0701 ,         256.5002 ,                10.7848 ,             206.2338 ,          43.8246 ,-76.1982           ,               11.7542  ,0.47402                  ,6.1188                ,          206.74 ,     43.8246 ,-76.1982      ,            267.6906 ,                   11.7637 ,         0 ,6.7684               ,101.2148         ,101.2148         ,       991.99   ,                1 ,          266.3255 ,                   1 ,               10.4865 ,2.5175                  ,-32768               ,                        241.039  ,               2.292    , , , , ,
[2023-02-01T18:55:40.4329246] ,  1643.802  ,01-Feb-2023 18:53:00 ,                266.1827 ,         100      ,             266.1827 ,              992.2345 ,         256.8307 ,                10.882  ,             212.5525 ,          43.8246 ,-76.1981           ,               11.2469  ,-1.4453                  ,5.7832                ,          211.86 ,     43.8246 ,-76.1981      ,            277.3225 ,                   11.3394 ,         0 ,6.1188               ,100.6134         ,100.6134         ,       990.9035 ,                1 ,          266.2637 ,                   1 ,               10.5953 ,2.4794                  ,-32768               ,                        246.8674 ,               2.2832   , , , , ,
[2023-02-01T18:55:40.4341855] ,  1644.802  ,01-Feb-2023 18:53:01 ,                266.1299 ,         100      ,             266.1299 ,              991.4004 ,         257.1577 ,                10.972  ,             219.3837 ,          43.8246 ,-76.198            ,               10.1317  ,-1.3464                  ,6.8408                ,          218.03 ,     43.8246 ,-76.198       ,            277.5696 ,                   10.2208 ,         0 ,5.7832               ,100.8402         ,100.8402         ,       990.0421 ,                1 ,          266.2103 ,                   1 ,               10.6974 ,2.4388                  ,-32768               ,                        253.7273 ,               2.2759   , , , , ,
[2023-02-01T18:55:40.4355575] ,  1645.802  ,01-Feb-2023 18:53:02 ,                266.0845 ,         100      ,             266.0845 ,              990.567  ,         257.478  ,                11.0558 ,             226.6498 ,          43.8246 ,-76.1979           ,                8.7203  ,0.24338                  ,9.6289                ,          228.27 ,     43.8246 ,-76.1979      ,            268.4013 ,                    8.7237 ,         0 ,6.8408               ,100.8793         ,100.8793         ,       989.3408 ,                1 ,          266.1645 ,                   1 ,               10.7929 ,2.3969                  ,-32768               ,                        261.7097 ,               2.2698   , , , , ,
[2023-02-01T18:55:40.4368745] ,  1646.802  ,01-Feb-2023 18:53:03 ,                266.0319 ,         100      ,             266.0319 ,              989.7333 ,         257.7883 ,                11.1341 ,             233.5209 ,          43.8246 ,-76.1977           ,               10.1042  ,2.5308                   ,8.083                 ,          233.77 ,     43.8246 ,-76.1977      ,            255.9386 ,                   10.4163 ,         0 ,9.6289               ,102.1216         ,102.1216         ,       988.4255 ,                1 ,          266.11   ,                   1 ,               10.8821 ,2.3547                  ,-32768               ,                        268.4948 ,               2.2625   , , , , ,
[2023-02-01T18:55:40.4389054] ,  1647.802  ,01-Feb-2023 18:53:04 ,                265.9933 ,         100      ,             265.9933 ,              988.8997 ,         258.0861 ,                11.2076 ,             239.9693 ,          43.8246 ,-76.1976           ,                8.9302  ,2.3334                   ,7.0024                ,          240.1  ,     43.8246 ,-76.1976      ,            255.3566 ,                    9.23   ,         0 ,8.083                ,103.1958         ,103.1958         ,       987.7388 ,                1 ,          266.0724 ,                   1 ,               10.966  ,2.3133                  ,-32768               ,                        274.4413 ,               2.2577   , , , , ,
[2023-02-01T18:55:40.4402643] ,  1648.802  ,01-Feb-2023 18:53:05 ,                265.949  ,         100      ,             265.949  ,              988.0635 ,         258.3704 ,                11.2772 ,             246.4538 ,          43.8246 ,-76.1975           ,                7.1675  ,1.5226                   ,5.9716                ,          244.91 ,     43.8246 ,-76.1975      ,            258.0068 ,                    7.3275 ,         0 ,7.0024               ,102.7094         ,102.7094         ,       987.0974 ,                1 ,          266.0276 ,                   1 ,               11.0455 ,2.2731                  ,-32768               ,                        280.6388 ,               2.2519   , , , , ,
[2023-02-01T18:55:40.4416516] ,  1649.802  ,01-Feb-2023 18:53:06 ,                265.8996 ,         100      ,             265.8996 ,              987.2269 ,         258.6418 ,                11.3435 ,             253.3277 ,          43.8246 ,-76.1974           ,               10.1372  ,2.1823                   ,7.635                 ,          253.9  ,     43.8246 ,-76.1974      ,            257.851  ,                   10.3694 ,         0 ,5.9716               ,103.0728         ,103.0728         ,       985.8875 ,                1 ,          265.9781 ,                   1 ,               11.1213 ,2.2342                  ,-32768               ,                        288.0384 ,               2.2452   , , , , ,
[2023-02-01T18:55:40.4430501] ,  1650.802  ,01-Feb-2023 18:53:07 ,                265.8598 ,         100      ,             265.8598 ,              986.3947 ,         258.9009 ,                11.4069 ,             259.9837 ,          43.8247 ,-76.1972           ,               13.3805  ,4.075                    ,7.1617                ,          260.93 ,     43.8247 ,-76.1972      ,            253.0622 ,                   13.9873 ,         0 ,7.635                ,101.9873         ,101.9873         ,       984.9523 ,                1 ,          265.9399 ,                   1 ,               11.1936 ,2.1962                  ,-32768               ,                        294.9212 ,               2.2402   , , , , ,
[2023-02-01T18:55:40.4444109] ,  1651.802  ,01-Feb-2023 18:53:08 ,                265.8082 ,         100      ,             265.8082 ,              985.5712 ,         259.1478 ,                11.4679 ,             266.1446 ,          43.8247 ,-76.1971           ,               12.6216  ,4.9092                   ,6.1982                ,          265.67 ,     43.8247 ,-76.1971      ,            248.7465 ,                   13.5427 ,         0 ,7.1617               ,100.661          ,100.661          ,       984.1778 ,                1 ,          265.887  ,                   1 ,               11.2628 ,2.1591                  ,-32768               ,                        300.7274 ,               2.2331   , , , , ,
[2023-02-01T18:55:40.4457959] ,  1652.802  ,01-Feb-2023 18:53:09 ,                265.7596 ,         100      ,             265.7596 ,              984.7535 ,         259.3814 ,                11.527  ,             272.1207 ,          43.8247 ,-76.197            ,               11.4315  ,3.4542                   ,7.0349                ,          272.14 ,     43.8247 ,-76.1969      ,            253.187  ,                   11.942  ,         0 ,6.1982               ,100.6044         ,100.6044         ,       983.4908 ,                1 ,          265.8372 ,                   1 ,               11.3298 ,2.1239                  ,-32768               ,                        306.7227 ,               2.2266   , , , , ,
[2023-02-01T18:55:40.4471260] ,  1653.802  ,01-Feb-2023 18:53:10 ,                265.728  ,         100      ,             265.728  ,              983.9387 ,         259.6004 ,                11.5849 ,             278.1225 ,          43.8248 ,-76.1968           ,                8.9874  ,2.2652                   ,6.3447                ,          278.33 ,     43.8248 ,-76.1968      ,            255.8534 ,                    9.2685 ,         0 ,7.0349               ,100.8476         ,100.8476         ,       982.7249 ,                1 ,          265.8066 ,                   1 ,               11.3946 ,2.0915                  ,-32768               ,                        312.8148 ,               2.223    , , , , ,
[2023-02-01T18:55:40.4486165] ,  1654.802  ,01-Feb-2023 18:53:11 ,                265.69   ,         100      ,             265.69   ,              983.1202 ,         259.8039 ,                11.6426 ,             284.3102 ,          43.8248 ,-76.1967           ,               10.985   ,1.9636                   ,6.2625                ,          283.88 ,     43.8248 ,-76.1967      ,            259.8654 ,                   11.1591 ,         0 ,6.3447               ,102.2225         ,102.2225         ,       982.131  ,                1 ,          265.7699 ,                   1 ,               11.4579 ,2.0614                  ,-32768               ,                        318.9037 ,               2.2183   , , , , ,
[2023-02-01T18:55:40.4499999] ,  1655.802  ,01-Feb-2023 18:53:12 ,                265.6347 ,         100      ,             265.6347 ,              982.2903 ,         259.9895 ,                11.7008 ,             290.9407 ,          43.8248 ,-76.1965           ,               13.0856  ,2.567                    ,6.7429                ,          290.91 ,     43.8248 ,-76.1965      ,            258.9014 ,                   13.335  ,         0 ,6.2625               ,102.3478         ,102.3478         ,       981.0836 ,                1 ,          265.7144 ,                   1 ,               11.5223 ,2.0332                  ,-32768               ,                        325.5168 ,               2.2107   , , , , ,
[2023-02-01T18:55:40.4521516] ,  1656.802  ,01-Feb-2023 18:53:13 ,                265.5852 ,         100      ,             265.5852 ,              981.4458 ,         260.1536 ,                11.76   ,             297.972  ,          43.8248 ,-76.1963           ,               14.2884  ,1.9784                   ,7.0968                ,          297.6  ,     43.8248 ,-76.1964      ,            262.117  ,                   14.4247 ,         0 ,6.7429               ,101.9634         ,101.9634         ,       980.1898 ,                1 ,          265.6654 ,                   1 ,               11.587  ,2.0104                  ,-32768               ,                        332.5835 ,               2.2041   , , , , ,
[2023-02-01T18:55:40.4536199] ,  1657.802  ,01-Feb-2023 18:53:14 ,                265.5391 ,         100      ,             265.5391 ,              980.5884 ,         260.2953 ,                11.82   ,             305.189  ,          43.8248 ,-76.1962           ,               14.1503  ,1.7165                   ,7.5655                ,          305.71 ,     43.8248 ,-76.1962      ,            263.0835 ,                   14.254  ,         0 ,7.0968               ,101.6482         ,101.6482         ,       979.5331 ,                1 ,          265.6199 ,                   1 ,               11.651  ,1.9921                  ,-32768               ,                        339.9864 ,               2.1982   , , , , ,
[2023-02-01T18:55:40.4552696] ,  1658.802  ,01-Feb-2023 18:53:15 ,                265.4906 ,         100      ,             265.4906 ,              979.7189 ,         260.4168 ,                11.8806 ,             312.3072 ,          43.8249 ,-76.196            ,               13.9478  ,2.0247                   ,7.7611                ,          312.41 ,     43.8249 ,-76.196       ,            261.7403 ,                   14.094  ,         0 ,7.5655               ,101.1766         ,101.1766         ,       978.5739 ,                1 ,          265.573  ,                   1 ,               11.715  ,1.9781                  ,-32768               ,                        347.086  ,               2.1919   , , , , ,
[2023-02-01T18:55:40.4566945] ,  1659.802  ,01-Feb-2023 18:53:16 ,                265.4279 ,         100      ,             265.4279 ,              978.8392 ,         260.5221 ,                11.9417 ,             319.2487 ,          43.8249 ,-76.1958           ,               13.2219  ,2.9864                   ,7.1636                ,          319.48 ,     43.8249 ,-76.1958      ,            257.2722 ,                   13.5549 ,         0 ,7.7611               ,101.5419         ,101.5419         ,       977.4123 ,                1 ,          265.51   ,                   1 ,               11.7789 ,1.9673                  ,-32768               ,                        353.9296 ,               2.1832   , , , , ,
[2023-02-01T18:55:40.4581150] ,  1660.802  ,01-Feb-2023 18:53:17 ,                265.367  ,         100      ,             265.367  ,              977.9493 ,         260.614  ,                12.0037 ,             326.2298 ,          43.8249 ,-76.1957           ,               12.6039  ,3.0974                   ,7.1222                ,          325.82 ,     43.8249 ,-76.1957      ,            256.1933 ,                   12.979  ,         0 ,7.1636               ,101.8669         ,101.8669         ,       976.7448 ,                1 ,          265.4483 ,                   1 ,               11.8429 ,1.9586                  ,-32768               ,                        360.7218 ,               2.1749   , , , , ,
[2023-02-01T18:55:40.4596636] ,  1661.802  ,01-Feb-2023 18:53:18 ,                265.318  ,         100      ,             265.318  ,              977.0486 ,         260.6919 ,                12.0669 ,             333.4991 ,          43.8249 ,-76.1955           ,               11.2435  ,2.8857                   ,6.6884                ,          333.12 ,     43.8249 ,-76.1955      ,            255.6053 ,                   11.6079 ,         0 ,7.1222               ,101.5848         ,101.5848         ,       975.9154 ,                1 ,          265.3985 ,                   1 ,               11.9081 ,1.9517                  ,-32768               ,                        368.0592 ,               2.1686   , , , , ,
[2023-02-01T18:55:40.4611742] ,  1662.802  ,01-Feb-2023 18:53:19 ,                265.2711 ,         100      ,             265.271  ,              976.1324 ,         260.7511 ,                12.132  ,             341.0025 ,          43.825  ,-76.1954           ,               10.9403  ,2.1083                   ,6.6251                ,          341.68 ,     43.825  ,-76.1954      ,            259.0922 ,                   11.1415 ,         0 ,6.6884               ,101.3847         ,101.3847         ,       974.9619 ,                1 ,          265.3507 ,                   1 ,               11.9738 ,1.9492                  ,-32768               ,                        375.7581 ,               2.1627   , , , , ,
[2023-02-01T18:55:40.4626721] ,  1663.802  ,01-Feb-2023 18:53:20 ,                265.2263 ,         100      ,             265.2263 ,              975.2014 ,         260.7872 ,                12.1996 ,             348.5701 ,          43.825  ,-76.1953           ,               10.9939  ,1.0211                   ,6.1426                ,          348    ,     43.825  ,-76.1953      ,            264.6938 ,                   11.0412 ,         0 ,6.6251               ,101.3472         ,101.3472         ,       974.0744 ,                1 ,          265.3061 ,                   1 ,               12.0424 ,1.9528                  ,-32768               ,                        383.205  ,               2.1573   , , , , ,
[2023-02-01T18:55:40.4649594] ,  1664.802  ,01-Feb-2023 18:53:21 ,                265.1768 ,         100      ,             265.1768 ,              974.2507 ,         260.7985 ,                12.2698 ,             356.2292 ,          43.825  ,-76.1951           ,               10.9496  ,0.67694                  ,6.9414                ,          356.84 ,     43.825  ,-76.1951      ,            266.4623 ,                   10.9705 ,         0 ,6.1426               ,101.7653         ,101.7653         ,       973.2098 ,                1 ,          265.2561 ,                   1 ,               12.1119 ,1.9622                  ,-32768               ,                        390.9098 ,               2.1511   , , , , ,
[2023-02-01T18:55:40.4667216] ,  1665.802  ,01-Feb-2023 18:53:22 ,                265.1324 ,         100      ,             265.1324 ,              973.2842 ,         260.7846 ,                12.3429 ,             363.9036 ,          43.825  ,-76.195            ,               13.3317  ,-0.38443                 ,8.0741                ,          363.45 ,     43.825  ,-76.195       ,            271.6517 ,                   13.3373 ,         0 ,6.9414               ,102.247          ,102.247          ,       972.2684 ,                1 ,          265.2115 ,                   1 ,               12.1836 ,1.9769                  ,-32768               ,                        398.3367 ,               2.1458   , , , , ,
[2023-02-01T18:55:40.4682923] ,  1666.802  ,01-Feb-2023 18:53:23 ,                265.0841 ,         100      ,             265.0841 ,              972.3152 ,         260.745  ,                12.4191 ,             371.6477 ,          43.825  ,-76.1948           ,               14.0198  ,-0.29836                 ,7.9436                ,          371.13 ,     43.825  ,-76.1948      ,            271.2191 ,                   14.0229 ,         0 ,8.0741               ,102.4316         ,102.4316         ,       971.127  ,                1 ,          265.161  ,                   1 ,               12.2571 ,1.9972                  ,-32768               ,                        406.0992 ,               2.1399   , , , , ,
[2023-02-01T18:55:40.4697784] ,  1667.802  ,01-Feb-2023 18:53:24 ,                265.0543 ,         100      ,             265.0543 ,              971.3575 ,         260.6787 ,                12.4984 ,             379.2941 ,          43.825  ,-76.1946           ,               13.452   ,0.3799                   ,8.2738                ,          380.28 ,     43.825  ,-76.1946      ,            268.3823 ,                   13.4573 ,         0 ,7.9436               ,102.0142         ,102.0142         ,       969.8059 ,                1 ,          265.1303 ,                   1 ,               12.3336 ,2.0239                  ,-32768               ,                        414.1104 ,               2.137    , , , , ,
[2023-02-01T18:55:40.4712570] ,  1668.802  ,01-Feb-2023 18:53:25 ,                265.0239 ,         100      ,             265.0239 ,              970.4229 ,         260.5856 ,                12.5812 ,             386.4632 ,          43.825  ,-76.1945           ,               11.3484  ,1.9107                   ,8.5162                ,          386.46 ,     43.825  ,-76.1945      ,            260.443  ,                   11.5081 ,         0 ,8.2738               ,101.1649         ,101.1649         ,       968.8116 ,                1 ,          265.0971 ,                   1 ,               12.4117 ,2.0578                  ,-32768               ,                        421.2427 ,               2.134    , , , , ,
[2023-02-01T18:55:40.4727091] ,  1669.802  ,01-Feb-2023 18:53:26 ,                265.0076 ,         100      ,             265.0076 ,              969.5196 ,         260.467  ,                12.6673 ,             393.307  ,          43.825  ,-76.1944           ,                8.5998  ,2.996                    ,6.0529                ,          393.74 ,     43.825  ,-76.1944      ,            250.7926 ,                    9.1067 ,         0 ,8.5162               ,101.9193         ,101.9193         ,       967.9581 ,                1 ,          265.0827 ,                   1 ,               12.492  ,2.098                   ,-32768               ,                        427.8752 ,               2.1333   , , , , ,
[2023-02-01T18:55:40.4741071] ,  1670.802  ,01-Feb-2023 18:53:27 ,                264.9921 ,         100      ,             264.9921 ,              968.6465 ,         260.3251 ,                12.7569 ,             400.2061 ,          43.825  ,-76.1943           ,                6.9327  ,3.1124                   ,5.8306                ,          399.02 ,     43.825  ,-76.1943      ,            245.8225 ,                    7.5993 ,         0 ,6.0529               ,101.548          ,101.548          ,       967.698  ,                1 ,          265.0704 ,                   1 ,               12.5748 ,2.1444                  ,-32768               ,                        434.4117 ,               2.1327   , , , , ,
[2023-02-01T18:55:40.4757252] ,  1671.802  ,01-Feb-2023 18:53:28 ,                264.9322 ,         100      ,             264.9322 ,              967.7986 ,         260.1617 ,                12.8495 ,             407.5998 ,          43.8251 ,-76.1942           ,                8.5753  ,1.6424                   ,7.5619                ,          407.3  ,     43.8251 ,-76.1942      ,            259.1578 ,                    8.7312 ,         0 ,5.8306               ,100.7688         ,100.7688         ,       966.6246 ,                1 ,          265.0078 ,                   1 ,               12.6608 ,2.1956                  ,-32768               ,                        442.0065 ,               2.1246   , , , , ,
[2023-02-01T18:55:40.4780942] ,  1672.802  ,01-Feb-2023 18:53:29 ,                264.9086 ,         100      ,             264.9086 ,              966.9657 ,         259.9764 ,                12.9443 ,             415.2171 ,          43.8251 ,-76.194            ,               11.8831  ,0.94922                  ,7.4059                ,          415.88 ,     43.8251 ,-76.194       ,            265.4329 ,                   11.9209 ,         0 ,7.5619               ,101.0691         ,101.0691         ,       965.6078 ,                1 ,          264.9872 ,                   1 ,               12.7472 ,2.2524                  ,-32768               ,                        449.9905 ,               2.1225   , , , , ,
[2023-02-01T18:55:40.4796175] ,  1673.802  ,01-Feb-2023 18:53:30 ,                264.8757 ,         100      ,             264.8757 ,              966.1439 ,         259.7689 ,                13.0408 ,             422.4724 ,          43.8251 ,-76.1939           ,               13.4614  ,1.3089                   ,6.3532                ,          422.78 ,     43.8251 ,-76.1939      ,            264.4466 ,                   13.5249 ,         0 ,7.4059               ,101.5318         ,101.5318         ,       964.8889 ,                1 ,          264.9522 ,                   1 ,               12.8331 ,2.3165                  ,-32768               ,                        457.1618 ,               2.1189   , , , , ,
[2023-02-01T18:55:40.4811952] ,  1674.802  ,01-Feb-2023 18:53:31 ,                264.8482 ,         100      ,             264.8482 ,              965.3298 ,         259.5409 ,                13.1385 ,             429.1721 ,          43.8251 ,-76.1937           ,               13.666   ,0.95191                  ,7.2399                ,          429.14 ,     43.8251 ,-76.1937      ,            266.0155 ,                   13.6991 ,         0 ,6.3532               ,101.1915         ,101.1915         ,       963.9879 ,                1 ,          264.9243 ,                   1 ,               12.9198 ,2.3854                  ,-32768               ,                        463.6062 ,               2.1161   , , , , ,
[2023-02-01T18:55:40.4827773] ,  1675.802  ,01-Feb-2023 18:53:32 ,                264.8248 ,         100      ,             264.8248 ,              964.5184 ,         259.2935 ,                13.2368 ,             435.4577 ,          43.8251 ,-76.1935           ,               14.5986  ,1.4178                   ,6.1724                ,          435.03 ,     43.8251 ,-76.1935      ,            264.4528 ,                   14.6673 ,         0 ,7.2399               ,102.7048         ,102.7048         ,       963.3156 ,                1 ,          264.9008 ,                   1 ,               13.0071 ,2.4586                  ,-32768               ,                        469.8747 ,               2.1141   , , , , ,
[2023-02-01T18:55:40.4843531] ,  1676.802  ,01-Feb-2023 18:53:33 ,                264.8113 ,         100      ,             264.8113 ,              963.7015 ,         259.0271 ,                13.3351 ,             441.4558 ,          43.8251 ,-76.1933           ,               15.2547  ,1.6433                   ,5.7681                ,          442.06 ,     43.8251 ,-76.1933      ,            263.8515 ,                   15.343  ,         0 ,6.1724               ,101.8324         ,101.8324         ,       962.6862 ,                1 ,          264.8949 ,                   1 ,               13.0915 ,2.5375                  ,-32768               ,                        476.1522 ,               2.1136   , , , , ,
[2023-02-01T18:55:40.4858866] ,  1677.802  ,01-Feb-2023 18:53:34 ,                264.7588 ,         100      ,             264.7588 ,              962.8785 ,         258.7443 ,                13.4329 ,             447.0862 ,          43.8251 ,-76.1931           ,               15.4249  ,1.8474                   ,6.0068                ,          447.28 ,     43.8251 ,-76.1931      ,            263.1705 ,                   15.5352 ,         0 ,5.7681               ,101.3798         ,101.3798         ,       961.7685 ,                1 ,          264.8546 ,                   1 ,               13.1736 ,2.6222                  ,-32768               ,                        481.7442 ,               2.1068   , , , , ,
[2023-02-01T18:55:40.4874111] ,  1678.802  ,01-Feb-2023 18:53:35 ,                264.6388 ,         100      ,             264.6388 ,              962.0465 ,         258.4501 ,                13.5297 ,             452.6441 ,          43.8251 ,-76.193            ,               14.8132  ,2.1774                   ,5.847                 ,          452.14 ,     43.8251 ,-76.1929      ,            261.638  ,                   14.9723 ,         0 ,6.0068               ,101.4462         ,101.4462         ,       961.0103 ,                1 ,          264.7389 ,                   1 ,               13.2553 ,2.7097                  ,-32768               ,                        487.0986 ,               2.0889   , , , , ,
[2023-02-01T18:55:40.4889785] ,  1679.802  ,01-Feb-2023 18:53:36 ,                264.4732 ,         100      ,             264.4732 ,              961.2122 ,         258.1482 ,                13.6245 ,             458.5981 ,          43.8252 ,-76.1928           ,               13.3432  ,3.6778                   ,6.0648                ,          458.37 ,     43.8252 ,-76.1928      ,            254.5901 ,                   13.8407 ,         0 ,5.847                ,102.2995         ,102.2995         ,       959.6569 ,                1 ,          264.56   ,                   1 ,               13.3344 ,2.7986                  ,-32768               ,                        493.0957 ,               2.0638   , , , , ,
[2023-02-01T18:55:40.4912409] ,  1680.802  ,01-Feb-2023 18:53:37 ,                264.45   ,         100      ,             264.45   ,              960.3776 ,         257.8392 ,                13.7157 ,             464.9986 ,          43.8252 ,-76.1926           ,               13.1073  ,4.4725                   ,6.6042                ,          465.05 ,     43.8252 ,-76.1926      ,            251.1591 ,                   13.8494 ,         0 ,6.0648               ,102.6913         ,102.6913         ,       959.0193 ,                1 ,          264.5324 ,                   1 ,               13.4083 ,2.8889                  ,-32768               ,                        499.5943 ,               2.0619   , , , , ,
[2023-02-01T18:55:40.4929178] ,  1681.802  ,01-Feb-2023 18:53:38 ,                264.4569 ,         100      ,             264.4569 ,              959.5421 ,         257.5229 ,                13.8022 ,             471.6813 ,          43.8253 ,-76.1924           ,               14.0635  ,4.5702                   ,6.2118                ,          471.55 ,     43.8253 ,-76.1924      ,            251.9975 ,                   14.7874 ,         0 ,6.6042               ,102.1562         ,102.1562         ,       958.5297 ,                1 ,          264.5289 ,                   1 ,               13.4762 ,2.9815                  ,-32768               ,                        506.2914 ,               2.0648   , , , , ,
[2023-02-01T18:55:40.4946801] ,  1682.802  ,01-Feb-2023 18:53:39 ,                264.4689 ,         100      ,             264.4689 ,              958.7065 ,         257.2002 ,                13.8831 ,             478.5283 ,          43.8253 ,-76.1923           ,               14.4085  ,3.5848                   ,6.7701                ,          478.66 ,     43.8253 ,-76.1923      ,            256.0287 ,                   14.8478 ,         0 ,6.2118               ,101.8846         ,101.8846         ,       957.7843 ,                1 ,          264.5384 ,                   1 ,               13.5387 ,3.0758                  ,-32768               ,                        513.2703 ,               2.0686   , , , , ,
[2023-02-01T18:55:40.4962637] ,  1683.802  ,01-Feb-2023 18:53:40 ,                264.4957 ,         100      ,             264.4957 ,              957.8716 ,         256.8734 ,                13.9574 ,             485.3518 ,          43.8253 ,-76.1921           ,               14.3765  ,2.5419                   ,6.9671                ,          486.05 ,     43.8253 ,-76.1921      ,            259.9733 ,                   14.5995 ,         0 ,6.7701               ,101.4935         ,101.4935         ,       956.4812 ,                1 ,          264.5698 ,                   1 ,               13.5933 ,3.17                    ,-32768               ,                        520.1119 ,               2.0747   , , , , ,
[2023-02-01T18:55:40.4978451] ,  1684.802  ,01-Feb-2023 18:53:41 ,                264.4849 ,         100      ,             264.4849 ,              957.0417 ,         256.5455 ,                14.0247 ,             492.129  ,          43.8253 ,-76.1919           ,               13.8581  ,2.3045                   ,5.1328                ,          491.49 ,     43.8253 ,-76.1919      ,            260.5587 ,                   14.0484 ,         0 ,6.9671               ,102.435          ,102.435          ,       955.821  ,                1 ,          264.5642 ,                   1 ,               13.6391 ,3.2631                  ,-32768               ,                        526.4771 ,               2.0748   , , , , ,
[2023-02-01T18:55:40.4994686] ,  1685.802  ,01-Feb-2023 18:53:42 ,                264.444  ,         100      ,             264.444  ,              956.2209 ,         256.219  ,                14.085  ,             499.1672 ,          43.8254 ,-76.1917           ,               14.3166  ,3.2782                   ,7.0022                ,          498.48 ,     43.8254 ,-76.1917      ,            257.1028 ,                   14.6871 ,         0 ,5.1328               ,101.3808         ,101.3808         ,       954.7611 ,                1 ,          264.5321 ,                   1 ,               13.6786 ,3.3551                  ,-32768               ,                        533.475  ,               2.0699   , , , , ,
[2023-02-01T18:55:40.5012254] ,  1686.802  ,01-Feb-2023 18:53:43 ,                264.368  ,         100      ,             264.368  ,              955.4072 ,         255.8962 ,                14.1376 ,             506.4736 ,          43.8254 ,-76.1916           ,               14.3384  ,5.05                     ,6.6384                ,          507.03 ,     43.8254 ,-76.1916      ,            250.5976 ,                   15.2017 ,         0 ,7.0022               ,101.5695         ,101.5695         ,       954.1113 ,                1 ,          264.4607 ,                   1 ,               13.7116 ,3.4453                  ,-32768               ,                        541.1616 ,               2.0594   , , , , ,
[2023-02-01T18:55:40.5029268] ,  1687.802  ,01-Feb-2023 18:53:44 ,                264.2661 ,         100      ,             264.2661 ,              954.6011 ,         255.5793 ,                14.1811 ,             513.4447 ,          43.8254 ,-76.1914           ,               13.6767  ,5.4562                   ,6.666                 ,          514.04 ,     43.8254 ,-76.1914      ,            248.2511 ,                   14.7249 ,         0 ,6.6384               ,103.1889         ,103.1889         ,       953.5621 ,                1 ,          264.3553 ,                   1 ,               13.7351 ,3.5323                  ,-32768               ,                        548.2342 ,               2.0447   , , , , ,
[2023-02-01T18:55:40.5056880] ,  1688.802  ,01-Feb-2023 18:53:45 ,                264.2056 ,         100      ,             264.2056 ,              953.7962 ,         255.2693 ,                14.2142 ,             519.9024 ,          43.8255 ,-76.1912           ,               13.5906  ,5.5334                   ,6.5203                ,          519.96 ,     43.8255 ,-76.1912      ,            247.8466 ,                   14.6739 ,         0 ,6.666                ,103.4508         ,103.4508         ,       952.7362 ,                1 ,          264.2903 ,                   1 ,               13.7482 ,3.6148                  ,-32768               ,                        554.4117 ,               2.0368   , , , , ,
[2023-02-01T18:55:40.5073938] ,  1689.802  ,01-Feb-2023 18:53:46 ,                264.1766 ,         100      ,             264.1766 ,              952.9872 ,         254.9658 ,                14.2368 ,             526.1488 ,          43.8255 ,-76.191            ,               13.9133  ,5.3003                   ,6.7339                ,          525.41 ,     43.8256 ,-76.1911      ,            249.1456 ,                   14.8887 ,         0 ,6.5203               ,102.9253         ,102.9253         ,       951.7485 ,                1 ,          264.2578 ,                   1 ,               13.7495 ,3.693                   ,-32768               ,                        560.5635 ,               2.0339   , , , , ,
[2023-02-01T18:55:40.5089925] ,  1690.802  ,01-Feb-2023 18:53:47 ,                264.1554 ,         100      ,             264.1554 ,              952.1771 ,         254.6683 ,                14.2494 ,             532.5469 ,          43.8256 ,-76.1909           ,               14.219   ,4.4593                   ,6.7512                ,          533.33 ,     43.8256 ,-76.1909      ,            252.5878 ,                   14.9018 ,         0 ,6.7339               ,101.7609         ,101.7609         ,       950.848  ,                1 ,          264.2489 ,                   1 ,               13.7417 ,3.7674                  ,-32768               ,                        567.1435 ,               2.0322   , , , , ,
[2023-02-01T18:55:40.5111154] ,  1691.802  ,01-Feb-2023 18:53:48 ,                264.0925 ,         100      ,             264.0925 ,              951.3679 ,         254.3763 ,                14.2529 ,             539.0494 ,          43.8256 ,-76.1907           ,               14.8435  ,2.6409                   ,6.5325                ,          538.19 ,     43.8256 ,-76.1907      ,            259.9118 ,                   15.0766 ,         0 ,6.7512               ,101.8436         ,101.8436         ,       950.2681 ,                1 ,          264.2077 ,                   1 ,               13.7259 ,3.8385                  ,-32768               ,                        573.4098 ,               2.0239   , , , , ,
[2023-02-01T18:55:40.5127042] ,  1692.802  ,01-Feb-2023 18:53:49 ,                263.8379 ,         100      ,             263.8379 ,              950.561  ,         254.0895 ,                14.2478 ,             545.8883 ,          43.8256 ,-76.1905           ,               14.8076  ,1.6538                   ,7.1748                ,          545.79 ,     43.8256 ,-76.1905      ,            263.6274 ,                   14.8997 ,         0 ,6.5325               ,101.5052         ,101.5052         ,       949.527  ,                1 ,          263.9426 ,                   1 ,               13.7023 ,3.906                   ,-32768               ,                        580.261  ,               1.9855   , , , , ,
[2023-02-01T18:55:40.5143440] ,  1693.802  ,01-Feb-2023 18:53:50 ,                263.677  ,         100      ,             263.677  ,              949.7639 ,         253.8081 ,                14.2341 ,             552.7871 ,          43.8256 ,-76.1903           ,               15.693   ,2.4292                   ,6.9352                ,          552.9  ,     43.8257 ,-76.1903      ,            261.2006 ,                   15.8799 ,         0 ,7.1748               ,103.5512         ,103.5512         ,       948.3712 ,                1 ,          263.7724 ,                   1 ,               13.6698 ,3.9694                  ,-32768               ,                        587.4072 ,               1.9622   , , , , ,
[2023-02-01T18:55:40.5160197] ,  1694.802  ,01-Feb-2023 18:53:51 ,                263.6635 ,         100      ,             263.6635 ,              948.9814 ,         253.5318 ,                14.2122 ,             559.3101 ,          43.8257 ,-76.1901           ,               14.8086  ,1.8923                   ,7.1201                ,          560.14 ,     43.8257 ,-76.1901      ,            262.7181 ,                   14.929  ,         0 ,6.9352               ,103.6066         ,103.6066         ,       947.6355 ,                1 ,          263.7502 ,                   1 ,               13.6294 ,4.0287                  ,-32768               ,                        594.0684 ,               1.9617   , , , , ,
[2023-02-01T18:55:40.5185408] ,  1695.802  ,01-Feb-2023 18:53:52 ,                263.65   ,         100      ,             263.65   ,              948.2175 ,         253.2608 ,                14.1828 ,             565.2165 ,          43.8257 ,-76.19             ,               13.2324  ,2.6851                   ,6.1632                ,          565.15 ,     43.8257 ,-76.19        ,            258.5296 ,                   13.5021 ,         0 ,7.1201               ,102.4653         ,102.4653         ,       946.9399 ,                1 ,          263.7292 ,                   1 ,               13.5818 ,4.0847                  ,-32768               ,                        599.7949 ,               1.9612   , , , , ,
[2023-02-01T18:55:40.5201585] ,  1696.802  ,01-Feb-2023 18:53:53 ,                263.6298 ,         100      ,             263.6297 ,              947.4722 ,         252.9963 ,                14.147  ,             570.8613 ,          43.8257 ,-76.1898           ,               12.5447  ,5.2765                   ,5.5849                ,          570.78 ,     43.8257 ,-76.1898      ,            247.1876 ,                   13.6092 ,         0 ,6.1632               ,103.25           ,103.25           ,       945.9243 ,                1 ,          263.714  ,                   1 ,               13.5286 ,4.1371                  ,-32768               ,                        605.2872 ,               1.9596   , , , , ,
[2023-02-01T18:55:40.5217465] ,  1697.802  ,01-Feb-2023 18:53:54 ,                263.5979 ,         100      ,             263.5979 ,              946.7407 ,         252.7402 ,                14.1056 ,             576.695  ,          43.8258 ,-76.1896           ,               13.2209  ,6.8571                   ,5.607                 ,          576.17 ,     43.8258 ,-76.1896      ,            242.5861 ,                   14.8934 ,         0 ,5.5849               ,102.1673         ,102.1673         ,       945.6707 ,                1 ,          263.6928 ,                   1 ,               13.4704 ,4.1855                  ,-32768               ,                        611.0518 ,               1.9562   , , , , ,
[2023-02-01T18:55:40.5234384] ,  1698.802  ,01-Feb-2023 18:53:55 ,                263.4836 ,         100      ,             263.4836 ,              946.0165 ,         252.4945 ,                14.0599 ,             582.9481 ,          43.8259 ,-76.1895           ,               13.3811  ,6.4796                   ,6.0261                ,          582.87 ,     43.8259 ,-76.1895      ,            244.1623 ,                   14.8674 ,         0 ,5.607                ,101.4223         ,101.4223         ,       944.9839 ,                1 ,          263.5776 ,                   1 ,               13.4087 ,4.2295                  ,-32768               ,                        617.3824 ,               1.9401   , , , , ,
[2023-02-01T18:55:40.5251545] ,  1699.802  ,01-Feb-2023 18:53:56 ,                263.3853 ,         100      ,             263.3853 ,              945.29   ,         252.2599 ,                14.0112 ,             589.5323 ,          43.8259 ,-76.1893           ,               14.9618  ,5.8194                   ,6.1137                ,          589.36 ,     43.8259 ,-76.1893      ,            248.7464 ,                   16.0536 ,         0 ,6.0261               ,99.4249          ,99.4249          ,       944.2996 ,                1 ,          263.4783 ,                   1 ,               13.3448 ,4.2692                  ,-32768               ,                        624.026  ,               1.9266   , , , , ,
[2023-02-01T18:55:40.5267658] ,  1700.802  ,01-Feb-2023 18:53:57 ,                263.3374 ,         100      ,             263.3374 ,              944.5595 ,         252.0362 ,                13.9609 ,             596.1358 ,          43.826  ,-76.1891           ,               15.2099  ,4.9528                   ,6.0363                ,          596.43 ,     43.826  ,-76.1891      ,            251.9633 ,                   15.996  ,         0 ,6.1137               ,100.2468         ,100.2468         ,       943.3625 ,                1 ,          263.4288 ,                   1 ,               13.2796 ,4.3057                  ,-32768               ,                        630.7651 ,               1.9208   , , , , ,
[2023-02-01T18:55:40.5283700] ,  1701.802  ,01-Feb-2023 18:53:58 ,                263.2854 ,         100      ,             263.2854 ,              943.829  ,         251.8229 ,                13.9102 ,             602.3882 ,          43.826  ,-76.1889           ,               14.6115  ,3.859                    ,6.1621                ,          602.93 ,     43.826  ,-76.1889      ,            255.2056 ,                   15.1125 ,         0 ,6.0363               ,99.7065          ,99.7065          ,       942.5862 ,                1 ,          263.3721 ,                   1 ,               13.2158 ,4.3392                  ,-32768               ,                        637.0265 ,               1.9144   , , , , ,
[2023-02-01T18:55:40.5306067] ,  1702.802  ,01-Feb-2023 18:53:59 ,                263.2426 ,         100      ,             263.2426 ,              943.1039 ,         251.6185 ,                13.8598 ,             608.2289 ,          43.826  ,-76.1888           ,               12.9225  ,3.6147                   ,5.9451                ,          607.89 ,     43.826  ,-76.1887      ,            254.3724 ,                   13.4185 ,         0 ,6.1621               ,98.9791          ,98.9791          ,       941.7242 ,                1 ,          263.3258 ,                   1 ,               13.1527 ,4.3703                  ,-32768               ,                        642.6661 ,               1.9094   , , , , ,
[2023-02-01T18:55:40.5323753] ,  1703.802  ,01-Feb-2023 18:54:00 ,                263.225  ,         100      ,             263.225  ,              942.3836 ,         251.4221 ,                13.8099 ,             613.8638 ,          43.8261 ,-76.1886           ,               11.2753  ,3.3739                   ,5.6166                ,          614.02 ,     43.8261 ,-76.1886      ,            253.3414 ,                   11.7692 ,         0 ,5.9451               ,99.2409          ,99.2409          ,       940.97   ,                1 ,          263.3098 ,                   1 ,               13.0908 ,4.3993                  ,-32768               ,                        648.3006 ,               1.9082   , , , , ,
[2023-02-01T18:55:40.5339736] ,  1704.802  ,01-Feb-2023 18:54:01 ,                263.2058 ,         100      ,             263.2058 ,              941.6678 ,         251.234  ,                13.761  ,             619.472  ,          43.8261 ,-76.1885           ,               10.5785  ,4.3171                   ,5.5988                ,          619.15 ,     43.8261 ,-76.1885      ,            247.7994 ,                   11.4255 ,         0 ,5.6166               ,99.2644          ,99.2644          ,       940.4565 ,                1 ,          263.2971 ,                   1 ,               13.0299 ,4.4268                  ,-32768               ,                        653.8893 ,               1.9068   , , , , ,
[2023-02-01T18:55:40.5357058] ,  1705.802  ,01-Feb-2023 18:54:02 ,                263.1306 ,         100      ,             263.1305 ,              940.9511 ,         251.0564 ,                13.7137 ,             625.1833 ,          43.8261 ,-76.1883           ,               11.5045  ,4.1649                   ,6.5995                ,          625.17 ,     43.8261 ,-76.1883      ,            250.0986 ,                   12.2351 ,         0 ,5.5988               ,100.3685         ,100.3685         ,       940.2278 ,                1 ,          263.2238 ,                   1 ,               12.9712 ,4.452                   ,-32768               ,                        659.731  ,               1.8969   , , , , ,
[2023-02-01T18:55:40.5373645] ,  1706.802  ,01-Feb-2023 18:54:03 ,                263.0482 ,         100      ,             263.0482 ,              940.2325 ,         250.8931 ,                13.6691 ,             630.9592 ,          43.8262 ,-76.1882           ,               11.5268  ,4.4408                   ,6.3817                ,          631.47 ,     43.8262 ,-76.1882      ,            248.9302 ,                   12.3526 ,         0 ,6.5995               ,99.1962          ,99.1962          ,       939.2426 ,                1 ,          263.1418 ,                   1 ,               12.9158 ,4.4748                  ,-32768               ,                        665.5398 ,               1.886    , , , , ,
[2023-02-01T18:55:40.5391323] ,  1707.802  ,01-Feb-2023 18:54:04 ,                262.9917 ,          99.9971 ,             262.9913 ,              939.5134 ,         250.7477 ,                13.6287 ,             636.7734 ,          43.8262 ,-76.188            ,               11.7202  ,4.5567                   ,6.3629                ,          635.98 ,     43.8262 ,-76.188       ,            248.7544 ,                   12.5748 ,         0 ,6.3817               ,100.0795         ,100.0795         ,       938.0966 ,                1 ,          263.0841 ,                   1 ,               12.8658 ,4.494                   ,-32768               ,                        671.1102 ,               1.879    , , , , ,
[2023-02-01T18:55:40.5409522] ,  1708.802  ,01-Feb-2023 18:54:05 ,                262.9444 ,          99.7889 ,             262.9174 ,              938.8008 ,         250.6224 ,                13.5938 ,             642.7905 ,          43.8263 ,-76.1879           ,               12.2902  ,4.8569                   ,6.1385                ,          643.01 ,     43.8263 ,-76.1879      ,            248.4367 ,                   13.2151 ,         0 ,6.3629               ,99.5665          ,99.5665          ,       937.244  ,                1 ,          263.0347 ,                   1 ,               12.8232 ,4.5101                  ,-32768               ,                        677.2033 ,               1.8694   , , , , ,
[2023-02-01T18:55:40.5435804] ,  1709.802  ,01-Feb-2023 18:54:06 ,                262.9025 ,          99.6492 ,             262.8577 ,              938.0982 ,         250.5173 ,                13.5651 ,             648.7666 ,          43.8263 ,-76.1877           ,               12.6134  ,5.2598                   ,5.9264                ,          648.69 ,     43.8263 ,-76.1877      ,            247.364  ,                   13.6662 ,         0 ,6.1385               ,99.6246          ,99.6246          ,       937.0474 ,                1 ,          262.9922 ,                   1 ,               12.788  ,4.5241                  ,-32768               ,                        683.2483 ,               1.862    , , , , ,
[2023-02-01T18:55:40.5451799] ,  1710.802  ,01-Feb-2023 18:54:07 ,                262.8637 ,          99.8504 ,             262.8446 ,              937.4056 ,         250.4323 ,                13.5429 ,             654.4752 ,          43.8264 ,-76.1876           ,               13.0506  ,5.5506                   ,5.5159                ,          654.79 ,     43.8264 ,-76.1876      ,            246.9594 ,                   14.182  ,         0 ,5.9264               ,99.7944          ,99.7944          ,       936.108  ,                1 ,          262.9533 ,                   1 ,               12.7601 ,4.5356                  ,-32768               ,                        689.0204 ,               1.8614   , , , , ,
[2023-02-01T18:55:40.5468070] ,  1711.802  ,01-Feb-2023 18:54:08 ,                262.8206 ,         100      ,             262.8206 ,              936.7195 ,         250.3674 ,                13.5267 ,             659.6817 ,          43.8264 ,-76.1874           ,               13.8048  ,4.8269                   ,5.1285                ,          659.97 ,     43.8264 ,-76.1874      ,            250.7277 ,                   14.6243 ,         0 ,5.5159               ,99.6598          ,99.6598          ,       935.4651 ,                1 ,          262.9095 ,                   1 ,               12.7402 ,4.5448                  ,-32768               ,                        694.2622 ,               1.8593   , , , , ,
[2023-02-01T18:55:40.5485021] ,  1712.802  ,01-Feb-2023 18:54:09 ,                262.7858 ,         100      ,             262.7858 ,              936.0358 ,         250.3219 ,                13.5159 ,             664.4751 ,          43.8264 ,-76.1872           ,               14.3392  ,3.7306                   ,4.9169                ,          664.53 ,     43.8264 ,-76.1872      ,            255.4168 ,                   14.8165 ,         0 ,5.1285               ,99.7133          ,99.7133          ,       935.0959 ,                1 ,          262.8759 ,                   1 ,               12.7271 ,4.5514                  ,-32768               ,                        698.9931 ,               1.8555   , , , , ,
[2023-02-01T18:55:40.5502592] ,  1713.802  ,01-Feb-2023 18:54:10 ,                262.7439 ,         100      ,             262.7439 ,              935.3486 ,         250.2956 ,                13.5095 ,             669.1743 ,          43.8265 ,-76.1871           ,               12.6704  ,2.9302                   ,5.0548                ,          669.02 ,     43.8265 ,-76.1871      ,            256.9785 ,                   13.0048 ,         0 ,4.9169               ,101.0074         ,101.0074         ,       934.2756 ,                1 ,          262.8358 ,                   1 ,               12.7188 ,4.5552                  ,-32768               ,                        703.6277 ,               1.8507   , , , , ,
[2023-02-01T18:55:40.5519231] ,  1714.802  ,01-Feb-2023 18:54:11 ,                262.6981 ,         100      ,             262.6981 ,              934.6615 ,         250.2876 ,                13.5069 ,             674.1518 ,          43.8265 ,-76.1869           ,               10.9227  ,3.9889                   ,5.4363                ,          673.95 ,     43.8265 ,-76.1869      ,            249.9381 ,                   11.6282 ,         0 ,5.0548               ,103.1114         ,103.1114         ,       933.4159 ,                1 ,          262.7932 ,                   1 ,               12.7156 ,4.5556                  ,-32768               ,                        708.509  ,               1.8453   , , , , ,
[2023-02-01T18:55:40.5536340] ,  1715.802  ,01-Feb-2023 18:54:12 ,                262.6264 ,         100      ,             262.6264 ,              933.9781 ,         250.2969 ,                13.5081 ,             679.6379 ,          43.8265 ,-76.1868           ,               11.3589  ,5.3875                   ,5.7109                ,          678.93 ,     43.8265 ,-76.1868      ,            244.6249 ,                   12.5718 ,         0 ,5.4363               ,104.5833         ,104.5833         ,       932.7891 ,                1 ,          262.7201 ,                   1 ,               12.7173 ,4.554                   ,-32768               ,                        713.9724 ,               1.8362   , , , , ,
[2023-02-01T18:55:40.5566745] ,  1716.802  ,01-Feb-2023 18:54:13 ,                262.5728 ,         100      ,             262.5728 ,              933.3044 ,         250.3235 ,                13.5133 ,             685.5986 ,          43.8266 ,-76.1866           ,               11.5747  ,4.986                    ,5.9968                ,          686.02 ,     43.8266 ,-76.1866      ,            246.695  ,                   12.6029 ,         0 ,5.7109               ,104.8736         ,104.8736         ,       932.0883 ,                1 ,          262.6681 ,                   1 ,               12.7239 ,4.55                    ,-32768               ,                        720.2009 ,               1.8297   , , , , ,
[2023-02-01T18:55:40.5583874] ,  1717.802  ,01-Feb-2023 18:54:14 ,                262.5216 ,         100      ,             262.5216 ,              932.6434 ,         250.3678 ,                13.5222 ,             691.5415 ,          43.8266 ,-76.1865           ,               11.8821  ,5.1646                   ,5.7459                ,          691.91 ,     43.8266 ,-76.1865      ,            246.5076 ,                   12.956  ,         0 ,5.9968               ,103.7887         ,103.7887         ,       931.169  ,                1 ,          262.6166 ,                   1 ,               12.7361 ,4.5433                  ,-32768               ,                        726.2122 ,               1.8236   , , , , ,
[2023-02-01T18:55:40.5600932] ,  1718.802  ,01-Feb-2023 18:54:15 ,                262.4584 ,         100      ,             262.4584 ,              931.9974 ,         250.4301 ,                13.5349 ,             697.2295 ,          43.8267 ,-76.1863           ,               12.6265  ,4.7984                   ,5.6159                ,          697.3  ,     43.8267 ,-76.1863      ,            249.1918 ,                   13.5075 ,         0 ,5.7459               ,103.0082         ,103.0082         ,       930.613  ,                1 ,          262.5508 ,                   1 ,               12.7531 ,4.5339                  ,-32768               ,                        731.727  ,               1.8157   , , , , ,
[2023-02-01T18:55:40.5618305] ,  1719.802  ,01-Feb-2023 18:54:16 ,                262.4098 ,         100      ,             262.4098 ,              931.3582 ,         250.5096 ,                13.551  ,             702.7298 ,          43.8267 ,-76.1862           ,               13.0526  ,4.0139                   ,5.6942                ,          702.52 ,     43.8267 ,-76.1862      ,            252.9063 ,                   13.6559 ,         0 ,5.6159               ,104.1431         ,104.1431         ,       930.3982 ,                1 ,          262.5007 ,                   1 ,               12.7745 ,4.5215                  ,-32768               ,                        737.1284 ,               1.8099   , , , , ,
[2023-02-01T18:55:40.5635481] ,  1720.802  ,01-Feb-2023 18:54:17 ,                262.3769 ,         100      ,             262.3768 ,              930.7162 ,         250.6047 ,                13.5703 ,             708.1964 ,          43.8267 ,-76.186            ,               12.2439  ,3.3541                   ,5.0557                ,          708.3  ,     43.8267 ,-76.186       ,            254.6802 ,                   12.6951 ,         0 ,5.6942               ,104.7604         ,104.7604         ,       929.6569 ,                1 ,          262.4672 ,                   1 ,               12.7999 ,4.5065                  ,-32768               ,                        742.6439 ,               1.8064   , , , , ,
[2023-02-01T18:55:40.5653886] ,  1721.802  ,01-Feb-2023 18:54:18 ,                262.3347 ,         100      ,             262.3346 ,              930.0632 ,         250.7123 ,                13.5924 ,             713.6981 ,          43.8268 ,-76.1859           ,               11.1986  ,4.0636                   ,5.398                 ,          713.54 ,     43.8268 ,-76.1859      ,            250.0557 ,                   11.9131 ,         0 ,5.0557               ,104.4068         ,104.4068         ,       929.0103 ,                1 ,          262.4235 ,                   1 ,               12.8294 ,4.4895                  ,-32768               ,                        748.1623 ,               1.8016   , , , , ,
[2023-02-01T18:55:40.5677311] ,  1722.802  ,01-Feb-2023 18:54:19 ,                262.295  ,         100      ,             262.295  ,              929.3906 ,         250.8286 ,                13.6167 ,             719.2574 ,          43.8268 ,-76.1857           ,               11.1276  ,5.8061                   ,5.3997                ,          719.46 ,     43.8268 ,-76.1857      ,            242.4457 ,                   12.5513 ,         0 ,5.398                ,104.9457         ,104.9457         ,       928.2484 ,                1 ,          262.383  ,                   1 ,               12.862  ,4.4717                  ,-32768               ,                        753.7527 ,               1.7972   , , , , ,
[2023-02-01T18:55:40.5695735] ,  1723.802  ,01-Feb-2023 18:54:20 ,                262.2602 ,         100      ,             262.2601 ,              928.6942 ,         250.9506 ,                13.6428 ,             724.8633 ,          43.8269 ,-76.1856           ,               11.9156  ,6.9889                   ,5.4077                ,          724.66 ,     43.8269 ,-76.1856      ,            239.607  ,                   13.814  ,         0 ,5.3997               ,104.0038         ,104.0038         ,       927.715  ,                1 ,          262.3462 ,                   1 ,               12.8957 ,4.4528                  ,-32768               ,                        759.2922 ,               1.7936   , , , , ,
[2023-02-01T18:55:40.5712588] ,  1724.802  ,01-Feb-2023 18:54:21 ,                262.2332 ,         100      ,             262.2331 ,              927.976  ,         251.0756 ,                13.67   ,             730.5727 ,          43.827  ,-76.1854           ,               13.4173  ,7.0867                   ,5.8116                ,          730.51 ,     43.827  ,-76.1854      ,            242.158  ,                   15.1738 ,         0 ,5.4077               ,102.4308         ,102.4308         ,       927.0252 ,                1 ,          262.3187 ,                   1 ,               12.9312 ,4.4332                  ,-32768               ,                        765.037  ,               1.7911   , , , , ,
[2023-02-01T18:55:40.5729906] ,  1725.802  ,01-Feb-2023 18:54:22 ,                262.2058 ,         100      ,             262.2057 ,              927.2412 ,         251.2012 ,                13.6981 ,             736.2943 ,          43.827  ,-76.1853           ,               14.6594  ,6.5411                   ,5.7609                ,          736.64 ,     43.827  ,-76.1852      ,            245.9532 ,                   16.0525 ,         0 ,5.8116               ,102.3793         ,102.3793         ,       926.087  ,                1 ,          262.2928 ,                   1 ,               12.9677 ,4.4139                  ,-32768               ,                        770.8316 ,               1.7886   , , , , ,
[2023-02-01T18:55:49.6164624] ,  1726.802  ,01-Feb-2023 18:54:23 ,                262.1678 ,         100      ,             262.1678 ,              926.4952 ,         251.3259 ,                13.7268 ,             741.9787 ,          43.8271 ,-76.1851           ,               14.6435  ,5.5368                   ,6.0942                ,          741.72 ,     43.8271 ,-76.1851      ,            249.2882 ,                   15.6553 ,         0 ,5.7609               ,102.6039         ,102.6039         ,       925.1331 ,                1 ,          262.2569 ,                   1 ,               13.0044 ,4.3953                  ,-32768               ,                        776.4318 ,               1.7846   , , , , ,
[2023-02-01T18:55:49.6182760] ,  1727.802  ,01-Feb-2023 18:54:24 ,                262.1094 ,         100      ,             262.1094 ,              925.7446 ,         251.4492 ,                13.7559 ,             747.7139 ,          43.8271 ,-76.1849           ,               13.7771  ,3.5589                   ,5.9694                ,          747.85 ,     43.8271 ,-76.1849      ,            255.5162 ,                   14.2293 ,         0 ,6.0942               ,102.2048         ,102.2048         ,       924.4983 ,                1 ,          262.1968 ,                   1 ,               13.041  ,4.3768                  ,-32768               ,                        782.2291 ,               1.7778   , , , , ,
[2023-02-01T18:55:49.6200228] ,  1728.802  ,01-Feb-2023 18:54:25 ,                262.064  ,         100      ,             262.064  ,              924.9939 ,         251.5698 ,                13.7856 ,             753.492  ,          43.8271 ,-76.1847           ,               14.7978  ,2.7302                   ,5.9434                ,          753.68 ,     43.8271 ,-76.1847      ,            259.5467 ,                   15.0476 ,         0 ,5.9694               ,102.0425         ,102.0425         ,       923.8765 ,                1 ,          262.1499 ,                   1 ,               13.0783 ,4.3583                  ,-32768               ,                        788.0171 ,               1.7728   , , , , ,
[2023-02-01T18:55:49.6222954] ,  1729.802  ,01-Feb-2023 18:54:26 ,                262.036  ,         100      ,             262.036  ,              924.2407 ,         251.6851 ,                13.816  ,             759.4297 ,          43.8272 ,-76.1845           ,               15.4849  ,2.7496                   ,6.3785                ,          759.01 ,     43.8272 ,-76.1845      ,            259.9312 ,                   15.7271 ,         0 ,5.9434               ,101.5996         ,101.5996         ,       923.1822 ,                1 ,          262.1234 ,                   1 ,               13.1164 ,4.3415                  ,-32768               ,                        793.865  ,               1.7703   , , , , ,
[2023-02-01T18:55:49.6252064] ,  1730.802  ,01-Feb-2023 18:54:27 ,                262.0003 ,         100      ,             262.0003 ,              923.4871 ,         251.7921 ,                13.8469 ,             765.6849 ,          43.8272 ,-76.1843           ,               15.4537  ,2.114                    ,6.4123                ,          765.93 ,     43.8272 ,-76.1843      ,            262.2105 ,                   15.5976 ,         0 ,6.3785               ,101.3186         ,101.3186         ,       922.4208 ,                1 ,          262.0893 ,                   1 ,               13.1539 ,4.3266                  ,-32768               ,                        800.189  ,               1.7667   , , , , ,
[2023-02-01T18:55:49.6271966] ,  1731.802  ,01-Feb-2023 18:54:28 ,                261.9284 ,         100      ,             261.9284 ,              922.7328 ,         251.8881 ,                13.8784 ,             772.2459 ,          43.8272 ,-76.1842           ,               14.5245  ,1.8843                   ,6.6098                ,          772    ,     43.8272 ,-76.1842      ,            262.6082 ,                   14.6462 ,         0 ,6.4123               ,100.6265         ,100.6265         ,       921.6223 ,                1 ,          262.0128 ,                   1 ,               13.1908 ,4.314                   ,-32768               ,                        806.6394 ,               1.758    , , , , ,
[2023-02-01T18:55:49.6291350] ,  1732.802  ,01-Feb-2023 18:54:29 ,                261.9012 ,         100      ,             261.9011 ,              921.9811 ,         251.9708 ,                13.9109 ,             779.0599 ,          43.8272 ,-76.184            ,               13.4781  ,2.386                    ,6.9073                ,          778.79 ,     43.8272 ,-76.184       ,            259.961  ,                   13.6877 ,         0 ,6.6098               ,100.8709         ,100.8709         ,       920.6395 ,                1 ,          261.9869 ,                   1 ,               13.2277 ,4.3053                  ,-32768               ,                        813.4497 ,               1.7556   , , , , ,
[2023-02-01T18:55:49.6310229] ,  1733.802  ,01-Feb-2023 18:54:30 ,                261.8775 ,         100      ,             261.8775 ,              921.2362 ,         252.0395 ,                13.9445 ,             786.0337 ,          43.8273 ,-76.1838           ,               12.2758  ,3.8663                   ,6.7207                ,          786.42 ,     43.8272 ,-76.1838      ,            252.5179 ,                   12.8703 ,         0 ,6.9073               ,100.8591         ,100.8591         ,       919.841  ,                1 ,          261.9628 ,                   1 ,               13.2652 ,4.3                     ,-32768               ,                        820.5481 ,               1.7537   , , , , ,
[2023-02-01T18:55:49.6328432] ,  1734.802  ,01-Feb-2023 18:54:31 ,                261.8326 ,         100      ,             261.8325 ,              920.4996 ,         252.0939 ,                13.9796 ,             792.8094 ,          43.8273 ,-76.1837           ,               11.464   ,5.2256                   ,6.4364                ,          792.87 ,     43.8273 ,-76.1837      ,            245.4955 ,                   12.5988 ,         0 ,6.7207               ,101.8805         ,101.8805         ,       919.4467 ,                1 ,          261.9166 ,                   1 ,               13.3023 ,4.298                   ,-32768               ,                        827.3084 ,               1.7488   , , , , ,
[2023-02-01T18:55:58.9228234] ,  1735.802  ,01-Feb-2023 18:54:32 ,                261.7996 ,         100      ,             261.7995 ,              919.7673 ,         252.134  ,                14.0163 ,             799.3029 ,          43.8273 ,-76.1836           ,               10.9206  ,5.5795                   ,6.1658                ,          799.59 ,     43.8273 ,-76.1836      ,            242.9367 ,                   12.2634 ,         0 ,6.4364               ,102.9648         ,102.9648         ,       918.7556 ,                1 ,          261.8847 ,                   1 ,               13.3401 ,4.2999                  ,-32768               ,                        833.6695 ,               1.7456   , , , , ,
[2023-02-01T18:55:58.9266394] ,  1736.802  ,01-Feb-2023 18:54:33 ,                261.7665 ,         100      ,             261.7665 ,              919.0372 ,         252.1598 ,                14.0548 ,             805.5536 ,          43.8274 ,-76.1834           ,               10.0567  ,4.8574                   ,5.0368                ,          804.83 ,     43.8274 ,-76.1834      ,            244.2192 ,                   11.1684 ,         0 ,6.1658               ,102.9466         ,102.9466         ,       917.7547 ,                1 ,          261.8516 ,                   1 ,               13.3787 ,4.3059                  ,-32768               ,                        839.8406 ,               1.7424   , , , , ,
[2023-02-01T18:55:58.9285202] ,  1737.802  ,01-Feb-2023 18:54:34 ,                261.7299 ,         100      ,             261.7299 ,              918.3091 ,         252.1714 ,                14.0947 ,             811.6908 ,          43.8274 ,-76.1833           ,               11.1801  ,4.3336                   ,6.0835                ,          812.58 ,     43.8274 ,-76.1833      ,            248.813  ,                   11.9906 ,         0 ,5.0368               ,103.9608         ,103.9608         ,       917.2087 ,                1 ,          261.8159 ,                   1 ,               13.418  ,4.3155                  ,-32768               ,                        846.2162 ,               1.7386   , , , , ,
[2023-02-01T18:55:58.9302413] ,  1738.802  ,01-Feb-2023 18:54:35 ,                261.6899 ,         100      ,             261.6899 ,              917.5822 ,         252.1689 ,                14.1357 ,             817.5575 ,          43.8275 ,-76.1831           ,               12.484   ,3.8749                   ,5.9309                ,          817.17 ,     43.8275 ,-76.1831      ,            252.7563 ,                   13.0715 ,         0 ,6.0835               ,103.7561         ,103.7561         ,       916.4216 ,                1 ,          261.7776 ,                   1 ,               13.4571 ,4.3286                  ,-32768               ,                        851.9814 ,               1.7345   , , , , ,
[2023-02-01T18:55:58.9320150] ,  1739.802  ,01-Feb-2023 18:54:36 ,                261.645  ,         100      ,             261.645  ,              916.855  ,         252.1518 ,                14.1776 ,             823.4066 ,          43.8275 ,-76.1829           ,               14.28    ,3.4331                   ,5.6858                ,          823.51 ,     43.8275 ,-76.1829      ,            256.4818 ,                   14.6869 ,         0 ,5.9309               ,104.1377         ,104.1377         ,       915.5877 ,                1 ,          261.7339 ,                   1 ,               13.4954 ,4.3452                  ,-32768               ,                        857.7898 ,               1.7296   , , , , ,
[2023-02-01T18:55:58.9363335] ,  1740.802  ,01-Feb-2023 18:54:37 ,                261.5867 ,         100      ,             261.5867 ,              916.1281 ,         252.1203 ,                14.2207 ,             829.4069 ,          43.8275 ,-76.1828           ,               14.9946  ,4.1292                   ,5.5916                ,          829.16 ,     43.8275 ,-76.1828      ,            254.6038 ,                   15.5528 ,         0 ,5.6858               ,102.6344         ,102.6344         ,       915.0067 ,                1 ,          261.6743 ,                   1 ,               13.5336 ,4.3659                  ,-32768               ,                        863.7473 ,               1.7229   , , , , ,
[2023-02-01T18:55:58.9384303] ,  1741.802  ,01-Feb-2023 18:54:38 ,                261.5497 ,         100      ,             261.5497 ,              915.4032 ,         252.0749 ,                14.2654 ,             835.6333 ,          43.8276 ,-76.1826           ,               15.4158  ,4.0694                   ,6.0405                ,          835.48 ,     43.8276 ,-76.1826      ,            255.2126 ,                   15.9439 ,         0 ,5.5916               ,102.6379         ,102.6379         ,       914.4709 ,                1 ,          261.6395 ,                   1 ,               13.5728 ,4.3903                  ,-32768               ,                        869.9831 ,               1.7192   , , , , ,
[2023-02-01T18:55:58.9419228] ,  1742.802  ,01-Feb-2023 18:54:39 ,                261.4984 ,         100      ,             261.4984 ,              914.6806 ,         252.017  ,                14.3116 ,             842.0768 ,          43.8276 ,-76.1824           ,               16.0646  ,4.9471                   ,6.4571                ,          842.1  ,     43.8276 ,-76.1824      ,            252.8836 ,                   16.8091 ,         0 ,6.0405               ,102.7137         ,102.7137         ,       913.4815 ,                1 ,          261.5877 ,                   1 ,               13.6124 ,4.4185                  ,-32768               ,                        876.4828 ,               1.7134   , , , , ,
[2023-02-01T18:55:58.9443985] ,  1743.802  ,01-Feb-2023 18:54:40 ,                261.4464 ,         100      ,             261.4464 ,              913.9653 ,         251.9477 ,                14.3593 ,             848.5035 ,          43.8277 ,-76.1822           ,               15.7734  ,5.3235                   ,6.5523                ,          848.64 ,     43.8277 ,-76.1822      ,            251.3506 ,                   16.6475 ,         0 ,6.4571               ,102.719          ,102.719          ,       912.5709 ,                1 ,          261.5361 ,                   1 ,               13.6523 ,4.4498                  ,-32768               ,                        882.9609 ,               1.7076   , , , , ,
[2023-02-01T18:56:07.2242781] ,  1744.802  ,01-Feb-2023 18:54:41 ,                261.3954 ,         100      ,             261.3954 ,              913.2592 ,         251.8683 ,                14.4082 ,             854.7125 ,          43.8277 ,-76.182            ,               14.5472  ,4.8625                   ,6.7817                ,          854.99 ,     43.8277 ,-76.182       ,            251.5175 ,                   15.3383 ,         0 ,6.5523               ,102.9353         ,102.9353         ,       912.0093 ,                1 ,          261.4839 ,                   1 ,               13.6928 ,4.4836                  ,-32768               ,                        889.1287 ,               1.702    , , , , ,
[2023-02-01T18:56:07.2264140] ,  1745.802  ,01-Feb-2023 18:54:42 ,                261.3551 ,         100      ,             261.3551 ,              912.5634 ,         251.7802 ,                14.458  ,             860.6908 ,          43.8277 ,-76.1819           ,               12.1083  ,4.2272                   ,5.7649                ,          860.3  ,     43.8277 ,-76.1818      ,            250.7551 ,                   12.8249 ,         0 ,6.7817               ,102.7837         ,102.7837         ,       911.4738 ,                1 ,          261.4431 ,                   1 ,               13.733  ,4.5201                  ,-32768               ,                        895.0393 ,               1.6978   , , , , ,
[2023-02-01T18:56:07.2284583] ,  1746.802  ,01-Feb-2023 18:54:43 ,                261.3143 ,         100      ,             261.3143 ,              911.8784 ,         251.686  ,                14.5082 ,             866.5185 ,          43.8278 ,-76.1817           ,                9.7441  ,3.6735                   ,5.7661                ,          867.14 ,     43.8278 ,-76.1817      ,            249.3436 ,                   10.4135 ,         0 ,5.7649               ,102.4063         ,102.4063         ,       910.6727 ,                1 ,          261.4007 ,                   1 ,               13.7731 ,4.5588                  ,-32768               ,                        900.9601 ,               1.6935   , , , , ,
[2023-02-01T18:56:07.2304540] ,  1747.802  ,01-Feb-2023 18:54:44 ,                261.282  ,         100      ,             261.282  ,              911.1985 ,         251.5889 ,                14.5583 ,             872.232  ,          43.8278 ,-76.1816           ,                9.2943  ,3.2297                   ,5.5802                ,          871.68 ,     43.8278 ,-76.1816      ,            250.8383 ,                    9.8394 ,         0 ,5.7661               ,103.162          ,103.162          ,       909.9767 ,                1 ,          261.3677 ,                   1 ,               13.8129 ,4.5984                  ,-32768               ,                        906.4398 ,               1.6904   , , , , ,
[2023-02-01T18:56:07.2323451] ,  1748.802  ,01-Feb-2023 18:54:45 ,                261.2525 ,         100      ,             261.2525 ,              910.5208 ,         251.4924 ,                14.6071 ,             877.9909 ,          43.8278 ,-76.1814           ,               12.1784  ,3.3516                   ,5.5418                ,          877.69 ,     43.8278 ,-76.1815      ,            254.6125 ,                   12.6311 ,         0 ,5.5802               ,103.6164         ,103.6164         ,       909.6146 ,                1 ,          261.3372 ,                   1 ,               13.8519 ,4.6373                  ,-32768               ,                        912.2332 ,               1.6876   , , , , ,
[2023-02-01T18:56:07.2350874] ,  1749.802  ,01-Feb-2023 18:54:46 ,                261.2276 ,         100      ,             261.2276 ,              909.8467 ,         251.398  ,                14.6538 ,             883.7429 ,          43.8279 ,-76.1813           ,               14.1383  ,4.5856                   ,5.7046                ,          884.28 ,     43.8279 ,-76.1813      ,            252.0303 ,                   14.8634 ,         0 ,5.5418               ,104.1752         ,104.1752         ,       908.7486 ,                1 ,          261.3129 ,                   1 ,               13.8887 ,4.6746                  ,-32768               ,                        918.2234 ,               1.6855   , , , , ,
[2023-02-01T18:56:07.2370878] ,  1750.802  ,01-Feb-2023 18:54:47 ,                261.1983 ,         100      ,             261.1983 ,              909.1805 ,         251.306  ,                14.6976 ,             889.1941 ,          43.8279 ,-76.1811           ,               15.0114  ,4.6803                   ,5.5009                ,          889.17 ,     43.8279 ,-76.1811      ,            252.6835 ,                   15.7241 ,         0 ,5.7046               ,103.2832         ,103.2832         ,       907.9135 ,                1 ,          261.2841 ,                   1 ,               13.9223 ,4.7106                  ,-32768               ,                        923.725  ,               1.6828   , , , , ,
[2023-02-01T18:56:07.2391531] ,  1751.802  ,01-Feb-2023 18:54:48 ,                261.1637 ,         100      ,             261.1637 ,              908.5207 ,         251.2165 ,                14.7382 ,             894.3751 ,          43.828  ,-76.1809           ,               16.2488  ,4.785                    ,5.6642                ,          895.07 ,     43.8279 ,-76.1809      ,            253.5911 ,                   16.9388 ,         0 ,5.5009               ,101.536          ,101.536          ,       906.9484 ,                1 ,          261.2497 ,                   1 ,               13.9532 ,4.7455                  ,-32768               ,                        928.8303 ,               1.6793   , , , , ,
[2023-02-01T18:56:07.2411551] ,  1752.802  ,01-Feb-2023 18:54:49 ,                261.1309 ,         100      ,             261.1308 ,              907.8629 ,         251.1306 ,                14.7754 ,             899.5102 ,          43.828  ,-76.1807           ,               16.8208  ,5.2462                   ,5.7471                ,          898.38 ,     43.828  ,-76.1807      ,            252.6779 ,                   17.62   ,         0 ,5.6642               ,100.1554         ,100.1554         ,       906.711  ,                1 ,          261.2163 ,                   1 ,               13.9813 ,4.7786                  ,-32768               ,                        933.6404 ,               1.6761   , , , , ,
[2023-02-01T18:56:16.4994173] ,  1753.802  ,01-Feb-2023 18:54:50 ,                261.1013 ,         100      ,             261.1012 ,              907.2031 ,         251.0497 ,                14.8089 ,             905.0394 ,          43.828  ,-76.1805           ,               17.1318  ,4.6539                   ,5.3167                ,          905.18 ,     43.828  ,-76.1805      ,            254.8021 ,                   17.7527 ,         0 ,5.7471               ,99.9487          ,99.9487          ,       906.4714 ,                1 ,          261.1855 ,                   1 ,               14.0061 ,4.8093                  ,-32768               ,                        939.3294 ,               1.6733   , , , , ,
[2023-02-01T18:56:16.5015864] ,  1754.802  ,01-Feb-2023 18:54:51 ,                261.0805 ,         100      ,             261.0805 ,              906.532  ,         250.9748 ,                14.8384 ,             910.8306 ,          43.8281 ,-76.1803           ,               16.688   ,4.7688                   ,5.5423                ,          910.84 ,     43.8281 ,-76.1803      ,            254.0521 ,                   17.356  ,         0 ,5.3167               ,99.6076          ,99.6076          ,       905.5344 ,                1 ,          261.1655 ,                   1 ,               14.0275 ,4.8372                  ,-32768               ,                        945.3101 ,               1.6718   , , , , ,
[2023-02-01T18:56:16.5047198] ,  1755.802  ,01-Feb-2023 18:54:52 ,                261.0537 ,         100      ,             261.0537 ,              905.8427 ,         250.9067 ,                14.8635 ,             916.6764 ,          43.8281 ,-76.1801           ,               15.3286  ,5.3747                   ,5.59                  ,          917.01 ,     43.8281 ,-76.1801      ,            250.6777 ,                   16.2436 ,         0 ,5.5423               ,99.9926          ,99.9926          ,       904.6661 ,                1 ,          261.1393 ,                   1 ,               14.0459 ,4.8622                  ,-32768               ,                        951.2268 ,               1.6694   , , , , ,
[2023-02-01T18:56:16.5068692] ,  1756.802  ,01-Feb-2023 18:54:53 ,                261.0169 ,         100      ,             261.0169 ,              905.1308 ,         250.845  ,                14.8834 ,             922.4195 ,          43.8282 ,-76.1799           ,               13.5103  ,6.5786                   ,5.8551                ,          922.67 ,     43.8282 ,-76.1799      ,            244.0371 ,                   15.0269 ,         0 ,5.59                 ,100.1847         ,100.1847         ,       904.0552 ,                1 ,          261.1022 ,                   1 ,               14.0597 ,4.8838                  ,-32768               ,                        956.8499 ,               1.6658   , , , , ,
[2023-02-01T18:56:16.5087669] ,  1757.802  ,01-Feb-2023 18:54:54 ,                260.9864 ,         100      ,             260.9864 ,              904.3995 ,         250.7887 ,                14.8976 ,             928.1876 ,          43.8283 ,-76.1797           ,               12.3063  ,6.8755                   ,6.1213                ,          927.57 ,     43.8283 ,-76.1798      ,            240.808  ,                   14.0967 ,         0 ,5.8551               ,99.9473          ,99.9473          ,       903.4655 ,                1 ,          261.0719 ,                   1 ,               14.0681 ,4.902                   ,-32768               ,                        962.392  ,               1.6631   , , , , ,
[2023-02-01T18:56:16.5108677] ,  1758.802  ,01-Feb-2023 18:54:55 ,                260.9562 ,         100      ,             260.9562 ,              903.6522 ,         250.7367 ,                14.9059 ,             934.1847 ,          43.8283 ,-76.1796           ,               12.8738  ,7.2392                   ,6.2032                ,          934.2  ,     43.8283 ,-76.1796      ,            240.6501 ,                   14.7696 ,         0 ,6.1213               ,100.1662         ,100.1662         ,       902.5038 ,                1 ,          261.0407 ,                   1 ,               14.0715 ,4.9173                  ,-32768               ,                        968.5379 ,               1.6604   , , , , ,
[2023-02-01T18:56:16.5128531] ,  1759.802  ,01-Feb-2023 18:54:56 ,                260.9274 ,         100      ,             260.9274 ,              902.8915 ,         250.6884 ,                14.9082 ,             940.3258 ,          43.8284 ,-76.1794           ,               12.3099  ,7.3792                   ,6.6616                ,          940.67 ,     43.8284 ,-76.1794      ,            239.0594 ,                   14.3522 ,         0 ,6.2032               ,100.2577         ,100.2577         ,       901.6082 ,                1 ,          261.012  ,                   1 ,               14.0695 ,4.9301                  ,-32768               ,                        974.8464 ,               1.6579   , , , , ,
[2023-02-01T18:56:16.5148496] ,  1760.802  ,01-Feb-2023 18:54:57 ,                260.9012 ,         100      ,             260.9012 ,              902.118  ,         250.6446 ,                14.9047 ,             946.4521 ,          43.8284 ,-76.1793           ,               12.5096  ,5.9449                   ,5.9033                ,          946.49 ,     43.8284 ,-76.1793      ,            244.5818 ,                   13.8503 ,         0 ,6.6616               ,101.1206         ,101.1206         ,       901.2158 ,                1 ,          260.9887 ,                   1 ,               14.0622 ,4.94                    ,-32768               ,                        980.9109 ,               1.6559   , , , , ,
[2023-02-01T18:56:16.5174877] ,  1761.802  ,01-Feb-2023 18:54:58 ,                260.8571 ,         100      ,             260.8571 ,              901.3369 ,         250.6063 ,                14.8951 ,             952.6361 ,          43.8285 ,-76.1791           ,               13.9462  ,4.0141                   ,6.1514                ,          952.65 ,     43.8285 ,-76.1791      ,            253.9428 ,                   14.5123 ,         0 ,5.9033               ,100.9371         ,100.9371         ,       900.2648 ,                1 ,          260.9469 ,                   1 ,               14.05   ,4.9464                  ,-32768               ,                        986.9519 ,               1.6514   , , , , ,
[2023-02-01T18:56:25.7624065] ,  1762.802  ,01-Feb-2023 18:54:59 ,                260.7953 ,         100      ,             260.7953 ,              900.5549 ,         250.5739 ,                14.8797 ,             959.0293 ,          43.8285 ,-76.1789           ,               16.0017  ,3.015                    ,6.3746                ,          958.45 ,     43.8285 ,-76.1789      ,            259.3296 ,                   16.2832 ,         0 ,6.1514               ,100.0637         ,100.0637         ,       899.3994 ,                1 ,          260.8837 ,                   1 ,               14.0328 ,4.9494                  ,-32768               ,                        993.2895 ,               1.6446   , , , , ,
[2023-02-01T18:56:25.7656793] ,  1763.802  ,01-Feb-2023 18:55:00 ,                260.7406 ,         100      ,             260.7406 ,              899.7731 ,         250.5464 ,                14.8588 ,             965.7115 ,          43.8285 ,-76.1787           ,               15.2216  ,3.669                    ,6.9927                ,          966.17 ,     43.8285 ,-76.1787      ,            256.448  ,                   15.6576 ,         0 ,6.3746               ,99.6348          ,99.6348          ,       898.4804 ,                1 ,          260.8258 ,                   1 ,               14.0104 ,4.9488                  ,-32768               ,                       1000.1877 ,               1.6388   , , , , ,
[2023-02-01T18:56:25.7684248] ,  1764.802  ,01-Feb-2023 18:55:01 ,                260.7193 ,         100      ,             260.7193 ,              898.9945 ,         250.5216 ,                14.833  ,             972.5136 ,          43.8286 ,-76.1785           ,               14.8967  ,3.7998                   ,5.3341                ,          972.54 ,     43.8286 ,-76.1785      ,            255.6901 ,                   15.3736 ,         0 ,6.9927               ,99.7958          ,99.7958          ,       897.7229 ,                1 ,          260.8134 ,                   1 ,               13.9839 ,4.9459                  ,-32768               ,                       1006.9501 ,               1.6374   , , , , ,
[2023-02-01T18:56:25.7713623] ,  1765.802  ,01-Feb-2023 18:55:02 ,                260.6812 ,         100      ,             260.6812 ,              898.2194 ,         250.4963 ,                14.8027 ,             979.4019 ,          43.8286 ,-76.1783           ,               15.3534  ,3.3747                   ,6.8952                ,          979.29 ,     43.8286 ,-76.1783      ,            257.6035 ,                   15.7199 ,         0 ,5.3341               ,99.4207          ,99.4207          ,       897.2402 ,                1 ,          260.7788 ,                   1 ,               13.9532 ,4.9419                  ,-32768               ,                       1013.6691 ,               1.6338   , , , , ,
[2023-02-01T18:56:25.7754011] ,  1766.802  ,01-Feb-2023 18:55:03 ,                260.6179 ,          99.8849 ,             260.6034 ,              897.4479 ,         250.4675 ,                14.7684 ,             986.4604 ,          43.8286 ,-76.1782           ,               14.9072  ,4.0859                   ,6.907                 ,          986.13 ,     43.8286 ,-76.1782      ,            254.6723 ,                   15.457  ,         0 ,6.8952               ,99.3538          ,99.3538          ,       896.4161 ,                1 ,          260.7241 ,                   1 ,               13.9187 ,4.9376                  ,-32768               ,                       1020.6305 ,               1.6249   , , , , ,
[2023-02-01T18:56:25.7788379] ,  1767.802  ,01-Feb-2023 18:55:04 ,                260.5192 ,         100      ,             260.5192 ,              896.6775 ,         250.433  ,                14.7305 ,             993.5835 ,          43.8287 ,-76.178            ,               13.798   ,4.692                    ,7.4029                ,          993.56 ,     43.8287 ,-76.178       ,            251.2193 ,                   14.574  ,         0 ,6.907                ,99.7396          ,99.7396          ,       895.4864 ,                1 ,          260.6272 ,                   1 ,               13.8799 ,4.9333                  ,-32768               ,                       1027.9143 ,               1.6153   , , , , ,
[2023-02-01T18:56:25.7813353] ,  1768.802  ,01-Feb-2023 18:55:05 ,                260.4018 ,         100      ,             260.4018 ,              895.9077 ,         250.3909 ,                14.6895 ,            1000.4878 ,          43.8287 ,-76.1778           ,               13.2422  ,6.0481                   ,6.8633                ,         1001.24 ,     43.8287 ,-76.1778      ,            245.4525 ,                   14.558  ,         0 ,7.4029               ,99.684           ,99.684           ,       894.718  ,                1 ,          260.5002 ,                   1 ,               13.8375 ,4.9295                  ,-32768               ,                       1034.9651 ,               1.6014   , , , , ,
[2023-02-01T18:56:25.7837157] ,  1769.802  ,01-Feb-2023 18:55:06 ,                260.3641 ,         100      ,             260.3641 ,              895.1409 ,         250.3397 ,                14.6459 ,            1006.8832 ,          43.8288 ,-76.1776           ,               13.9942  ,6.55                     ,6.157                 ,         1006.67 ,     43.8288 ,-76.1776      ,            244.918  ,                   15.4512 ,         0 ,6.8633               ,101.2003         ,101.2003         ,       894.0283 ,                1 ,          260.4562 ,                   1 ,               13.7921 ,4.9272                  ,-32768               ,                       1041.2211 ,               1.5979   , , , , ,
[2023-02-01T18:56:25.7858374] ,  1770.802  ,01-Feb-2023 18:55:07 ,                260.369  ,         100      ,             260.369  ,              894.3766 ,         250.2787 ,                14.6003 ,            1012.9942 ,          43.8288 ,-76.1775           ,               14.6035  ,5.7764                   ,5.9452                ,         1013.24 ,     43.8288 ,-76.1775      ,            248.4186 ,                   15.7044 ,         0 ,6.157                ,103.7118         ,103.7118         ,       893.0975 ,                1 ,          260.4586 ,                   1 ,               13.7441 ,4.9268                  ,-32768               ,                       1047.267  ,               1.5999   , , , , ,
[2023-02-01T18:57:52.5020277] ,  1771.802  ,01-Feb-2023 18:55:08 ,                260.3545 ,         100      ,             260.3545 ,              893.6114 ,         250.2079 ,                14.5532 ,            1019.035  ,          43.8289 ,-76.1773           ,               13.7922  ,4.7314                   ,6.0862                ,         1018.54 ,     43.8289 ,-76.1773      ,            251.0656 ,                   14.5811 ,         0 ,5.9452               ,103.2862         ,103.2862         ,       892.6164 ,                1 ,          260.4452 ,                   1 ,               13.6938 ,4.928                   ,-32768               ,                       1053.2621 ,               1.5994   , , , , ,
[2023-02-01T18:57:52.5044243] ,  1772.802  ,01-Feb-2023 18:55:09 ,                260.3106 ,         100      ,             260.3106 ,              892.8429 ,         250.1275 ,                14.5053 ,            1025.2894 ,          43.8289 ,-76.1771           ,               12.8618  ,4.5402                   ,6.5032                ,         1025.53 ,     43.8289 ,-76.1771      ,            250.5569 ,                   13.6396 ,         0 ,6.0862               ,104.759          ,104.759          ,       891.8488 ,                1 ,          260.4037 ,                   1 ,               13.6415 ,4.9308                  ,-32768               ,                       1059.5838 ,               1.5951   , , , , ,
[2023-02-01T18:57:52.5072891] ,  1773.802  ,01-Feb-2023 18:55:10 ,                260.2683 ,         100      ,             260.2683 ,              892.0692 ,         250.0378 ,                14.4575 ,            1031.7743 ,          43.829  ,-76.177            ,               12.4281  ,5.1105                   ,6.9012                ,         1031.33 ,     43.829  ,-76.177       ,            247.6474 ,                   13.4378 ,         0 ,6.5032               ,102.9461         ,102.9461         ,       891.0024 ,                1 ,          260.366  ,                   1 ,               13.5886 ,4.9356                  ,-32768               ,                       1066.0396 ,               1.591    , , , , ,
[2023-02-01T18:57:52.5094116] ,  1774.802  ,01-Feb-2023 18:55:11 ,                260.2051 ,         100      ,             260.2051 ,              891.2905 ,         249.9395 ,                14.4107 ,            1038.4772 ,          43.829  ,-76.1768           ,               13.2355  ,5.7311                   ,7.1827                ,         1038.76 ,     43.829  ,-76.1768      ,            246.5869 ,                   14.4231 ,         0 ,6.9012               ,102.7937         ,102.7937         ,       889.9918 ,                1 ,          260.3043 ,                   1 ,               13.5362 ,4.943                   ,-32768               ,                       1072.8559 ,               1.5842   , , , , ,
[2023-02-01T18:57:52.5116760] ,  1775.802  ,01-Feb-2023 18:55:12 ,                260.1384 ,         100      ,             260.1384 ,              890.5062 ,         249.8334 ,                14.3656 ,            1045.232  ,          43.8291 ,-76.1766           ,               13.6212  ,5.8171                   ,6.3268                ,         1045.29 ,     43.8291 ,-76.1766      ,            246.8746 ,                   14.8113 ,         0 ,7.1827               ,102.6227         ,102.6227         ,       889.3653 ,                1 ,          260.2366 ,                   1 ,               13.4849 ,4.9526                  ,-32768               ,                       1079.6544 ,               1.5771   , , , , ,
[2023-02-01T18:57:52.5141125] ,  1776.802  ,01-Feb-2023 18:55:13 ,                260.0696 ,         100      ,             260.0696 ,              889.7141 ,         249.7205 ,                14.3226 ,            1051.9996 ,          43.8291 ,-76.1765           ,               13.4751  ,5.4325                   ,6.27                  ,         1052.18 ,     43.8291 ,-76.1765      ,            248.0432 ,                   14.529  ,         0 ,6.3268               ,102.6052         ,102.6052         ,       888.662  ,                1 ,          260.1615 ,                   1 ,               13.4347 ,4.9642                  ,-32768               ,                       1086.3729 ,               1.5697   , , , , ,
[2023-02-01T18:57:52.5164436] ,  1777.802  ,01-Feb-2023 18:55:14 ,                260.0525 ,         100      ,             260.0525 ,              888.9108 ,         249.6018 ,                14.2825 ,            1058.8455 ,          43.8292 ,-76.1763           ,               13.5295  ,4.6233                   ,7.0995                ,         1058.66 ,     43.8292 ,-76.1763      ,            251.1334 ,                   14.2976 ,         0 ,6.27                 ,102.8244         ,102.8244         ,       888.0812 ,                1 ,          260.1437 ,                   1 ,               13.3866 ,4.9778                  ,-32768               ,                       1093.0277 ,               1.5689   , , , , ,
[2023-02-01T18:57:52.5196442] ,  1778.802  ,01-Feb-2023 18:55:15 ,                260.0276 ,         100      ,             260.0276 ,              888.0985 ,         249.4784 ,                14.2456 ,            1065.8838 ,          43.8292 ,-76.1761           ,               13.3842  ,4.2032                   ,7.4463                ,         1065.31 ,     43.8292 ,-76.1761      ,            252.5655 ,                   14.0287 ,         0 ,7.0995               ,102.2474         ,102.2474         ,       887.0309 ,                1 ,          260.1178 ,                   1 ,               13.3414 ,4.9938                  ,-32768               ,                       1100.0135 ,               1.5672   , , , , ,
[2023-02-01T18:57:52.5221143] ,  1779.802  ,01-Feb-2023 18:55:16 ,                259.9962 ,         100      ,             259.9962 ,              887.2782 ,         249.3518 ,                14.2121 ,            1073.088  ,          43.8292 ,-76.176            ,               12.9114  ,4.2115                   ,7.6695                ,         1073.52 ,     43.8292 ,-76.176       ,            251.9344 ,                   13.5809 ,         0 ,7.4463               ,100.7091         ,100.7091         ,       886.0859 ,                1 ,          260.0904 ,                   1 ,               13.2993 ,5.0116                  ,-32768               ,                       1107.5361 ,               1.5646   , , , , ,
[2023-02-01T18:57:52.5242704] ,  1780.802  ,01-Feb-2023 18:55:17 ,                259.9332 ,         100      ,             259.9332 ,              886.4553 ,         249.2238 ,                14.1821 ,            1080.1375 ,          43.8293 ,-76.1758           ,               13.1243  ,3.1032                   ,7.3246                ,         1080.73 ,     43.8293 ,-76.1758      ,            256.697  ,                   13.4861 ,         0 ,7.6695               ,100.5669         ,100.5669         ,       885.2272 ,                1 ,          260.0268 ,                   1 ,               13.2603 ,5.0306                  ,-32768               ,                       1114.7064 ,               1.5581   , , , , ,
[2023-02-01T18:57:52.5284878] ,  1781.802  ,01-Feb-2023 18:55:18 ,                259.8822 ,         100      ,             259.8822 ,              885.6324 ,         249.0966 ,                14.156  ,            1086.9669 ,          43.8293 ,-76.1757           ,               13.0794  ,2.1162                   ,6.6839                ,         1086.97 ,     43.8293 ,-76.1757      ,            260.8096 ,                   13.2495 ,         0 ,7.3246               ,100.9408         ,100.9408         ,       884.382  ,                1 ,          259.9767 ,                   1 ,               13.2247 ,5.0507                  ,-32768               ,                       1121.2101 ,               1.5531   , , , , ,
[2023-02-01T18:57:52.5312269] ,  1782.802  ,01-Feb-2023 18:55:19 ,                259.8314 ,         100      ,             259.8313 ,              884.8092 ,         248.9733 ,                14.1343 ,            1093.9564 ,          43.8293 ,-76.1755           ,               12.767   ,1.577                    ,6.349                 ,         1092.99 ,     43.8293 ,-76.1755      ,            262.9584 ,                   12.864  ,         0 ,6.6839               ,100.8017         ,100.8017         ,       883.7871 ,                1 ,          259.9233 ,                   1 ,               13.1932 ,5.0714                  ,-32768               ,                       1127.8776 ,               1.5481   , , , , ,
[2023-02-01T18:57:52.5337686] ,  1783.802  ,01-Feb-2023 18:55:20 ,                259.7896 ,         100      ,             259.7896 ,              883.9825 ,         248.8579 ,                14.1178 ,            1101.3881 ,          43.8293 ,-76.1753           ,               12.7867  ,2.3542                   ,7.3819                ,         1101.21 ,     43.8293 ,-76.1753      ,            259.5678 ,                   13.0017 ,         0 ,6.349                ,100.8676         ,100.8676         ,       883.0815 ,                1 ,          259.8825 ,                   1 ,               13.1669 ,5.092                   ,-32768               ,                       1135.5975 ,               1.5443   , , , , ,
[2023-02-01T18:57:52.5373444] ,  1784.802  ,01-Feb-2023 18:55:21 ,                259.7515 ,         100      ,             259.7515 ,              883.1514 ,         248.7547 ,                14.1072 ,            1109.0202 ,          43.8294 ,-76.1752           ,               12.3124  ,4.422                    ,7.4943                ,         1109.85 ,     43.8294 ,-76.1752      ,            250.2443 ,                   13.0824 ,         0 ,7.3819               ,101.6904         ,101.6904         ,       881.9999 ,                1 ,          259.8484 ,                   1 ,               13.1481 ,5.1119                  ,-32768               ,                       1143.5698 ,               1.541    , , , , ,
[2023-02-01T18:57:52.5396119] ,  1785.802  ,01-Feb-2023 18:55:22 ,                259.6747 ,         100      ,             259.6747 ,              882.3149 ,         248.6678 ,                14.103  ,            1116.3213 ,          43.8294 ,-76.175            ,               12.9087  ,6.6741                   ,6.9086                ,         1116.56 ,     43.8294 ,-76.175       ,            242.6599 ,                   14.532  ,         0 ,7.4943               ,102.802          ,102.802          ,       881.199  ,                1 ,          259.7709 ,                   1 ,               13.1367 ,5.1307                  ,-32768               ,                       1150.6764 ,               1.5328   , , , , ,
[2023-02-01T18:57:52.5427860] ,  1786.802  ,01-Feb-2023 18:55:23 ,                259.6035 ,         100      ,             259.6034 ,              881.4766 ,         248.6001 ,                14.105  ,            1123.3136 ,          43.8295 ,-76.1749           ,               13.8349  ,7.8228                   ,7.1289                ,         1122.9  ,     43.8295 ,-76.1749      ,            240.5143 ,                   15.8934 ,         0 ,6.9086               ,102.2601         ,102.2601         ,       880.3585 ,                1 ,          259.7    ,                   1 ,               13.1326 ,5.1469                  ,-32768               ,                       1157.3266 ,               1.5254   , , , , ,
[2023-02-01T18:57:52.5456772] ,  1787.802  ,01-Feb-2023 18:55:24 ,                259.5459 ,         100      ,             259.5459 ,              880.6375 ,         248.5536 ,                14.1134 ,            1130.3378 ,          43.8296 ,-76.1747           ,               13.6074  ,7.7421                   ,7.7963                ,         1129.68 ,     43.8296 ,-76.1747      ,            240.3617 ,                   15.6557 ,         0 ,7.1289               ,102.5905         ,102.5905         ,       879.538  ,                1 ,          259.6424 ,                   1 ,               13.1361 ,5.1601                  ,-32768               ,                       1164.5023 ,               1.5197   , , , , ,
[2023-02-01T18:57:52.5483658] ,  1788.802  ,01-Feb-2023 18:55:25 ,                259.4868 ,         100      ,             259.4868 ,              879.8001 ,         248.529  ,                14.1281 ,            1137.346  ,          43.8296 ,-76.1745           ,               14.0871  ,8.171                    ,7.493                 ,         1138.86 ,     43.8296 ,-76.1745      ,            239.8848 ,                   16.2853 ,         0 ,7.7963               ,101.687          ,101.687          ,       878.7    ,                1 ,          259.5838 ,                   1 ,               13.1473 ,5.1713                  ,-32768               ,                       1171.9366 ,               1.5138   , , , , ,
[2023-02-01T18:57:52.5566528] ,  1789.802  ,01-Feb-2023 18:55:26 ,                259.4168 ,         100      ,             259.4168 ,              878.9654 ,         248.5273 ,                14.1492 ,            1144.0597 ,          43.8297 ,-76.1743           ,               13.9048  ,7.7095                   ,7.2932                ,         1143.48 ,     43.8297 ,-76.1743      ,            240.9939 ,                   15.899  ,         0 ,7.493                ,101.32           ,101.32           ,       877.7536 ,                1 ,          259.5125 ,                   1 ,               13.1669 ,5.1795                  ,-32768               ,                       1178.2144 ,               1.5066   , , , , ,
[2023-02-01T18:57:52.5588934] ,  1790.802  ,01-Feb-2023 18:55:27 ,                259.3554 ,         100      ,             259.3554 ,              878.1323 ,         248.549  ,                14.1763 ,            1150.9622 ,          43.8298 ,-76.1742           ,               12.2766  ,6.4935                   ,7.394                 ,         1150.06 ,     43.8298 ,-76.1742      ,            242.1239 ,                   13.8881 ,         0 ,7.2932               ,103.1291         ,103.1291         ,       876.9559 ,                1 ,          259.45   ,                   1 ,               13.1943 ,5.1844                  ,-32768               ,                       1184.9326 ,               1.5005   , , , , ,
[2023-02-01T18:57:52.5612233] ,  1791.802  ,01-Feb-2023 18:55:28 ,                259.3045 ,         100      ,             259.3045 ,              877.2983 ,         248.5943 ,                14.2087 ,            1158.284  ,          43.8298 ,-76.174            ,               11.3369  ,5.4025                   ,6.8044                ,         1158.92 ,     43.8298 ,-76.174       ,            244.5201 ,                   12.5583 ,         0 ,7.394                ,103.2005         ,103.2005         ,       876.2526 ,                1 ,          259.3982 ,                   1 ,               13.2289 ,5.1858                  ,-32768               ,                       1192.6645 ,               1.4957   , , , , ,
[2023-02-01T18:57:52.5634486] ,  1792.802  ,01-Feb-2023 18:55:29 ,                259.2565 ,         100      ,             259.2565 ,              876.4604 ,         248.6627 ,                14.2459 ,            1165.6781 ,          43.8299 ,-76.1739           ,               11.2427  ,5.4457                   ,6.7058                ,         1165.82 ,     43.8299 ,-76.1739      ,            244.1554 ,                   12.4921 ,         0 ,6.8044               ,101.7683         ,101.7683         ,       875.4636 ,                1 ,          259.35   ,                   1 ,               13.2696 ,5.1837                  ,-32768               ,                       1200.0936 ,               1.4913   , , , , ,
[2023-02-01T18:57:52.5656513] ,  1793.802  ,01-Feb-2023 18:55:30 ,                259.2041 ,         100      ,             259.2041 ,              875.6132 ,         248.7538 ,                14.2876 ,            1173.078  ,          43.8299 ,-76.1738           ,               10.7899  ,5.5854                   ,7.1316                ,         1173.09 ,     43.8299 ,-76.1738      ,            242.6316 ,                   12.1499 ,         0 ,6.7058               ,100.1462         ,100.1462         ,       874.6501 ,                1 ,          259.2976 ,                   1 ,               13.3164 ,5.1775                  ,-32768               ,                       1207.2668 ,               1.4863   , , , , ,
[2023-02-01T18:57:52.5688459] ,  1794.802  ,01-Feb-2023 18:55:31 ,                259.1513 ,         100      ,             259.1513 ,              874.756  ,         248.8664 ,                14.3336 ,            1180.5908 ,          43.83   ,-76.1736           ,               11.6611  ,4.5918                   ,7.8027                ,         1180.04 ,     43.83   ,-76.1736      ,            248.5069 ,                   12.5326 ,         0 ,7.1316               ,99.7781          ,99.7781          ,       873.6603 ,                1 ,          259.2449 ,                   1 ,               13.3695 ,5.1676                  ,-32768               ,                       1214.6492 ,               1.4814   , , , , ,
[2023-02-01T18:57:52.5710099] ,  1795.802  ,01-Feb-2023 18:55:32 ,                259.1009 ,         100      ,             259.1009 ,              873.89   ,         248.9993 ,                14.3837 ,            1188.2823 ,          43.83   ,-76.1735           ,               13.0952  ,4.208                    ,7.8581                ,         1188.46 ,     43.83   ,-76.1735      ,            252.1855 ,                   13.7547 ,         0 ,7.8027               ,100.1302         ,100.1302         ,       872.7872 ,                1 ,          259.1951 ,                   1 ,               13.428  ,5.1548                  ,-32768               ,                       1222.5569 ,               1.4767   , , , , ,
[2023-02-01T18:57:52.6332339] ,  1796.802  ,01-Feb-2023 18:55:33 ,                259.0465 ,         100      ,             259.0465 ,              873.0175 ,         249.1518 ,                14.4375 ,            1195.8773 ,          43.83   ,-76.1733           ,               13.9341  ,4.6088                   ,7.7451                ,         1196.44 ,     43.83   ,-76.1733      ,            251.6981 ,                   14.6765 ,         0 ,7.8581               ,99.8279          ,99.8279          ,       871.8517 ,                1 ,          259.1415 ,                   1 ,               13.4918 ,5.1385                  ,-32768               ,                       1230.3261 ,               1.4716   , , , , ,
[2023-02-01T18:57:52.6397740] ,  1797.802  ,01-Feb-2023 18:55:34 ,                258.9892 ,          99.8099 ,             258.9656 ,              872.1411 ,         249.3225 ,                14.4943 ,            1203.266  ,          43.8301 ,-76.1731           ,               13.8721  ,5.3722                   ,7.2216                ,         1203.31 ,     43.8301 ,-76.1731      ,            248.8303 ,                   14.876  ,         0 ,7.7451               ,99.8692          ,99.8692          ,       871.0834 ,                1 ,          259.0851 ,                   1 ,               13.5603 ,5.1183                  ,-32768               ,                       1237.5127 ,               1.4634   , , , , ,
[2023-02-01T18:57:52.6462976] ,  1798.802  ,01-Feb-2023 18:55:35 ,                258.9264 ,          99.5776 ,             258.8741 ,              871.2621 ,         249.5087 ,                14.5532 ,            1210.7081 ,          43.8301 ,-76.1729           ,               13.4614  ,6.0271                   ,7.5142                ,         1210.15 ,     43.8301 ,-76.1729      ,            245.8805 ,                   14.7491 ,         0 ,7.2216               ,99.5328          ,99.5328          ,       870.2299 ,                1 ,          259.0219 ,                   1 ,               13.6326 ,5.0946                  ,-32768               ,                       1244.7221 ,               1.4539   , , , , ,
[2023-02-01T18:57:52.6547588] ,  1799.802  ,01-Feb-2023 18:55:36 ,                258.8625 ,          99.4967 ,             258.8002 ,              870.3829 ,         249.7063 ,                14.6132 ,            1218.4979 ,          43.8302 ,-76.1728           ,               13.325   ,6.5938                   ,8.2102                ,         1218.31 ,     43.8302 ,-76.1728      ,            243.6718 ,                   14.8672 ,         0 ,7.5142               ,98.7736          ,98.7736          ,       869.3371 ,                1 ,          258.9629 ,                   1 ,               13.7063 ,5.0684                  ,-32768               ,                       1252.5478 ,               1.4466   , , , , ,
[2023-02-01T18:57:52.6612310] ,  1800.802  ,01-Feb-2023 18:55:37 ,                258.8041 ,          99.6676 ,             258.763  ,              869.5074 ,         249.9111 ,                14.6732 ,            1226.5135 ,          43.8303 ,-76.1726           ,               13.7503  ,6.3103                   ,7.9592                ,         1226.48 ,     43.8303 ,-76.1726      ,            245.3488 ,                   15.1291 ,         0 ,8.2102               ,98.0956          ,98.0956          ,       868.335  ,                1 ,          258.9185 ,                   1 ,               13.7805 ,5.04                    ,-32768               ,                       1260.7005 ,               1.4436   , , , , ,
[2023-02-01T18:57:52.6651245] ,  1801.802  ,01-Feb-2023 18:55:38 ,                258.6411 ,         100      ,             258.6411 ,              868.6383 ,         250.1186 ,                14.7324 ,            1234.4124 ,          43.8303 ,-76.1724           ,               13.5829  ,4.8551                   ,8.0879                ,         1234.85 ,     43.8303 ,-76.1724      ,            250.3311 ,                   14.4245 ,         0 ,7.9592               ,98.6969          ,98.6969          ,       867.4263 ,                1 ,          258.7522 ,                   1 ,               13.8544 ,5.0099                  ,-32768               ,                       1268.7218 ,               1.4306   , , , , ,
[2023-02-01T18:57:52.6672889] ,  1802.802  ,01-Feb-2023 18:55:39 ,                258.4864 ,         100      ,             258.4863 ,              867.7777 ,         250.3241 ,                14.79   ,            1241.9013 ,          43.8303 ,-76.1723           ,               14.0758  ,3.8717                   ,7.1372                ,         1242.1  ,     43.8303 ,-76.1723      ,            254.6205 ,                   14.5986 ,         0 ,8.0879               ,100.4359         ,100.4359         ,       866.6145 ,                1 ,          258.5893 ,                   1 ,               13.9267 ,4.9794                  ,-32768               ,                       1276.1801 ,               1.4139   , , , , ,
[2023-02-01T18:57:52.6694074] ,  1803.802  ,01-Feb-2023 18:55:40 ,                258.4495 ,         100      ,             258.4494 ,              866.9255 ,         250.5242 ,                14.8449 ,            1248.9613 ,          43.8304 ,-76.1721           ,               14.1134  ,3.6649                   ,6.964                 ,         1249.15 ,     43.8304 ,-76.1721      ,            255.4431 ,                   14.5815 ,         0 ,7.1372               ,100.0242         ,100.0242         ,       865.8569 ,                1 ,          258.5519 ,                   1 ,               13.9957 ,4.9491                  ,-32768               ,                       1283.1488 ,               1.411    , , , , ,
[2023-02-01T18:57:52.6723939] ,  1804.802  ,01-Feb-2023 18:55:41 ,                258.402  ,         100      ,             258.402  ,              866.0815 ,         250.7168 ,                14.8964 ,            1255.8523 ,          43.8304 ,-76.1719           ,               13.6093  ,3.5524                   ,7.4374                ,         1255.51 ,     43.8304 ,-76.1719      ,            255.3707 ,                   14.0653 ,         0 ,6.964                ,99.4507          ,99.4507          ,       864.989  ,                1 ,          258.4963 ,                   1 ,               14.0605 ,4.9193                  ,-32768               ,                       1289.8975 ,               1.4069   , , , , ,
[2023-02-01T18:57:52.6747036] ,  1805.802  ,01-Feb-2023 18:55:42 ,                258.3351 ,         100      ,             258.335  ,              865.2444 ,         250.9009 ,                14.9436 ,            1262.9504 ,          43.8304 ,-76.1718           ,               13.5648  ,3.7688                   ,7.4855                ,         1262.63 ,     43.8304 ,-76.1718      ,            254.4728 ,                   14.0787 ,         0 ,7.4374               ,99.7135          ,99.7135          ,       864.1512 ,                1 ,          258.4169 ,                   1 ,               14.1209 ,4.8898                  ,-32768               ,                       1297.0003 ,               1.4005   , , , , ,
[2023-02-01T18:57:52.6769348] ,  1806.802  ,01-Feb-2023 18:55:43 ,                258.3615 ,          99.9558 ,             258.356  ,              864.4142 ,         251.0757 ,                14.9854 ,            1270.3334 ,          43.8305 ,-76.1716           ,               14.0283  ,4.167                    ,7.4642                ,         1270.47 ,     43.8305 ,-76.1716      ,            253.4565 ,                   14.6341 ,         0 ,7.4855               ,99.1233          ,99.1233          ,       863.2719 ,                1 ,          258.4416 ,                   1 ,               14.1758 ,4.8604                  ,-32768               ,                       1304.4698 ,               1.4043   , , , , ,
[2023-02-01T18:57:52.6792513] ,  1807.802  ,01-Feb-2023 18:55:44 ,                258.4089 ,          99.9897 ,             258.4077 ,              863.592  ,         251.2394 ,                15.0208 ,            1277.8589 ,          43.8305 ,-76.1714           ,               14.6317  ,4.3195                   ,6.9287                ,         1277.58 ,     43.8305 ,-76.1714      ,            253.5525 ,                   15.256  ,         0 ,7.4642               ,99.2213          ,99.2213          ,       862.5128 ,                1 ,          258.4926 ,                   1 ,               14.2234 ,4.8312                  ,-32768               ,                       1311.9635 ,               1.4116   , , , , ,
[2023-02-01T18:57:52.6815962] ,  1808.802  ,01-Feb-2023 18:55:45 ,                258.3899 ,         100      ,             258.3899 ,              862.7804 ,         251.3894 ,                15.0493 ,            1285.3392 ,          43.8305 ,-76.1712           ,               15.4434  ,4.3698                   ,7.091                 ,         1285.62 ,     43.8306 ,-76.1712      ,            254.2008 ,                   16.0497 ,         0 ,6.9287               ,98.8096          ,98.8096          ,       861.6747 ,                1 ,          258.4786 ,                   1 ,               14.2627 ,4.8027                  ,-32768               ,                       1319.5555 ,               1.4109   , , , , ,
[2023-02-01T18:57:52.6844823] ,  1809.802  ,01-Feb-2023 18:55:46 ,                258.3412 ,         100      ,             258.3412 ,              861.9803 ,         251.5228 ,                15.0709 ,            1292.5015 ,          43.8306 ,-76.171            ,               15.5862  ,3.5437                   ,7.9127                ,         1292.9  ,     43.8306 ,-76.171       ,            257.1908 ,                   15.984  ,         0 ,7.091                ,99.0015          ,99.0015          ,       860.7748 ,                1 ,          258.436  ,                   1 ,               14.2939 ,4.7759                  ,-32768               ,                       1326.7249 ,               1.4065   , , , , ,
[2023-02-01T18:57:52.6866945] ,  1810.802  ,01-Feb-2023 18:55:47 ,                258.2837 ,         100      ,             258.2836 ,              861.193  ,         251.6371 ,                15.0859 ,            1299.26   ,          43.8306 ,-76.1708           ,               16.0652  ,3.6623                   ,6.8197                ,         1299.02 ,     43.8306 ,-76.1708      ,            257.1581 ,                   16.4773 ,         0 ,7.9127               ,99.6156          ,99.6156          ,       859.9623 ,                1 ,          258.3793 ,                   1 ,               14.3178 ,4.752                   ,-32768               ,                       1333.3487 ,               1.4012   , , , , ,
[2023-02-01T18:57:52.6890556] ,  1811.802  ,01-Feb-2023 18:55:48 ,                258.23   ,         100      ,             258.23   ,              860.4175 ,         251.7315 ,                15.0944 ,            1305.8218 ,          43.8307 ,-76.1706           ,               16.8151  ,5.0074                   ,6.5002                ,         1305.97 ,     43.8307 ,-76.1706      ,            253.4169 ,                   17.5449 ,         0 ,6.8197               ,100.9011         ,100.9011         ,       859.2961 ,                1 ,          258.3246 ,                   1 ,               14.3337 ,4.7313                  ,-32768               ,                       1339.9217 ,               1.3962   , , , , ,
[2023-02-01T18:57:52.6913890] ,  1812.802  ,01-Feb-2023 18:55:49 ,                258.197  ,         100      ,             258.1969 ,              859.6518 ,         251.8067 ,                15.0964 ,            1312.2996 ,          43.8307 ,-76.1704           ,               16.6949  ,5.7549                   ,6.6925                ,         1312.1  ,     43.8307 ,-76.1704      ,            250.9803 ,                   17.659  ,         0 ,6.5002               ,101.2            ,101.2            ,       858.6418 ,                1 ,          258.2943 ,                   1 ,               14.3417 ,4.7135                  ,-32768               ,                       1346.4256 ,               1.3937   , , , , ,
[2023-02-01T18:57:52.6941468] ,  1813.802  ,01-Feb-2023 18:55:50 ,                258.1402 ,         100      ,             258.1401 ,              858.8933 ,         251.8648 ,                15.0919 ,            1318.8873 ,          43.8308 ,-76.1702           ,               16.4552  ,6.1931                   ,6.2867                ,         1319.01 ,     43.8308 ,-76.1702      ,            249.3756 ,                   17.5821 ,         0 ,6.6925               ,100.1378         ,100.1378         ,       857.8256 ,                1 ,          258.2434 ,                   1 ,               14.3425 ,4.6978                  ,-32768               ,                       1353.0431 ,               1.3884   , , , , ,
[2023-02-01T18:57:52.6964980] ,  1814.802  ,01-Feb-2023 18:55:51 ,                258.064  ,         100      ,             258.064  ,              858.1414 ,         251.9077 ,                15.0809 ,            1325.6079 ,          43.8308 ,-76.17             ,               16.3099  ,6.5892                   ,6.7479                ,         1325.43 ,     43.8308 ,-76.17        ,            248.0012 ,                   17.5907 ,         0 ,6.2867               ,99.7971          ,99.7971          ,       857.0794 ,                1 ,          258.1794 ,                   1 ,               14.3355 ,4.6833                  ,-32768               ,                       1359.7442 ,               1.3809   , , , , ,
[2023-02-01T18:57:52.6987161] ,  1815.802  ,01-Feb-2023 18:55:52 ,                257.9112 ,         100      ,             257.9112 ,              857.3971 ,         251.9372 ,                15.0638 ,            1332.5478 ,          43.8309 ,-76.1698           ,               16.1558  ,6.3773                   ,6.6451                ,         1332.57 ,     43.8309 ,-76.1698      ,            248.459  ,                   17.3689 ,         0 ,6.7479               ,100.7241         ,100.7241         ,       856.2817 ,                1 ,          258.0254 ,                   1 ,               14.3215 ,4.6708                  ,-32768               ,                       1366.6959 ,               1.3647   , , , , ,
[2023-02-01T18:57:52.7010195] ,  1816.802  ,01-Feb-2023 18:55:53 ,                257.7731 ,         100      ,             257.7731 ,              856.664  ,         251.9551 ,                15.0415 ,            1339.7388 ,          43.8309 ,-76.1696           ,               15.3879  ,5.451                    ,6.958                 ,         1339.56 ,     43.8309 ,-76.1696      ,            250.4939 ,                   16.3248 ,         0 ,6.6451               ,102.9329         ,102.9329         ,       855.4478 ,                1 ,          257.8813 ,                   1 ,               14.3017 ,4.6595                  ,-32768               ,                       1373.9397 ,               1.3504   , , , , ,
[2023-02-01T18:57:52.7032708] ,  1817.802  ,01-Feb-2023 18:55:54 ,                257.7097 ,         100      ,             257.7097 ,              855.9453 ,         251.963  ,                15.0145 ,            1347.1419 ,          43.831  ,-76.1694           ,               14.2114  ,4.0866                   ,7.4363                ,         1347.64 ,     43.831  ,-76.1694      ,            253.957  ,                   14.7873 ,         0 ,6.958                ,104.5906         ,104.5906         ,       854.7608 ,                1 ,          257.8123 ,                   1 ,               14.277  ,4.6491                  ,-32768               ,                       1381.3386 ,               1.3444   , , , , ,
[2023-02-01T18:57:52.7063229] ,  1818.802  ,01-Feb-2023 18:55:55 ,                257.6687 ,         100      ,             257.6687 ,              855.2417 ,         251.9624 ,                14.9842 ,            1354.658  ,          43.831  ,-76.1693           ,               13.5416  ,3.0408                   ,7.6347                ,         1353.96 ,     43.831  ,-76.1693      ,            257.3439 ,                   13.8788 ,        15 ,7.4363               ,-32768           ,-32768           ,       853.769  ,                1 ,          257.7614 ,                   1 ,               14.2479 ,4.64                    ,-32768               ,                       1388.5929 ,               1.341    , , , , ,
[2023-02-01T18:57:52.7084975] ,  1819.802  ,01-Feb-2023 18:55:56 ,                257.6241 ,         100      ,             257.6241 ,              854.552  ,         251.9543 ,                14.9518 ,            1362.3959 ,          43.831  ,-76.1691           ,               13.1279  ,2.7881                   ,7.8675                ,         1362.29 ,     43.831  ,-76.1691      ,            258.0095 ,                   13.4207 ,        15 ,7.6347               ,-32768           ,-32768           ,       852.9006 ,                1 ,          257.7112 ,                   1 ,               14.2163 ,4.6317                  ,-32768               ,                       1396.4563 ,               1.3371   , , , , ,
[2023-02-01T18:57:52.7109574] ,  1820.802  ,01-Feb-2023 18:55:57 ,                257.5782 ,         100      ,             257.5781 ,              853.8738 ,         251.9398 ,                14.919  ,            1370.0679 ,          43.8311 ,-76.1689           ,               12.8138  ,3.3748                   ,7.918                 ,         1370.83 ,     43.8311 ,-76.1689      ,            255.2447 ,                   13.2508 ,        15 ,7.8675               ,-32768           ,-32768           ,       852.111  ,                1 ,          257.7518 ,                   1 ,               14.1836 ,4.6248                  ,-32768               ,                       1404.4217 ,               1.3331   , , , , ,
[2023-02-01T18:57:52.7134441] ,  1821.802  ,01-Feb-2023 18:55:58 ,                257.532  ,         100      ,             257.532  ,              853.2043 ,         251.9198 ,                14.8874 ,            1377.3536 ,          43.8311 ,-76.1688           ,               12.6737  ,4.6858                   ,7.3052                ,         1377.58 ,     43.8311 ,-76.1688      ,            249.7093 ,                   13.5122 ,        15 ,7.918                ,-32768           ,-32768           ,       851.246  ,                1 ,          257.6854 ,                   1 ,               14.1518 ,4.62                    ,-32768               ,                       1411.5352 ,               1.329    , , , , ,
[2023-02-01T18:57:52.7161446] ,  1822.802  ,01-Feb-2023 18:55:59 ,                257.4858 ,         100      ,             257.4858 ,              852.5397 ,         251.8963 ,                14.8585 ,            1384.4594 ,          43.8311 ,-76.1686           ,               13.1296  ,5.9723                   ,6.4843                ,         1383.89 ,     43.8312 ,-76.1686      ,            245.5405 ,                   14.4241 ,        15 ,7.3052               ,-32768           ,-32768           ,       850.5245 ,                1 ,          257.6196 ,                   1 ,               14.1228 ,4.617                   ,-32768               ,                       1418.2901 ,               1.325    , , , , ,
[2023-02-01T18:57:52.7194293] ,  1823.802  ,01-Feb-2023 18:56:00 ,                257.4396 ,         100      ,             257.4396 ,              851.8781 ,         251.872  ,                14.8333 ,            1391.7147 ,          43.8312 ,-76.1684           ,               13.4593  ,5.2772                   ,6.9697                ,         1391.33 ,     43.8312 ,-76.1684      ,            248.5906 ,                   14.4569 ,        15 ,6.4843               ,-32768           ,-32768           ,       849.6447 ,                1 ,          257.5454 ,                   1 ,               14.097  ,4.6152                  ,-32768               ,                       1425.5011 ,               1.3209   , , , , ,
[2023-02-01T18:57:52.7220187] ,  1824.802  ,01-Feb-2023 18:56:01 ,                257.3933 ,         100      ,             257.3933 ,              851.218  ,         251.8498 ,                14.8125 ,            1399.0837 ,          43.8312 ,-76.1683           ,               12.9264  ,4.1403                   ,7.4898                ,         1398.97 ,     43.8312 ,-76.1683      ,            252.2398 ,                   13.5732 ,        15 ,6.9697               ,-32768           ,-32768           ,       848.869  ,                1 ,          257.4373 ,                   1 ,               14.0753 ,4.6145                  ,-32768               ,                       1433.0385 ,               1.3168   , , , , ,
[2023-02-01T18:57:52.7244371] ,  1825.802  ,01-Feb-2023 18:56:02 ,                257.3469 ,         100      ,             257.3469 ,              850.558  ,         251.8325 ,                14.797  ,            1406.0837 ,          43.8313 ,-76.1681           ,               12.4381  ,3.589                    ,7.2994                ,         1406.67 ,     43.8313 ,-76.1681      ,            253.9044 ,                   12.9456 ,        15 ,7.4898               ,-32768           ,-32768           ,       847.8625 ,                1 ,          257.3684 ,                   1 ,               14.0593 ,4.6137                  ,-32768               ,                       1440.2865 ,               1.3128   , , , , ,
[2023-02-01T18:57:52.7268203] ,  1826.802  ,01-Feb-2023 18:56:03 ,                257.3005 ,         100      ,             257.3005 ,              849.898  ,         251.8222 ,                14.7874 ,            1412.265  ,          43.8313 ,-76.168            ,               12.4689  ,3.8362                   ,6.7885                ,         1412.86 ,     43.8313 ,-76.168       ,            252.8988 ,                   13.0457 ,        15 ,7.2994               ,-32768           ,-32768           ,       847.2864 ,                1 ,          257.3282 ,                   1 ,               14.0494 ,4.613                   ,-32768               ,                       1446.4491 ,               1.3088   , , , , ,
[2023-02-01T18:57:52.7311625] ,  1827.802  ,01-Feb-2023 18:56:04 ,                257.2542 ,         100      ,             257.2542 ,              849.238  ,         251.8212 ,                14.7848 ,            1417.5908 ,          43.8313 ,-76.1678           ,               13.0581  ,4.4846                   ,5.6246                ,         1417.39 ,     43.8313 ,-76.1678      ,            251.0456 ,                   13.8068 ,        15 ,6.7885               ,-32768           ,-32768           ,       846.548  ,                1 ,          257.2911 ,                   1 ,               14.0466 ,4.6124                  ,-32768               ,                       1451.6133 ,               1.3047   , , , , ,
[2023-02-01T18:57:52.7334652] ,  1828.802  ,01-Feb-2023 18:56:05 ,                257.2079 ,         100      ,             257.2078 ,              848.5781 ,         251.8321 ,                14.7897 ,            1422.5523 ,          43.8314 ,-76.1676           ,               13.8907  ,5.4821                   ,5.2291                ,         1422.73 ,     43.8314 ,-76.1676      ,            248.4628 ,                   14.9334 ,        15 ,5.6246               ,-32768           ,-32768           ,       845.976  ,                1 ,          257.2395 ,                   1 ,               14.0522 ,4.6115                  ,-32768               ,                       1456.5318 ,               1.3007   , , , , ,
[2023-02-01T18:57:52.7357398] ,  1829.802  ,01-Feb-2023 18:56:06 ,                257.1616 ,         100      ,             257.1615 ,              847.9181 ,         251.8583 ,                14.8028 ,            1427.6218 ,          43.8314 ,-76.1675           ,               14.6516  ,5.9638                   ,5.5235                ,         1426.86 ,     43.8314 ,-76.1674      ,            247.8518 ,                   15.8188 ,        15 ,5.2291               ,-32768           ,-32768           ,       845.4338 ,                1 ,          257.1524 ,                   1 ,               14.0666 ,4.6098                  ,-32768               ,                       1461.5037 ,               1.2967   , , , , ,
[2023-02-01T18:57:52.7380788] ,  1830.802  ,01-Feb-2023 18:56:07 ,                257.1154 ,         100      ,             257.1153 ,              847.2581 ,         251.9021 ,                14.8244 ,            1433.2173 ,          43.8315 ,-76.1673           ,               14.7686  ,5.2397                   ,5.5                   ,         1433.23 ,     43.8315 ,-76.1673      ,            250.466  ,                   15.6705 ,        15 ,5.5235               ,-32768           ,-32768           ,       844.7349 ,                1 ,          257.1367 ,                   1 ,               14.0906 ,4.6056                  ,-32768               ,                       1467.1809 ,               1.2928   , , , , ,
[2023-02-01T18:57:52.7404209] ,  1831.802  ,01-Feb-2023 18:56:08 ,                257.0693 ,         100      ,             257.0693 ,              846.5981 ,         251.9637 ,                14.8547 ,            1439.2926 ,          43.8315 ,-76.1671           ,               13.8835  ,4.0857                   ,6.4952                ,         1438.89 ,     43.8315 ,-76.1671      ,            253.6018 ,                   14.4721 ,        15 ,5.5                  ,-32768           ,-32768           ,       844.2327 ,                1 ,          257.1263 ,                   1 ,               14.1245 ,4.5991                  ,-32768               ,                       1473.3145 ,               1.2888   , , , , ,
[2023-02-01T18:57:52.7432600] ,  1832.802  ,01-Feb-2023 18:56:09 ,                257.0232 ,         100      ,             257.0232 ,              845.9382 ,         252.0414 ,                14.8936 ,            1445.5861 ,          43.8316 ,-76.1669           ,               13.8778  ,3.9693                   ,6.2696                ,         1446.06 ,     43.8316 ,-76.1669      ,            254.0385 ,                   14.4342 ,        15 ,6.4952               ,-32768           ,-32768           ,       843.5109 ,                1 ,          257.05   ,                   1 ,               14.1677 ,4.5917                  ,-32768               ,                       1479.7661 ,               1.2849   , , , , ,
[2023-02-01T18:57:52.7458344] ,  1833.802  ,01-Feb-2023 18:56:10 ,                256.9773 ,         100      ,             256.9773 ,              845.2782 ,         252.1335 ,                14.9409 ,            1451.6291 ,          43.8316 ,-76.1668           ,               13.9442  ,4.0451                   ,5.5663                ,         1451.92 ,     43.8316 ,-76.1668      ,            253.8228 ,                   14.5191 ,        15 ,6.2696               ,-32768           ,-32768           ,       842.7536 ,                1 ,          257.0102 ,                   1 ,               14.2204 ,4.5836                  ,-32768               ,                       1485.8249 ,               1.281    , , , , ,
[2023-02-01T18:57:52.7481181] ,  1834.802  ,01-Feb-2023 18:56:11 ,                256.9315 ,         100      ,             256.9315 ,              844.6182 ,         252.2394 ,                14.9957 ,            1457.3239 ,          43.8317 ,-76.1666           ,               13.8076  ,4.8797                   ,5.6169                ,         1457.39 ,     43.8316 ,-76.1666      ,            250.5364 ,                   14.6444 ,        15 ,5.5663               ,-32768           ,-32768           ,       842.1943 ,                1 ,          256.9568 ,                   1 ,               14.2809 ,4.5741                  ,-32768               ,                       1491.4595 ,               1.2771   , , , , ,
[2023-02-01T18:57:52.7503331] ,  1835.802  ,01-Feb-2023 18:56:12 ,                256.8857 ,         100      ,             256.8857 ,              843.9583 ,         252.3592 ,                15.0571 ,            1462.8634 ,          43.8317 ,-76.1664           ,               13.7545  ,5.4388                   ,5.9781                ,         1463.06 ,     43.8317 ,-76.1664      ,            248.4252 ,                   14.7907 ,        15 ,5.6169               ,-32768           ,-32768           ,       841.4804 ,                1 ,          256.8786 ,                   1 ,               14.3489 ,4.5631                  ,-32768               ,                       1496.9499 ,               1.2732   , , , , ,
[2023-02-01T18:57:52.7533235] ,  1836.802  ,01-Feb-2023 18:56:13 ,                256.8401 ,         100      ,             256.84   ,              843.2983 ,         252.4936 ,                15.1241 ,            1468.5366 ,          43.8317 ,-76.1662           ,               13.7503  ,5.3922                   ,5.8016                ,         1468.13 ,     43.8317 ,-76.1662      ,            248.5873 ,                   14.7698 ,        15 ,5.9781               ,-32768           ,-32768           ,       840.723  ,                1 ,          256.8314 ,                   1 ,               14.4234 ,4.5498                  ,-32768               ,                       1502.4046 ,               1.2693   , , , , ,
[2023-02-01T18:57:52.7558928] ,  1837.802  ,01-Feb-2023 18:56:14 ,                256.7945 ,         100      ,             256.7944 ,              842.6383 ,         252.6425 ,                15.1951 ,            1474.6616 ,          43.8318 ,-76.1661           ,               13.3422  ,4.4692                   ,5.7879                ,         1473.95 ,     43.8318 ,-76.1661      ,            251.4809 ,                   14.0708 ,        15 ,5.8016               ,-32768           ,-32768           ,       840.1481 ,                1 ,          256.7938 ,                   1 ,               14.5031 ,4.5333                  ,-32768               ,                       1508.5046 ,               1.2655   , , , , ,
[2023-02-01T18:57:52.7585825] ,  1838.802  ,01-Feb-2023 18:56:15 ,                256.7489 ,         100      ,             256.7489 ,              841.9783 ,         252.8048 ,                15.2688 ,            1481.2917 ,          43.8318 ,-76.1659           ,               13.1869  ,3.2581                   ,6.8255                ,         1481.65 ,     43.8318 ,-76.1659      ,            256.1217 ,                   13.5835 ,        15 ,5.7879               ,-32768           ,-32768           ,       839.4294 ,                1 ,          256.7436 ,                   1 ,               14.5865 ,4.5137                  ,-32768               ,                       1515.4503 ,               1.2617   , , , , ,
[2023-02-01T18:57:52.7607299] ,  1839.802  ,01-Feb-2023 18:56:16 ,                256.7034 ,         100      ,             256.7034 ,              841.3184 ,         252.9788 ,                15.3436 ,            1487.9204 ,          43.8318 ,-76.1657           ,               13.2953  ,3.27                     ,6.6527                ,         1488.48 ,     43.8318 ,-76.1657      ,            256.1823 ,                   13.6915 ,        15 ,6.8255               ,-32768           ,-32768           ,       838.7589 ,                1 ,          256.702  ,                   1 ,               14.6718 ,4.4915                  ,-32768               ,                       1522.1609 ,               1.2579   , , , , ,
[2023-02-01T18:57:52.7633846] ,  1840.802  ,01-Feb-2023 18:56:17 ,                256.6579 ,         100      ,             256.6579 ,              840.6584 ,         253.1636 ,                15.4179 ,            1494.2757 ,          43.8319 ,-76.1656           ,               13.2726  ,3.8499                   ,5.7073                ,         1494.18 ,     43.8319 ,-76.1656      ,            253.8246 ,                   13.8197 ,        15 ,6.6527               ,-32768           ,-32768           ,       838.0364 ,                1 ,          256.6606 ,                   1 ,               14.7571 ,4.4657                  ,-32768               ,                       1528.2017 ,               1.2541   , , , , ,
[2023-02-01T18:57:52.7664955] ,  1841.802  ,01-Feb-2023 18:56:18 ,                256.6124 ,         100      ,             256.6124 ,              839.9984 ,         253.3583 ,                15.4905 ,            1500.4982 ,          43.8319 ,-76.1654           ,               13.5215  ,4.216                    ,6.3456                ,         1499.83 ,     43.8319 ,-76.1654      ,            252.6827 ,                   14.1635 ,        15 ,5.7073               ,-32768           ,-32768           ,       837.2993 ,                1 ,          256.6069 ,                   1 ,               14.8418 ,4.4362                  ,-32768               ,                       1534.3251 ,               1.2503   , , , , ,
[2023-02-01T18:57:52.7689932] ,  1842.802  ,01-Feb-2023 18:56:19 ,                256.567  ,         100      ,             256.5669 ,              839.3384 ,         253.5625 ,                15.56   ,            1506.6339 ,          43.832  ,-76.1652           ,               14.6497  ,4.9824                   ,6.316                 ,         1507.44 ,     43.832  ,-76.1652      ,            251.2165 ,                   15.4738 ,        15 ,6.3456               ,-32768           ,-32768           ,       836.6395 ,                1 ,          256.5744 ,                   1 ,               14.9241 ,4.4031                  ,-32768               ,                       1540.7682 ,               1.2465   , , , , ,
[2023-02-01T18:57:52.7713164] ,  1843.802  ,01-Feb-2023 18:56:20 ,                256.5215 ,         100      ,             256.5215 ,              838.6785 ,         253.7758 ,                15.6254 ,            1512.4559 ,          43.832  ,-76.165            ,               15.9549  ,6.2351                   ,5.3219                ,         1512.39 ,     43.832  ,-76.165       ,            248.6547 ,                   17.13   ,        15 ,6.316                ,-32768           ,-32768           ,       836.0626 ,                1 ,          256.5413 ,                   1 ,               15.003  ,4.366                   ,-32768               ,                       1546.5377 ,               1.2428   , , , , ,
[2023-02-01T18:57:52.7735089] ,  1844.802  ,01-Feb-2023 18:56:21 ,                256.4761 ,         100      ,             256.4761 ,              838.0185 ,         253.9972 ,                15.6853 ,            1518.1455 ,          43.8321 ,-76.1648           ,               16.8224  ,7.1886                   ,5.5859                ,         1518.12 ,     43.8321 ,-76.1648      ,            246.8619 ,                   18.294  ,        15 ,5.3219               ,-32768           ,-32768           ,       835.3697 ,                1 ,          256.4753 ,                   1 ,               15.0776 ,4.3246                  ,-32768               ,                       1552.0818 ,               1.239    , , , , ,
[2023-02-01T18:57:52.7761856] ,  1845.802  ,01-Feb-2023 18:56:22 ,                256.4307 ,         100      ,             256.4307 ,              837.3585 ,         254.2251 ,                15.7386 ,            1523.9189 ,          43.8321 ,-76.1646           ,               16.3822  ,6.0713                   ,6.0908                ,         1523.62 ,     43.8321 ,-76.1646      ,            249.6651 ,                   17.4711 ,        15 ,5.5859               ,-32768           ,-32768           ,       834.6766 ,                1 ,          256.43   ,                   1 ,               15.1461 ,4.2788                  ,-32768               ,                       1557.7453 ,               1.2353   , , , , ,
[2023-02-01T18:57:52.7783836] ,  1846.802  ,01-Feb-2023 18:56:23 ,                256.3853 ,         100      ,             256.3853 ,              836.6985 ,         254.4563 ,                15.784  ,            1529.8861 ,          43.8322 ,-76.1644           ,               16.9785  ,4.1865                   ,6.2047                ,         1529.51 ,     43.8322 ,-76.1644      ,            256.1485 ,                   17.487  ,        15 ,6.0908               ,-32768           ,-32768           ,       834.0936 ,                1 ,          256.3935 ,                   1 ,               15.2072 ,4.2295                  ,-32768               ,                       1563.7891 ,               1.2316   , , , , ,
[2023-02-01T18:57:52.7805954] ,  1847.802  ,01-Feb-2023 18:56:24 ,                256.3399 ,         100      ,             256.3399 ,              836.0386 ,         254.6877 ,                15.8207 ,            1535.9887 ,          43.8322 ,-76.1642           ,               16.5419  ,2.6481                   ,6.4438                ,         1536.5  ,     43.8322 ,-76.1642      ,            260.9049 ,                   16.7525 ,        15 ,6.2047               ,-32768           ,-32768           ,       833.1384 ,                1 ,          256.3437 ,                   1 ,               15.2596 ,4.1778                  ,-32768               ,                       1570.1653 ,               1.2279   , , , , ,
[2023-02-01T18:57:52.7829138] ,  1848.802  ,01-Feb-2023 18:56:25 ,                256.2946 ,         100      ,             256.2946 ,              835.3786 ,         254.9171 ,                15.848  ,            1541.8723 ,          43.8322 ,-76.164            ,               15.8369  ,1.958                    ,6.321                 ,         1542.34 ,     43.8322 ,-76.164       ,            262.9521 ,                   15.9575 ,        15 ,6.4438               ,-32768           ,-32768           ,       832.566  ,                1 ,          256.3007 ,                   1 ,               15.3023 ,4.1239                  ,-32768               ,                       1576.0498 ,               1.2242   , , , , ,
[2023-02-01T18:57:52.7852007] ,  1849.802  ,01-Feb-2023 18:56:26 ,                256.2493 ,         100      ,             256.2493 ,              834.7186 ,         255.143  ,                15.8657 ,            1547.6448 ,          43.8323 ,-76.1638           ,               16.4087  ,3.4182                   ,5.8768                ,         1547.26 ,     43.8322 ,-76.1638      ,            258.2325 ,                   16.761  ,        15 ,6.321                ,-32768           ,-32768           ,       832.0424 ,                1 ,          256.278  ,                   1 ,               15.3353 ,4.068                   ,-32768               ,                       1581.4609 ,               1.2205   , , , , ,
[2023-02-01T18:57:52.7889578] ,  1850.802  ,01-Feb-2023 18:56:27 ,                256.204  ,         100      ,             256.204  ,              834.0587 ,         255.3643 ,                15.8738 ,            1553.5485 ,          43.8323 ,-76.1636           ,               16.6206  ,3.6866                   ,5.7653                ,         1552.91 ,     43.8323 ,-76.1636      ,            257.4937 ,                   17.0246 ,        15 ,5.8768               ,-32768           ,-32768           ,       831.4147 ,                1 ,          256.2271 ,                   1 ,               15.3588 ,4.0108                  ,-32768               ,                       1587.3586 ,               1.2168   , , , , ,
[2023-02-01T18:57:52.7921125] ,  1851.802  ,01-Feb-2023 18:56:28 ,                256.1588 ,         100      ,             256.1587 ,              833.3987 ,         255.58   ,                15.8724 ,            1559.7592 ,          43.8323 ,-76.1634           ,               16.8849  ,4.4469                   ,6.1762                ,         1560.38 ,     43.8323 ,-76.1634      ,            255.2453 ,                   17.4607 ,        15 ,5.7653               ,-32768           ,-32768           ,       830.7028 ,                1 ,          256.1811 ,                   1 ,               15.3725 ,3.9528                  ,-32768               ,                       1593.8465 ,               1.2132   , , , , ,
[2023-02-01T18:57:55.6012493] ,  1852.802  ,01-Feb-2023 18:56:29 ,                256.1135 ,         100      ,             256.1134 ,              832.7387 ,         255.7892 ,                15.8616 ,            1565.9331 ,          43.8324 ,-76.1632           ,               16.9601  ,4.8649                   ,6.6813                ,         1565.74 ,     43.8324 ,-76.1632      ,            253.9949 ,                   17.644  ,        15 ,6.1762               ,-32768           ,-32768           ,       830.0439 ,                1 ,          256.1303 ,                   1 ,               15.3764 ,3.894                   ,-32768               ,                       1600.0765 ,               1.2095   , , , , ,
[2023-02-01T18:57:55.6047682] ,  1853.802  ,01-Feb-2023 18:56:30 ,                256.0682 ,         100      ,             256.0682 ,              832.0787 ,         255.9907 ,                15.8416 ,            1572.0453 ,          43.8324 ,-76.163            ,               17.6474  ,4.5543                   ,6.9762                ,         1572.91 ,     43.8324 ,-76.163       ,            255.5291 ,                   18.2256 ,        15 ,6.6813               ,-32768           ,-32768           ,       829.2908 ,                1 ,          256.0406 ,                   1 ,               15.3706 ,3.835                   ,-32768               ,                       1606.0906 ,               1.2059   , , , , ,
[2023-02-01T18:57:55.6089962] ,  1854.802  ,01-Feb-2023 18:56:31 ,                256.0229 ,         100      ,             256.0229 ,              831.4188 ,         256.1828 ,                15.813  ,            1578.2163 ,          43.8325 ,-76.1627           ,               17.7565  ,5.8605                   ,6.4234                ,         1576.67 ,     43.8325 ,-76.1627      ,            251.7347 ,                   18.6986 ,        15 ,6.9762               ,-32768           ,-32768           ,       828.5427 ,                1 ,          255.9758 ,                   1 ,               15.3555 ,3.7767                  ,-32768               ,                       1611.9526 ,               1.2023   , , , , ,
[2023-02-01T18:57:55.6121691] ,  1855.802  ,01-Feb-2023 18:56:32 ,                255.9776 ,         100      ,             255.9776 ,              830.7588 ,         256.363  ,                15.7766 ,            1584.7791 ,          43.8325 ,-76.1625           ,               17.048   ,6.9095                   ,6.5761                ,         1585.8  ,     43.8325 ,-76.1625      ,            247.9373 ,                   18.395  ,        15 ,6.4234               ,-32768           ,-32768           ,       827.778  ,                1 ,          255.9315 ,                   1 ,               15.3318 ,3.7194                  ,-32768               ,                       1618.8474 ,               1.1986   , , , , ,
[2023-02-01T18:57:55.6150833] ,  1856.802  ,01-Feb-2023 18:56:33 ,                255.9323 ,         100      ,             255.9323 ,              830.0988 ,         256.5289 ,                15.7336 ,            1591.4502 ,          43.8326 ,-76.1623           ,               16.2182  ,6.323                    ,5.9448                ,         1591.07 ,     43.8326 ,-76.1623      ,            248.7006 ,                   17.4073 ,        15 ,6.5761               ,-32768           ,-32768           ,       827.1478 ,                1 ,          255.8931 ,                   1 ,               15.3008 ,3.6645                  ,-32768               ,                       1625.4487 ,               1.195    , , , , ,
[2023-02-01T18:57:55.6179331] ,  1857.802  ,01-Feb-2023 18:56:34 ,                255.8869 ,         100      ,             255.8869 ,              829.4388 ,         256.6789 ,                15.685  ,            1598.2467 ,          43.8326 ,-76.1621           ,               14.624   ,5.1279                   ,6.8397                ,         1598.22 ,     43.8326 ,-76.1621      ,            250.6767 ,                   15.497  ,        15 ,5.9448               ,-32768           ,-32768           ,       826.4885 ,                1 ,          255.8485 ,                   1 ,               15.2628 ,3.6133                  ,-32768               ,                       1632.2032 ,               1.1914   , , , , ,
[2023-02-01T18:57:55.6205047] ,  1858.802  ,01-Feb-2023 18:56:35 ,                255.8415 ,         100      ,             255.8415 ,              828.7789 ,         256.8133 ,                15.6316 ,            1605.1391 ,          43.8327 ,-76.162            ,               13.9577  ,2.9889                   ,7.0006                ,         1605.48 ,     43.8327 ,-76.162       ,            257.9134 ,                   14.2742 ,        15 ,6.8397               ,-32768           ,-32768           ,       825.6328 ,                1 ,          255.7813 ,                   1 ,               15.2193 ,3.5659                  ,-32768               ,                       1639.0999 ,               1.1878   , , , , ,
[2023-02-01T18:57:55.6235117] ,  1859.802  ,01-Feb-2023 18:56:36 ,                255.796  ,         100      ,             255.796  ,              828.1189 ,         256.9346 ,                15.5742 ,            1612.0212 ,          43.8327 ,-76.1618           ,               14.6617  ,1.6642                   ,6.9193                ,         1611.44 ,     43.8327 ,-76.1618      ,            263.5242 ,                   14.7558 ,        15 ,7.0006               ,-32768           ,-32768           ,       824.8688 ,                1 ,          255.7291 ,                   1 ,               15.1712 ,3.521                   ,-32768               ,                       1645.8534 ,               1.1842   , , , , ,
[2023-02-01T18:57:55.6260170] ,  1860.802  ,01-Feb-2023 18:56:37 ,                255.7505 ,         100      ,             255.7505 ,              827.4589 ,         257.0455 ,                15.5135 ,            1618.9205 ,          43.8327 ,-76.1616           ,               14.5372  ,1.3021                   ,6.9036                ,         1619.41 ,     43.8327 ,-76.1616      ,            264.8815 ,                   14.5954 ,        15 ,6.9193               ,-32768           ,-32768           ,       824.0469 ,                1 ,          255.6911 ,                   1 ,               15.119  ,3.4781                  ,-32768               ,                       1652.8848 ,               1.1806   , , , , ,
[2023-02-01T18:58:04.8772085] ,  1861.802  ,01-Feb-2023 18:56:38 ,                255.7048 ,         100      ,             255.7048 ,              826.7989 ,         257.148  ,                15.4506 ,            1625.6448 ,          43.8327 ,-76.1614           ,               14.1841  ,-0.24392                 ,6.4287                ,         1625.51 ,     43.8327 ,-76.1614      ,            270.9852 ,                   14.1862 ,        15 ,6.9036               ,-32768           ,-32768           ,       823.2575 ,                1 ,          255.6478 ,                   1 ,               15.0636 ,3.4369                  ,-32768               ,                       1659.6296 ,               1.177    , , , , ,
[2023-02-01T18:58:04.8848765] ,  1862.802  ,01-Feb-2023 18:56:39 ,                255.6591 ,         100      ,             255.6591 ,              826.139  ,         257.2435 ,                15.3867 ,            1632.2291 ,          43.8327 ,-76.1612           ,               14.4963  ,-1.6768                  ,6.4134                ,         1632.61 ,     43.8327 ,-76.1612      ,            276.5981 ,                   14.593  ,        15 ,6.4287               ,-32768           ,-32768           ,       822.6007 ,                1 ,          255.5954 ,                   1 ,               15.0066 ,3.3974                  ,-32768               ,                       1666.1816 ,               1.1734   , , , , ,
[2023-02-01T18:58:04.8925082] ,  1863.802  ,01-Feb-2023 18:56:40 ,                255.6134 ,         100      ,             255.6133 ,              825.479  ,         257.3331 ,                15.3233 ,            1638.7018 ,          43.8327 ,-76.1611           ,               14.0887  ,-1.8982                  ,6.391                 ,         1638.33 ,     43.8327 ,-76.1611      ,            277.6733 ,                   14.216  ,        15 ,6.4134               ,-32768           ,-32768           ,       821.9449 ,                1 ,          255.5507 ,                   1 ,               14.9499 ,3.3596                  ,-32768               ,                       1672.4588 ,               1.1699   , , , , ,
[2023-02-01T18:58:04.9015556] ,  1864.802  ,01-Feb-2023 18:56:41 ,                255.5675 ,         100      ,             255.5675 ,              824.819  ,         257.4184 ,                15.2616 ,            1645.2857 ,          43.8327 ,-76.1609           ,               14.0738  ,-0.57321                 ,6.1277                ,         1644.89 ,     43.8326 ,-76.1609      ,            272.3323 ,                   14.0855 ,        15 ,6.391                ,-32768           ,-32768           ,       821.2813 ,                1 ,          255.5058 ,                   1 ,               14.8948 ,3.3242                  ,-32768               ,                       1679.0031 ,               1.1663   , , , , ,
[2023-02-01T18:58:04.9042616] ,  1865.802  ,01-Feb-2023 18:56:42 ,                255.5216 ,         100      ,             255.5216 ,              824.1591 ,         257.5023 ,                15.2024 ,            1651.9445 ,          43.8327 ,-76.1607           ,               14.0338  ,2.2826                   ,6.6627                ,         1652.17 ,     43.8327 ,-76.1607      ,            260.7619 ,                   14.2182 ,        15 ,6.1277               ,-32768           ,-32768           ,       820.5853 ,                1 ,          255.4653 ,                   1 ,               14.842  ,3.29                    ,-32768               ,                       1685.9002 ,               1.1627   , , , , ,
[2023-02-01T18:58:04.9071761] ,  1866.802  ,01-Feb-2023 18:56:43 ,                255.4757 ,         100      ,             255.4756 ,              823.4991 ,         257.5887 ,                15.1462 ,            1658.3383 ,          43.8327 ,-76.1605           ,               14.5763  ,5.2265                   ,6.7463                ,         1658.9  ,     43.8327 ,-76.1605      ,            250.2742 ,                   15.485  ,        15 ,6.6627               ,-32768           ,-32768           ,       819.8731 ,                1 ,          255.4199 ,                   1 ,               14.7922 ,3.2556                  ,-32768               ,                       1692.4051 ,               1.1591   , , , , ,
[2023-02-01T18:58:04.9103664] ,  1867.802  ,01-Feb-2023 18:56:44 ,                255.4296 ,         100      ,             255.4296 ,              822.8392 ,         257.6812 ,                15.0933 ,            1664.3508 ,          43.8328 ,-76.1604           ,               15.1824  ,5.9208                   ,6.1347                ,         1664.23 ,     43.8328 ,-76.1604      ,            248.6955 ,                   16.2961 ,        15 ,6.7463               ,-32768           ,-32768           ,       819.2479 ,                1 ,          255.3566 ,                   1 ,               14.7456 ,3.2204                  ,-32768               ,                       1698.2437 ,               1.1555   , , , , ,
[2023-02-01T18:58:04.9141832] ,  1868.802  ,01-Feb-2023 18:56:45 ,                255.3835 ,         100      ,             255.3835 ,              822.1792 ,         257.7827 ,                15.0444 ,            1670.2716 ,          43.8328 ,-76.1602           ,               13.879   ,5.5812                   ,6.0447                ,         1670.11 ,     43.8328 ,-76.1602      ,            248.0934 ,                   14.9592 ,        15 ,6.1347               ,-32768           ,-32768           ,       818.5086 ,                1 ,          255.2901 ,                   1 ,               14.7033 ,3.1838                  ,-32768               ,                       1704.0402 ,               1.152    , , , , ,
[2023-02-01T18:58:04.9170069] ,  1869.802  ,01-Feb-2023 18:56:46 ,                255.3374 ,         100      ,             255.3374 ,              821.5193 ,         257.8951 ,                14.9996 ,            1676.267  ,          43.8329 ,-76.16             ,               14.0545  ,6.1373                   ,6.1327                ,         1676.1  ,     43.8329 ,-76.16        ,            246.4102 ,                   15.3361 ,        15 ,6.0447               ,-32768           ,-32768           ,       817.8627 ,                1 ,          255.2203 ,                   1 ,               14.6658 ,3.1454                  ,-32768               ,                       1710.0318 ,               1.1484   , , , , ,
[2023-02-01T18:58:13.2092056] ,  1870.802  ,01-Feb-2023 18:56:47 ,                255.2912 ,         100      ,             255.2912 ,              820.8593 ,         258.0198 ,                14.959  ,            1682.4924 ,          43.8329 ,-76.1598           ,               13.569   ,5.7861                   ,6.9406                ,         1682.18 ,     43.8329 ,-76.1598      ,            246.9057 ,                   14.7512 ,        15 ,6.1327               ,-32768           ,-32768           ,       817.1448 ,                1 ,          255.1572 ,                   1 ,               14.633  ,3.1049                  ,-32768               ,                       1716.3244 ,               1.1448   , , , , ,
[2023-02-01T18:58:13.2131650] ,  1871.802  ,01-Feb-2023 18:56:48 ,                255.245  ,         100      ,             255.245  ,              820.1994 ,         258.1581 ,                14.9224 ,            1688.8365 ,          43.833  ,-76.1597           ,               13.463   ,5.5357                   ,7.1165                ,         1689.29 ,     43.833  ,-76.1597      ,            247.6484 ,                   14.5566 ,        15 ,6.9406               ,-32768           ,-32768           ,       816.2666 ,                1 ,          255.0999 ,                   1 ,               14.6047 ,3.0622                  ,-32768               ,                       1722.8897 ,               1.1413   , , , , ,
[2023-02-01T18:58:13.2175653] ,  1872.802  ,01-Feb-2023 18:56:49 ,                255.1988 ,         100      ,             255.1988 ,              819.5394 ,         258.3121 ,                14.8891 ,            1695.0532 ,          43.833  ,-76.1595           ,               13.0483  ,5.0486                   ,6.1783                ,         1695.5  ,     43.833  ,-76.1595      ,            248.8478 ,                   13.9909 ,        15 ,7.1165               ,-32768           ,-32768           ,       815.6272 ,                1 ,          255.0607 ,                   1 ,               14.5805 ,3.0165                  ,-32768               ,                       1728.9484 ,               1.1377   , , , , ,
[2023-02-01T18:58:13.2209053] ,  1873.802  ,01-Feb-2023 18:56:50 ,                255.1526 ,         100      ,             255.1526 ,              818.8795 ,         258.4841 ,                14.8587 ,            1701.1867 ,          43.833  ,-76.1593           ,               13.5285  ,3.8027                   ,5.6738                ,         1699.98 ,     43.833  ,-76.1593      ,            254.3    ,                   14.0527 ,        15 ,6.1783               ,-32768           ,-32768           ,       815.1367 ,                1 ,          255.0232 ,                   1 ,               14.5597 ,2.9669                  ,-32768               ,                       1734.7729 ,               1.1342   , , , , ,
[2023-02-01T18:58:13.2240766] ,  1874.802  ,01-Feb-2023 18:56:51 ,                255.1064 ,         100      ,             255.1064 ,              818.2195 ,         258.6758 ,                14.8306 ,            1707.4343 ,          43.8331 ,-76.1592           ,               14.4204  ,1.9138                   ,6.8233                ,         1708.18 ,     43.8331 ,-76.1592      ,            262.4404 ,                   14.5468 ,        15 ,5.6738               ,-32768           ,-32768           ,       814.3127 ,                1 ,          254.9745 ,                   1 ,               14.5418 ,2.9125                  ,-32768               ,                       1741.3511 ,               1.1307   , , , , ,
[2023-02-01T18:58:13.2273566] ,  1875.802  ,01-Feb-2023 18:56:52 ,                255.0602 ,         100      ,             255.0602 ,              817.5596 ,         258.8872 ,                14.8046 ,            1713.4667 ,          43.8331 ,-76.159            ,               15.4626  ,1.6505                   ,6.6781                ,         1713.55 ,     43.8331 ,-76.159       ,            263.9074 ,                   15.5505 ,        15 ,6.8233               ,-32768           ,-32768           ,       813.5282 ,                1 ,          254.9236 ,                   1 ,               14.5269 ,2.8536                  ,-32768               ,                       1747.4751 ,               1.1272   , , , , ,
[2023-02-01T18:58:13.2308601] ,  1876.802  ,01-Feb-2023 18:56:53 ,                255.014  ,         100      ,             255.014  ,              816.8997 ,         259.1172 ,                14.7804 ,            1719.1904 ,          43.8331 ,-76.1588           ,               15.2112  ,1.4935                   ,5.4657                ,         1719.5  ,     43.8331 ,-76.1588      ,            264.3925 ,                   15.2844 ,        15 ,6.6781               ,-32768           ,-32768           ,       812.9114 ,                1 ,          254.879  ,                   1 ,               14.5145 ,2.7907                  ,-32768               ,                       1753.1294 ,               1.1237   , , , , ,
[2023-02-01T18:58:13.2333947] ,  1877.802  ,01-Feb-2023 18:56:54 ,                254.9679 ,         100      ,             254.9679 ,              816.2397 ,         259.3637 ,                14.7579 ,            1724.8428 ,          43.8331 ,-76.1586           ,               15.4881  ,1.2131                   ,5.523                 ,         1724.58 ,     43.8331 ,-76.1586      ,            265.5213 ,                   15.5355 ,        15 ,5.4657               ,-32768           ,-32768           ,       812.4771 ,                1 ,          254.8316 ,                   1 ,               14.5042 ,2.7241                  ,-32768               ,                       1758.5755 ,               1.1202   , , , , ,
[2023-02-01T18:58:13.2358822] ,  1878.802  ,01-Feb-2023 18:56:55 ,                254.9218 ,         100      ,             254.9218 ,              815.5798 ,         259.6238 ,                14.7367 ,            1730.7797 ,          43.8331 ,-76.1584           ,               15.5316  ,1.7759                   ,5.3558                ,         1730.13 ,     43.8331 ,-76.1584      ,            263.4769 ,                   15.6328 ,        15 ,5.523                ,-32768           ,-32768           ,       811.8366 ,                1 ,          254.7551 ,                   1 ,               14.4955 ,2.6542                  ,-32768               ,                       1764.4119 ,               1.1167   , , , , ,
[2023-02-01T18:58:22.4682393] ,  1879.802  ,01-Feb-2023 18:56:56 ,                254.8758 ,         100      ,             254.8758 ,              814.9199 ,         259.8942 ,                14.7159 ,            1737.0743 ,          43.8332 ,-76.1582           ,               14.4828  ,2.7719                   ,6.7125                ,         1737.35 ,     43.8332 ,-76.1582      ,            259.1649 ,                   14.7457 ,        15 ,5.3558               ,-32768           ,-32768           ,       811.1556 ,                1 ,          254.7087 ,                   1 ,               14.4877 ,2.582                   ,-32768               ,                       1770.8426 ,               1.1133   , , , , ,
[2023-02-01T18:58:22.4761601] ,  1880.802  ,01-Feb-2023 18:56:57 ,                254.8299 ,         100      ,             254.8299 ,              814.2599 ,         260.1714 ,                14.695  ,            1743.4377 ,          43.8332 ,-76.158            ,               13.83    ,3.6076                   ,6.4606                ,         1743.05 ,     43.8332 ,-76.158       ,            255.3799 ,                   14.2928 ,        15 ,6.7125               ,-32768           ,-32768           ,       810.313  ,                1 ,          254.6355 ,                   1 ,               14.4798 ,2.5087                  ,-32768               ,                       1777.2777 ,               1.1098   , , , , ,
[2023-02-01T18:58:22.4842326] ,  1881.802  ,01-Feb-2023 18:56:58 ,                254.7841 ,         100      ,             254.7841 ,              813.6    ,         260.452  ,                14.673  ,            1749.5804 ,          43.8332 ,-76.1579           ,               13.8044  ,4.0934                   ,5.9824                ,         1750.54 ,     43.8332 ,-76.1579      ,            253.4833 ,                   14.3985 ,        15 ,6.4606               ,-32768           ,-32768           ,       809.7461 ,                1 ,          254.5921 ,                   1 ,               14.4699 ,2.4343                  ,-32768               ,                       1783.6406 ,               1.1064   , , , , ,
[2023-02-01T18:58:22.4876903] ,  1882.802  ,01-Feb-2023 18:56:59 ,                254.7384 ,         100      ,             254.7384 ,              812.94   ,         260.7321 ,                14.6495 ,            1755.1137 ,          43.8333 ,-76.1577           ,               15.0092  ,4.109                    ,5.779                 ,         1755.33 ,     43.8333 ,-76.1577      ,            254.6895 ,                   15.5615 ,        15 ,5.9824               ,-32768           ,-32768           ,       809.0587 ,                1 ,          254.5044 ,                   1 ,               14.4585 ,2.3595                  ,-32768               ,                       1788.9956 ,               1.103    , , , , ,
[2023-02-01T18:58:22.4902660] ,  1883.802  ,01-Feb-2023 18:57:00 ,                254.6928 ,         100      ,             254.6928 ,              812.2801 ,         261.0061 ,                14.6245 ,            1760.3107 ,          43.8333 ,-76.1575           ,               16.1018  ,3.9554                   ,5.0331                ,         1759.64 ,     43.8333 ,-76.1575      ,            256.1985 ,                   16.5805 ,        15 ,5.779                ,-32768           ,-32768           ,       808.7137 ,                1 ,          254.4428 ,                   1 ,               14.4448 ,2.2859                  ,-32768               ,                       1793.9444 ,               1.0996   , , , , ,
[2023-02-01T18:58:22.4929652] ,  1884.802  ,01-Feb-2023 18:57:01 ,                254.6473 ,         100      ,             254.6472 ,              811.6201 ,         261.2683 ,                14.5978 ,            1765.6491 ,          43.8333 ,-76.1573           ,               16.2914  ,4.1933                   ,5.5364                ,         1765.78 ,     43.8333 ,-76.1573      ,            255.5656 ,                   16.8224 ,        15 ,5.0331               ,-32768           ,-32768           ,       807.939  ,                1 ,          254.3914 ,                   1 ,               14.4285 ,2.2156                  ,-32768               ,                       1799.4634 ,               1.0963   , , , , ,
[2023-02-01T18:58:22.4962432] ,  1885.802  ,01-Feb-2023 18:57:02 ,                254.6018 ,         100      ,             254.6018 ,              810.9602 ,         261.5135 ,                14.5695 ,            1771.2168 ,          43.8334 ,-76.1571           ,               15.4327  ,3.9868                   ,6.0419                ,         1771.32 ,     43.8334 ,-76.1571      ,            255.5151 ,                   15.9394 ,        15 ,5.5364               ,-32768           ,-32768           ,       807.2453 ,                1 ,          254.3808 ,                   1 ,               14.4101 ,2.1501                  ,-32768               ,                       1805.0722 ,               1.0929   , , , , ,
[2023-02-01T18:58:22.4988441] ,  1886.802  ,01-Feb-2023 18:57:03 ,                254.5565 ,         100      ,             254.5565 ,              810.3002 ,         261.7378 ,                14.5393 ,            1777.0939 ,          43.8334 ,-76.1569           ,               14.8821  ,3.1629                   ,5.7686                ,         1776.59 ,     43.8334 ,-76.1569      ,            258.0013 ,                   15.2145 ,        15 ,6.0419               ,-32768           ,-32768           ,       806.7704 ,                1 ,          254.3551 ,                   1 ,               14.3889 ,2.0895                  ,-32768               ,                       1810.7898 ,               1.0896   , , , , ,
[2023-02-01T18:58:22.5014130] ,  1887.802  ,01-Feb-2023 18:57:04 ,                254.5112 ,         100      ,             254.5112 ,              809.6403 ,         261.9373 ,                14.5071 ,            1783.369  ,          43.8334 ,-76.1567           ,               14.2007  ,2.8151                   ,5.7832                ,         1783.31 ,     43.8334 ,-76.1567      ,            258.7871 ,                   14.477  ,        15 ,5.7686               ,-32768           ,-32768           ,       805.9503 ,                1 ,          254.3248 ,                   1 ,               14.3642 ,2.0346                  ,-32768               ,                       1817.1121 ,               1.0863   , , , , ,
[2023-02-01T18:58:31.7387555] ,  1888.802  ,01-Feb-2023 18:57:05 ,                254.466  ,         100      ,             254.466  ,              808.9803 ,         262.1077 ,                14.473  ,            1789.7797 ,          43.8334 ,-76.1566           ,               13.4873  ,1.8585                   ,5.8246                ,         1789.97 ,     43.8334 ,-76.1566      ,            262.1544 ,                   13.6147 ,        15 ,5.7832               ,-32768           ,-32768           ,       805.3054 ,                1 ,          254.3061 ,                   1 ,               14.3361 ,1.9871                  ,-32768               ,                       1823.6008 ,               1.083    , , , , ,
[2023-02-01T18:58:31.7493921] ,  1889.802  ,01-Feb-2023 18:57:06 ,                254.4209 ,         100      ,             254.4209 ,              808.3204 ,         262.2453 ,                14.4378 ,            1795.9599 ,          43.8334 ,-76.1564           ,               13.3635  ,0.63065                  ,5.7551                ,         1796.08 ,     43.8334 ,-76.1564      ,            267.2981 ,                   13.3784 ,        15 ,5.8246               ,-32768           ,-32768           ,       804.8577 ,                1 ,          254.2364 ,                   1 ,               14.3056 ,1.9475                  ,-32768               ,                       1829.7712 ,               1.0797   , , , , ,
[2023-02-01T18:58:31.7552453] ,  1890.802  ,01-Feb-2023 18:57:07 ,                254.3758 ,         100      ,             254.3758 ,              807.6605 ,         262.3472 ,                14.4022 ,            1801.7198 ,          43.8334 ,-76.1562           ,               13.4564  ,0.3773                   ,5.7515                ,         1801.94 ,     43.8334 ,-76.1562      ,            268.3939 ,                   13.4617 ,        15 ,5.7551               ,-32768           ,-32768           ,       804.2275 ,                1 ,          254.1996 ,                   1 ,               14.2738 ,1.9175                  ,-32768               ,                       1835.5569 ,               1.0765   , , , , ,
[2023-02-01T18:58:31.7579149] ,  1891.802  ,01-Feb-2023 18:57:08 ,                254.3307 ,         100      ,             254.3307 ,              807.0005 ,         262.4126 ,                14.367  ,            1806.9848 ,          43.8334 ,-76.1561           ,               12.7917  ,-0.68568                 ,5.598                 ,         1807.31 ,     43.8334 ,-76.1561      ,            273.0683 ,                   12.81   ,        15 ,5.7515               ,-32768           ,-32768           ,       803.7121 ,                1 ,          254.154  ,                   1 ,               14.2413 ,1.8969                  ,-32768               ,                       1840.8472 ,               1.0732   , , , , ,
[2023-02-01T18:58:31.7603152] ,  1892.802  ,01-Feb-2023 18:57:09 ,                254.2856 ,         100      ,             254.2856 ,              806.3406 ,         262.4425 ,                14.3326 ,            1811.949  ,          43.8334 ,-76.1559           ,               13.31    ,-2.6254                  ,5.342                 ,         1811.85 ,     43.8334 ,-76.1559      ,            281.1585 ,                   13.5665 ,        15 ,5.598                ,-32768           ,-32768           ,       803.0063 ,                1 ,          254.1176 ,                   1 ,               14.2084 ,1.8851                  ,-32768               ,                       1845.7044 ,               1.07     , , , , ,
[2023-02-01T18:58:31.7634486] ,  1893.802  ,01-Feb-2023 18:57:10 ,                254.2405 ,         100      ,             254.2405 ,              805.6807 ,         262.4384 ,                14.2997 ,            1817.0044 ,          43.8334 ,-76.1557           ,               13.7023  ,-3.5702                  ,5.2557                ,         1816.69 ,     43.8334 ,-76.1557      ,            284.604  ,                   14.1597 ,        15 ,5.342                ,-32768           ,-32768           ,       802.432  ,                1 ,          254.0734 ,                   1 ,               14.1754 ,1.8819                  ,-32768               ,                       1850.7078 ,               1.0667   , , , , ,
[2023-02-01T18:58:31.7660641] ,  1894.802  ,01-Feb-2023 18:57:11 ,                254.1953 ,         100      ,             254.1953 ,              805.0207 ,         262.402  ,                14.269  ,            1822.4928 ,          43.8334 ,-76.1556           ,               14.1736  ,-3.9289                  ,5.4045                ,         1822.4  ,     43.8334 ,-76.1556      ,            285.4931 ,                   14.708  ,        15 ,5.2557               ,-32768           ,-32768           ,       801.8588 ,                1 ,          254.0171 ,                   1 ,               14.1436 ,1.8865                  ,-32768               ,                       1856.2268 ,               1.0635   , , , , ,
[2023-02-01T18:58:31.7691860] ,  1895.802  ,01-Feb-2023 18:57:12 ,                254.1498 ,         100      ,             254.1498 ,              804.3608 ,         262.3351 ,                14.2415 ,            1828.5042 ,          43.8333 ,-76.1554           ,               15.2244  ,-3.3111                  ,6.131                 ,         1828.13 ,     43.8333 ,-76.1554      ,            282.27   ,                   15.5803 ,        15 ,5.4045               ,-32768           ,-32768           ,       801.2252 ,                1 ,          253.9845 ,                   1 ,               14.1141 ,1.8991                  ,-32768               ,                       1862.2723 ,               1.0602   , , , , ,
[2023-02-01T18:58:31.7717802] ,  1896.802  ,01-Feb-2023 18:57:13 ,                254.1016 ,         100      ,             254.1016 ,              803.7008 ,         262.2401 ,                14.2181 ,            1834.9667 ,          43.8333 ,-76.1552           ,               16.2516  ,-1.6272                  ,6.62                  ,         1835.31 ,     43.8333 ,-76.1552      ,            275.7178 ,                   16.3329 ,        15 ,6.131                ,-32768           ,-32768           ,       800.6074 ,                1 ,          253.9319 ,                   1 ,               14.0877 ,1.9198                  ,-32768               ,                       1868.8186 ,               1.0567   , , , , ,
[2023-02-01T18:58:40.1464183] ,  1897.802  ,01-Feb-2023 18:57:14 ,                254.056  ,         100      ,             254.056  ,              803.0409 ,         262.1213 ,                14.1996 ,            1841.5644 ,          43.8333 ,-76.155            ,               17.0274  ,0.84093                  ,6.9479                ,         1841.42 ,     43.8333 ,-76.155       ,            267.1727 ,                   17.0482 ,        15 ,6.62                 ,-32768           ,-32768           ,       799.701  ,                1 ,          253.8803 ,                   1 ,               14.0653 ,1.9466                  ,-32768               ,                       1875.3284 ,               1.0535   , , , , ,
[2023-02-01T18:58:40.1497828] ,  1898.802  ,01-Feb-2023 18:57:15 ,                254.0104 ,         100      ,             254.0104 ,              802.3809 ,         261.9833 ,                14.1868 ,            1848.2    ,          43.8333 ,-76.1548           ,               16.4456  ,3.1055                   ,6.8056                ,         1848.21 ,     43.8333 ,-76.1548      ,            259.3065 ,                   16.7362 ,        15 ,6.9479               ,-32768           ,-32768           ,       799.0712 ,                1 ,          253.8161 ,                   1 ,               14.048  ,1.9787                  ,-32768               ,                       1881.8982 ,               1.0502   , , , , ,
[2023-02-01T18:58:40.1532741] ,  1899.802  ,01-Feb-2023 18:57:16 ,                253.9648 ,         100      ,             253.9647 ,              801.721  ,         261.8302 ,                14.18   ,            1854.6808 ,          43.8334 ,-76.1546           ,               15.6125  ,3.5944                   ,6.2856                ,         1854.77 ,     43.8334 ,-76.1546      ,            257.0351 ,                   16.0209 ,        15 ,6.8056               ,-32768           ,-32768           ,       798.44   ,                1 ,          253.7572 ,                   1 ,               14.036  ,2.015                   ,-32768               ,                       1888.382  ,               1.047    , , , , ,
[2023-02-01T18:58:40.1557261] ,  1900.802  ,01-Feb-2023 18:57:17 ,                253.9191 ,         100      ,             253.919  ,              801.061  ,         261.6658 ,                14.1795 ,            1860.8137 ,          43.8334 ,-76.1544           ,               14.8445  ,4.5619                   ,5.9569                ,         1860.99 ,     43.8334 ,-76.1544      ,            252.9172 ,                   15.5297 ,        15 ,6.2856               ,-32768           ,-32768           ,       797.8907 ,                1 ,          253.7028 ,                   1 ,               14.0297 ,2.055                   ,-32768               ,                       1894.4633 ,               1.0438   , , , , ,
[2023-02-01T18:58:40.1581595] ,  1901.802  ,01-Feb-2023 18:57:18 ,                253.8733 ,         100      ,             253.8733 ,              800.4011 ,         261.4944 ,                14.1854 ,            1866.4828 ,          43.8335 ,-76.1542           ,               13.9224  ,5.525                    ,5.875                 ,         1866.23 ,     43.8335 ,-76.1542      ,            248.3546 ,                   14.9786 ,        15 ,5.9569               ,-32768           ,-32768           ,       797.5815 ,                1 ,          253.6318 ,                   1 ,               14.0291 ,2.0979                  ,-32768               ,                       1900.1498 ,               1.0405   , , , , ,
[2023-02-01T18:58:40.1635457] ,  1902.802  ,01-Feb-2023 18:57:19 ,                253.8274 ,         100      ,             253.8274 ,              799.7411 ,         261.3215 ,                14.1975 ,            1871.6671 ,          43.8335 ,-76.154            ,               12.8935  ,5.7407                   ,5.5689                ,         1872.44 ,     43.8335 ,-76.154       ,            245.9996 ,                   14.1137 ,        15 ,5.875                ,-32768           ,-32768           ,       796.571  ,                1 ,          253.6121 ,                   1 ,               14.0347 ,2.1424                  ,-32768               ,                       1905.5472 ,               1.0373   , , , , ,
[2023-02-01T18:58:40.1671536] ,  1903.802  ,01-Feb-2023 18:57:20 ,                253.7816 ,         100      ,             253.7816 ,              799.0812 ,         261.1531 ,                14.2156 ,            1876.367  ,          43.8336 ,-76.1539           ,               11.4143  ,6.1646                   ,4.7561                ,         1876.33 ,     43.8336 ,-76.1539      ,            241.6276 ,                   12.9726 ,        15 ,5.5689               ,-32768           ,-32768           ,       795.8236 ,                1 ,          253.6146 ,                   1 ,               14.0465 ,2.1866                  ,-32768               ,                       1910.1283 ,               1.0341   , , , , ,
[2023-02-01T18:58:40.1704584] ,  1904.802  ,01-Feb-2023 18:57:21 ,                253.7357 ,         100      ,             253.7357 ,              798.4213 ,         260.9949 ,                14.2388 ,            1880.9863 ,          43.8336 ,-76.1538           ,               10.0668  ,6.1974                   ,4.6185                ,         1880.65 ,     43.8336 ,-76.1538      ,            238.3825 ,                   11.8215 ,        15 ,4.7561               ,-32768           ,-32768           ,       795.2968 ,                1 ,          253.5164 ,                   1 ,               14.0631 ,2.2288                  ,-32768               ,                       1914.5847 ,               1.0309   , , , , ,
[2023-02-01T18:58:40.1735053] ,  1905.802  ,01-Feb-2023 18:57:22 ,                253.6897 ,         100      ,             253.6897 ,              797.7614 ,         260.8517 ,                14.2665 ,            1886.0268 ,          43.8337 ,-76.1537           ,                9.4115  ,5.8721                   ,5.0166                ,         1885.62 ,     43.8337 ,-76.1537      ,            238.0387 ,                   11.0931 ,        15 ,4.6185               ,-32768           ,-32768           ,       794.7933 ,                1 ,          253.4172 ,                   1 ,               14.085  ,2.2684                  ,-32768               ,                       1919.6458 ,               1.0277   , , , , ,
[2023-02-01T18:58:49.4250204] ,  1906.802  ,01-Feb-2023 18:57:23 ,                253.6437 ,         100      ,             253.6437 ,              797.1014 ,         260.7276 ,                14.2978 ,            1891.678  ,          43.8337 ,-76.1535           ,                9.4771  ,4.4134                   ,5.3834                ,         1891.6  ,     43.8337 ,-76.1535      ,            245.0289 ,                   10.4544 ,        15 ,5.0166               ,-32768           ,-32768           ,       794.3832 ,                1 ,          253.3585 ,                   1 ,               14.111  ,2.3038                  ,-32768               ,                       1925.4779 ,               1.0245   , , , , ,
[2023-02-01T18:58:49.4285768] ,  1907.802  ,01-Feb-2023 18:57:24 ,                253.5976 ,         100      ,             253.5976 ,              796.4415 ,         260.6264 ,                14.3318 ,            1897.8077 ,          43.8337 ,-76.1534           ,               10.2678  ,2.5147                   ,6.0723                ,         1898.19 ,     43.8338 ,-76.1534      ,            256.2384 ,                   10.5713 ,        15 ,5.3834               ,-32768           ,-32768           ,       794.0316 ,                1 ,          253.3156 ,                   1 ,               14.1405 ,2.3343                  ,-32768               ,                       1931.6695 ,               1.0213   , , , , ,
[2023-02-01T18:58:49.4324750] ,  1908.802  ,01-Feb-2023 18:57:25 ,                253.5514 ,         100      ,             253.5514 ,              795.7815 ,         260.5515 ,                14.3673 ,            1904.2346 ,          43.8338 ,-76.1533           ,               12.0146  ,1.0524                   ,6.8178                ,         1903.79 ,     43.8338 ,-76.1533      ,            264.994  ,                   12.0606 ,        15 ,6.0723               ,-32768           ,-32768           ,       793.1802 ,                1 ,          253.2788 ,                   1 ,               14.1724 ,2.3589                  ,-32768               ,                       1937.8918 ,               1.0181   , , , , ,
[2023-02-01T18:58:49.4373450] ,  1909.802  ,01-Feb-2023 18:57:26 ,                253.5052 ,         100      ,             253.5052 ,              795.1216 ,         260.5063 ,                14.4036 ,            1910.9075 ,          43.8338 ,-76.1531           ,               13.9897  ,0.27768                  ,6.7207                ,         1910.97 ,     43.8338 ,-76.1531      ,            268.8629 ,                   13.9924 ,        15 ,6.8178               ,-32768           ,-32768           ,       792.4889 ,                1 ,          253.2317 ,                   1 ,               14.2061 ,2.3762                  ,-32768               ,                       1944.5495 ,               1.0149   , , , , ,
[2023-02-01T18:58:49.4414356] ,  1910.802  ,01-Feb-2023 18:57:27 ,                253.4589 ,         100      ,             253.4589 ,              794.4616 ,         260.4929 ,                14.4394 ,            1917.56   ,          43.8338 ,-76.1529           ,               15.2897  ,0.28694                  ,6.4849                ,         1917.62 ,     43.8338 ,-76.1529      ,            268.9249 ,                   15.2924 ,        15 ,6.7207               ,-32768           ,-32768           ,       792.0131 ,                1 ,          253.1858 ,                   1 ,               14.2408 ,2.3854                  ,-32768               ,                       1951.2795 ,               1.0117   , , , , ,
[2023-02-01T18:58:49.4451516] ,  1911.802  ,01-Feb-2023 18:57:28 ,                253.4126 ,         100      ,             253.4126 ,              793.8017 ,         260.5117 ,                14.4736 ,            1923.9721 ,          43.8338 ,-76.1527           ,               15.8939  ,0.41309                  ,6.6216                ,         1924.3  ,     43.8338 ,-76.1527      ,            268.5112 ,                   15.8993 ,        15 ,6.4849               ,-32768           ,-32768           ,       791.1661 ,                1 ,          253.1433 ,                   1 ,               14.2756 ,2.3862                  ,-32768               ,                       1957.7442 ,               1.0085   , , , , ,
[2023-02-01T18:58:49.4489680] ,  1912.802  ,01-Feb-2023 18:57:29 ,                253.3663 ,         100      ,             253.3662 ,              793.1417 ,         260.5611 ,                14.5047 ,            1929.9561 ,          43.8338 ,-76.1525           ,               15.945   ,0.79905                  ,5.6432                ,         1930.23 ,     43.8338 ,-76.1525      ,            267.1311 ,                   15.965  ,        15 ,6.6216               ,-32768           ,-32768           ,       790.24   ,                1 ,          253.0982 ,                   1 ,               14.3084 ,2.3788                  ,-32768               ,                       1963.622  ,               1.0053   , , , , ,
[2023-02-01T18:58:49.4534999] ,  1913.802  ,01-Feb-2023 18:57:30 ,                253.3199 ,         100      ,             253.3199 ,              792.4818 ,         260.6384 ,                14.5314 ,            1935.5712 ,          43.8338 ,-76.1523           ,               16.2945  ,1.7779                   ,5.5917                ,         1935.14 ,     43.8338 ,-76.1523      ,            263.773  ,                   16.3912 ,        15 ,5.6432               ,-32768           ,-32768           ,       789.5723 ,                1 ,          253.0547 ,                   1 ,               14.3379 ,2.3636                  ,-32768               ,                       1969.03   ,               1.0021   , , , , ,
[2023-02-01T18:58:49.4563895] ,  1914.802  ,01-Feb-2023 18:57:31 ,                253.2736 ,         100      ,             253.2735 ,              791.8218 ,         260.7408 ,                14.5523 ,            1941.0868 ,          43.8338 ,-76.1521           ,               16.34    ,3.1192                   ,6.2451                ,         1940.86 ,     43.8338 ,-76.1521      ,            259.1928 ,                   16.6351 ,        15 ,5.5917               ,-32768           ,-32768           ,       788.9731 ,                1 ,          253.0086 ,                   1 ,               14.363  ,2.3413                  ,-32768               ,                       1974.6758 ,               0.99898  , , , , ,
[2023-02-01T18:58:58.6639955] ,  1915.802  ,01-Feb-2023 18:57:32 ,                253.2272 ,         100      ,             253.2272 ,              791.1619 ,         260.8657 ,                14.566  ,            1946.4554 ,          43.8339 ,-76.1519           ,               16.5909  ,3.538                    ,5.5744                ,         1947.23 ,     43.8338 ,-76.1519      ,            257.962  ,                   16.9639 ,        15 ,6.2451               ,-32768           ,-32768           ,       788.3826 ,                1 ,          252.9628 ,                   1 ,               14.3819 ,2.3122                  ,-32768               ,                       1980.3124 ,               0.99583  , , , , ,
[2023-02-01T18:58:58.6674271] ,  1916.802  ,01-Feb-2023 18:57:33 ,                253.1808 ,         100      ,             253.1808 ,              790.502  ,         261.0116 ,                14.5718 ,            1951.5901 ,          43.8339 ,-76.1517           ,               17.3551  ,4.0808                   ,4.6616                ,         1951.42 ,     43.8339 ,-76.1517      ,            256.7681 ,                   17.8285 ,        15 ,5.5744               ,-32768           ,-32768           ,       787.9839 ,                1 ,          252.9244 ,                   1 ,               14.3932 ,2.2766                  ,-32768               ,                       1985.2269 ,               0.99268  , , , , ,
[2023-02-01T18:58:58.6699170] ,  1917.802  ,01-Feb-2023 18:57:34 ,                253.1345 ,         100      ,             253.1344 ,              789.842  ,         261.1776 ,                14.5689 ,            1956.7971 ,          43.8339 ,-76.1515           ,               17.4443  ,4.2205                   ,4.8633                ,         1956.2  ,     43.8339 ,-76.1515      ,            256.3992 ,                   17.9476 ,        15 ,4.6616               ,-32768           ,-32768           ,       787.3809 ,                1 ,          252.8933 ,                   1 ,               14.3964 ,2.2347                  ,-32768               ,                       1990.2582 ,               0.98955  , , , , ,
[2023-02-01T18:58:58.6729647] ,  1918.802  ,01-Feb-2023 18:57:35 ,                253.0881 ,         100      ,             253.0881 ,              789.1821 ,         261.3625 ,                14.557  ,            1962.3495 ,          43.834  ,-76.1513           ,               16.5379  ,3.4327                   ,5.9538                ,         1962.45 ,     43.834  ,-76.1513      ,            258.2737 ,                   16.8904 ,        15 ,4.8633               ,-32768           ,-32768           ,       786.7404 ,                1 ,          252.8628 ,                   1 ,               14.3917 ,2.1865                  ,-32768               ,                       1995.9197 ,               0.98642  , , , , ,
[2023-02-01T18:58:58.6763047] ,  1919.802  ,01-Feb-2023 18:57:36 ,                253.0419 ,         100      ,             253.0418 ,              788.5222 ,         261.5644 ,                14.536  ,            1968.0488 ,          43.834  ,-76.1511           ,               15.1755  ,1.7998                   ,6.4652                ,         1967.86 ,     43.834  ,-76.1511      ,            263.2365 ,                   15.2818 ,        15 ,5.9538               ,-32768           ,-32768           ,       786.1213 ,                1 ,          252.8278 ,                   1 ,               14.3788 ,2.1324                  ,-32768               ,                       2001.6977 ,               0.98331  , , , , ,
[2023-02-01T18:58:58.6804111] ,  1920.802  ,01-Feb-2023 18:57:37 ,                252.9956 ,         100      ,             252.9956 ,              787.8622 ,         261.7798 ,                14.5054 ,            1973.6469 ,          43.834  ,-76.1509           ,               13.5967  ,1.0437                   ,5.664                 ,         1974.17 ,     43.834  ,-76.1509      ,            265.6107 ,                   13.6367 ,        15 ,6.4652               ,-32768           ,-32768           ,       785.7307 ,                1 ,          252.786  ,                   1 ,               14.3567 ,2.0737                  ,-32768               ,                       2007.4161 ,               0.98021  , , , , ,
[2023-02-01T18:58:58.6843073] ,  1921.802  ,01-Feb-2023 18:57:38 ,                252.9494 ,         100      ,             252.9494 ,              787.2024 ,         262.0055 ,                14.4649 ,            1978.9566 ,          43.834  ,-76.1507           ,               12.7339  ,1.4643                   ,5.2417                ,         1978.94 ,     43.834  ,-76.1507      ,            263.4404 ,                   12.8178 ,        15 ,5.664                ,-32768           ,-32768           ,       785.1719 ,                1 ,          252.7372 ,                   1 ,               14.3245 ,2.0115                  ,-32768               ,                       2012.6906 ,               0.97713  , , , , ,
[2023-02-01T18:58:58.6876271] ,  1922.802  ,01-Feb-2023 18:57:39 ,                252.9034 ,         100      ,             252.9034 ,              786.5425 ,         262.2389 ,                14.4142 ,            1984.0147 ,          43.834  ,-76.1506           ,               13.8478  ,2.5564                   ,5.3591                ,         1984.38 ,     43.834  ,-76.1506      ,            259.5405 ,                   14.0818 ,        15 ,5.2417               ,-32768           ,-32768           ,       784.8388 ,                1 ,          252.6948 ,                   1 ,               14.2825 ,1.9464                  ,-32768               ,                       2017.6757 ,               0.97407  , , , , ,
[2023-02-01T18:58:58.6917153] ,  1923.802  ,01-Feb-2023 18:57:40 ,                252.8574 ,         100      ,             252.8574 ,              785.8826 ,         262.4784 ,                14.3534 ,            1989.0263 ,          43.834  ,-76.1504           ,               15.2264  ,2.2206                   ,5.4077                ,         1988.44 ,     43.834  ,-76.1504      ,            261.7026 ,                   15.3874 ,        15 ,5.3591               ,-32768           ,-32768           ,       783.9664 ,                1 ,          252.6587 ,                   1 ,               14.2303 ,1.8789                  ,-32768               ,                       2022.4771 ,               0.97102  , , , , ,
[2023-02-01T18:59:06.9765048] ,  1924.801  ,01-Feb-2023 18:57:41 ,                252.8115 ,         100      ,             252.8115 ,              785.2228 ,         262.7226 ,                14.2829 ,            1994.347  ,          43.8341 ,-76.1502           ,               16.1233  ,1.7271                   ,5.695                 ,         1993.98 ,     43.8341 ,-76.1502      ,            263.8858 ,                   16.2156 ,        15 ,5.4077               ,-32768           ,-32768           ,       783.6533 ,                1 ,          252.6142 ,                   1 ,               14.1681 ,1.8093                  ,-32768               ,                       2027.935  ,               0.96798  , , , , ,
[2023-02-01T18:59:06.9844382] ,  1925.801  ,01-Feb-2023 18:57:41 ,                252.7657 ,         100      ,             252.7656 ,              784.5629 ,         262.9708 ,                14.2035 ,            1999.9895 ,          43.8341 ,-76.15             ,               15.9201  ,0.69697                  ,5.3414                ,         2000.78 ,     43.8341 ,-76.15        ,            267.4932 ,                   15.9354 ,        15 ,5.695                ,-32768           ,-32768           ,       782.8879 ,                1 ,          252.571  ,                   1 ,               14.0968 ,1.738                   ,-32768               ,                       2033.8314 ,               0.96496  , , , , ,
[2023-02-01T18:59:06.9912597] ,  1926.801  ,01-Feb-2023 18:57:43 ,                252.7199 ,         100      ,             252.7199 ,              783.9031 ,         263.2211 ,                14.1163 ,            2005.6828 ,          43.8341 ,-76.1498           ,               14.6819  ,0.90319                  ,5.2628                ,         2005.33 ,     43.8341 ,-76.1498      ,            266.4798 ,                   14.7096 ,        15 ,5.3414               ,-32768           ,-32768           ,       782.1752 ,                1 ,          252.5261 ,                   1 ,               14.0177 ,1.6662                  ,-32768               ,                       2039.2972 ,               0.96196  , , , , ,
[2023-02-01T18:59:06.9954703] ,  1927.801  ,01-Feb-2023 18:57:43 ,                252.6742 ,         100      ,             252.6742 ,              783.2432 ,         263.4724 ,                14.0228 ,            2011.6147 ,          43.8341 ,-76.1496           ,               14.2906  ,1.3939                   ,5.2759                ,         2011.32 ,     43.8341 ,-76.1496      ,            264.4288 ,                   14.3584 ,        15 ,5.2628               ,-32768           ,-32768           ,       781.7557 ,                1 ,          252.5089 ,                   1 ,               13.9317 ,1.5942                  ,-32768               ,                       2045.0785 ,               0.95897  , , , , ,
[2023-02-01T18:59:07.0020125] ,  1928.801  ,01-Feb-2023 18:57:45 ,                252.6287 ,         100      ,             252.6286 ,              782.5833 ,         263.7234 ,                13.9241 ,            2017.773  ,          43.8341 ,-76.1495           ,               13.823   ,1.6272                   ,6.1515                ,         2017.7  ,     43.8341 ,-76.1495      ,            263.2861 ,                   13.9185 ,        15 ,5.2759               ,-32768           ,-32768           ,       781.2877 ,                1 ,          252.478  ,                   1 ,               13.8404 ,1.5222                  ,-32768               ,                       2051.3689 ,               0.95599  , , , , ,
[2023-02-01T18:59:07.0056191] ,  1929.801  ,01-Feb-2023 18:57:46 ,                252.5832 ,         100      ,             252.5831 ,              781.9233 ,         263.9722 ,                13.8217 ,            2023.891  ,          43.8341 ,-76.1493           ,               13.6768  ,2.1411                   ,6.6331                ,         2024.42 ,     43.8341 ,-76.1493      ,            261.1025 ,                   13.8434 ,        15 ,6.1515               ,-32768           ,-32768           ,       780.3799 ,                1 ,          252.4379 ,                   1 ,               13.7451 ,1.4514                  ,-32768               ,                       2057.6206 ,               0.95303  , , , , ,
[2023-02-01T18:59:07.0092119] ,  1930.801  ,01-Feb-2023 18:57:47 ,                252.5377 ,         100      ,             252.5377 ,              781.2634 ,         264.2171 ,                13.7166 ,            2029.744  ,          43.8341 ,-76.1491           ,               14.1214  ,2.0254                   ,5.7675                ,         2029.63 ,     43.8341 ,-76.1491      ,            261.8377 ,                   14.266  ,        15 ,6.6331               ,-32768           ,-32768           ,       779.6152 ,                1 ,          252.3929 ,                   1 ,               13.6467 ,1.3821                  ,-32768               ,                       2063.3862 ,               0.95009  , , , , ,
[2023-02-01T18:59:07.0141494] ,  1931.801  ,01-Feb-2023 18:57:48 ,                252.4923 ,         100      ,             252.4923 ,              780.6035 ,         264.456  ,                13.6099 ,            2035.3635 ,          43.8341 ,-76.1489           ,               14.0088  ,1.3023                   ,5.3439                ,         2035.67 ,     43.8341 ,-76.1489      ,            264.6889 ,                   14.0692 ,        15 ,5.7675               ,-32768           ,-32768           ,       779.1589 ,                1 ,          252.3441 ,                   1 ,               13.5462 ,1.3148                  ,-32768               ,                       2068.9701 ,               0.94715  , , , , ,
[2023-02-01T18:59:07.0186900] ,  1932.801  ,01-Feb-2023 18:57:49 ,                252.4469 ,         100      ,             252.4469 ,              779.9435 ,         264.6869 ,                13.5027 ,            2040.8774 ,          43.8342 ,-76.1488           ,               13.5709  ,1.224                    ,4.8107                ,         2040.55 ,     43.8342 ,-76.1488      ,            264.8463 ,                   13.626  ,        15 ,5.3439               ,-32768           ,-32768           ,       778.6182 ,                1 ,          252.3013 ,                   1 ,               13.4446 ,1.2503                  ,-32768               ,                       2074.3675 ,               0.94423  , , , , ,
[2023-02-01T18:59:16.2573254] ,  1933.801  ,01-Feb-2023 18:57:50 ,                252.4016 ,         100      ,             252.4016 ,              779.2836 ,         264.9077 ,                13.3962 ,            2046.5302 ,          43.8342 ,-76.1486           ,               12.593   ,0.84878                  ,5.5012                ,         2046.32 ,     43.8342 ,-76.1486      ,            266.144  ,                   12.6216 ,        15 ,4.8107               ,-32768           ,-32768           ,       778.0922 ,                1 ,          252.2559 ,                   1 ,               13.3433 ,1.189                   ,-32768               ,                       2080.0929 ,               0.94132  , , , , ,
[2023-02-01T18:59:16.2617185] ,  1934.801  ,01-Feb-2023 18:57:50 ,                252.3562 ,         100      ,             252.3562 ,              778.6237 ,         265.1164 ,                13.2916 ,            2052.3906 ,          43.8342 ,-76.1485           ,               11.7562  ,0.71755                  ,6.1108                ,         2052.85 ,     43.8342 ,-76.1485      ,            266.5072 ,                   11.7781 ,        15 ,5.5012               ,-32768           ,-32768           ,       777.3973 ,                1 ,          252.2057 ,                   1 ,               13.2434 ,1.1315                  ,-32768               ,                       2086.0713 ,               0.93841  , , , , ,
[2023-02-01T18:59:16.2685613] ,  1935.801  ,01-Feb-2023 18:57:52 ,                252.3109 ,         100      ,             252.3109 ,              777.9637 ,         265.3113 ,                13.1899 ,            2058.384  ,          43.8342 ,-76.1483           ,               11.3967  ,0.86726                  ,6.4672                ,         2057.93 ,     43.8342 ,-76.1483      ,            265.6483 ,                   11.4296 ,        15 ,6.1108               ,-32768           ,-32768           ,       776.8213 ,                1 ,          252.1539 ,                   1 ,               13.1458 ,1.0783                  ,-32768               ,                       2091.9035 ,               0.93552  , , , , ,
[2023-02-01T18:59:16.2724444] ,  1936.801  ,01-Feb-2023 18:57:53 ,                252.2656 ,         100      ,             252.2656 ,              777.3038 ,         265.4905 ,                13.0924 ,            2064.6222 ,          43.8342 ,-76.1482           ,               11.4308  ,1.4517                   ,6.7667                ,         2064.63 ,     43.8342 ,-76.1482      ,            262.7624 ,                   11.5227 ,        15 ,6.4672               ,-32768           ,-32768           ,       776.0345 ,                1 ,          252.0981 ,                   1 ,               13.0516 ,1.0295                  ,-32768               ,                       2098.1417 ,               0.93263  , , , , ,
[2023-02-01T18:59:16.2764153] ,  1937.801  ,01-Feb-2023 18:57:54 ,                252.2203 ,         100      ,             252.2203 ,              776.6438 ,         265.6515 ,                13.0003 ,            2070.9936 ,          43.8342 ,-76.148            ,               11.5332  ,2.0891                   ,6.9786                ,         2071    ,     43.8342 ,-76.148       ,            259.7331 ,                   11.7209 ,        15 ,6.7667               ,-32768           ,-32768           ,       775.1774 ,                1 ,          252.0292 ,                   1 ,               12.9627 ,0.9855                  ,-32768               ,                       2104.5997 ,               0.92975  , , , , ,
[2023-02-01T18:59:16.2822148] ,  1938.801  ,01-Feb-2023 18:57:55 ,                252.1749 ,         100      ,             252.1749 ,              775.9839 ,         265.7917 ,                12.9145 ,            2077.3387 ,          43.8342 ,-76.1479           ,               11.6516  ,2.0118                   ,6.5987                ,         2077.62 ,     43.8342 ,-76.1479      ,            260.2038 ,                   11.824  ,        15 ,6.9786               ,-32768           ,-32768           ,       774.7169 ,                1 ,          251.9591 ,                   1 ,               12.8796 ,0.94748                 ,-32768               ,                       2110.9912 ,               0.92688  , , , , ,
[2023-02-01T18:59:16.2869058] ,  1939.801  ,01-Feb-2023 18:57:56 ,                252.1295 ,         100      ,             252.1294 ,              775.3239 ,         265.9085 ,                12.8358 ,            2083.5662 ,          43.8342 ,-76.1477           ,               11.9259  ,1.239                    ,5.7891                ,         2083.59 ,     43.8342 ,-76.1477      ,            264.0687 ,                   11.9901 ,        15 ,6.5987               ,-32768           ,-32768           ,       774.0607 ,                1 ,          251.8895 ,                   1 ,               12.8033 ,0.9155                  ,-32768               ,                       2117.1162 ,               0.92401  , , , , ,
[2023-02-01T18:59:16.2903047] ,  1940.801  ,01-Feb-2023 18:57:57 ,                252.084  ,         100      ,             252.084  ,              774.664  ,         266.0009 ,                12.7649 ,            2089.7434 ,          43.8342 ,-76.1476           ,               12.1731  ,0.63229                  ,5.6311                ,         2089.53 ,     43.8343 ,-76.1476      ,            267.0266 ,                   12.1895 ,        15 ,5.7891               ,-32768           ,-32768           ,       773.6571 ,                1 ,          251.8296 ,                   1 ,               12.7342 ,0.89017                 ,-32768               ,                       2123.1575 ,               0.92114  , , , , ,
[2023-02-01T18:59:16.2942558] ,  1941.801  ,01-Feb-2023 18:57:58 ,                252.0386 ,         100      ,             252.0386 ,              774.004  ,         266.069  ,                12.7028 ,            2095.9671 ,          43.8343 ,-76.1474           ,               12.4444  ,0.07102                  ,5.7747                ,         2095.76 ,     43.8343 ,-76.1474      ,            269.673  ,                   12.4446 ,        15 ,5.6311               ,-32768           ,-32768           ,       772.9343 ,                1 ,          251.7765 ,                   1 ,               12.6729 ,0.87048                 ,-32768               ,                       2129.3884 ,               0.91829  , , , , ,
[2023-02-01T18:59:25.5571596] ,  1942.801  ,01-Feb-2023 18:57:59 ,                251.9931 ,         100      ,             251.9931 ,              773.3441 ,         266.1139 ,                12.6507 ,            2102.1401 ,          43.8342 ,-76.1473           ,               12.8847  ,-0.63543                 ,6.915                 ,         2102.34 ,     43.8342 ,-76.1473      ,            272.8234 ,                   12.9004 ,        15 ,5.7747               ,-32768           ,-32768           ,       772.1584 ,                1 ,          251.7208 ,                   1 ,               12.6214 ,0.85735                 ,-32768               ,                       2135.7449 ,               0.91543  , , , , ,
[2023-02-01T18:59:25.5642426] ,  1943.801  ,01-Feb-2023 18:58:00 ,                251.9476 ,         100      ,             251.9476 ,              772.6841 ,         266.138  ,                12.6098 ,            2108.0551 ,          43.8342 ,-76.1471           ,               13.0074  ,-1.2976                  ,6.5229                ,         2108.56 ,     43.8342 ,-76.1471      ,            275.6968 ,                   13.0719 ,        15 ,6.915                ,-32768           ,-32768           ,       771.4129 ,                1 ,          251.6886 ,                   1 ,               12.5808 ,0.84955                 ,-32768               ,                       2141.7624 ,               0.91259  , , , , ,
[2023-02-01T18:59:25.5669509] ,  1944.801  ,01-Feb-2023 18:58:01 ,                251.9021 ,         100      ,             251.9021 ,              772.0242 ,         266.1441 ,                12.581  ,            2113.6898 ,          43.8342 ,-76.147            ,               13.1945  ,-1.2886                  ,5.5392                ,         2113.64 ,     43.8342 ,-76.147       ,            275.5781 ,                   13.2573 ,        15 ,6.5229               ,-32768           ,-32768           ,       771.1039 ,                1 ,          251.6446 ,                   1 ,               12.5525 ,0.84621                 ,-32768               ,                       2147.271  ,               0.90975  , , , , ,
[2023-02-01T18:59:25.5716210] ,  1945.801  ,01-Feb-2023 18:58:02 ,                251.8565 ,         100      ,             251.8565 ,              771.3643 ,         266.1343 ,                12.5649 ,            2119.3772 ,          43.8342 ,-76.1468           ,               12.9451  ,-1.3043                  ,5.5033                ,         2119.23 ,     43.8342 ,-76.1468      ,            275.7535 ,                   13.0107 ,        15 ,5.5392               ,-32768           ,-32768           ,       770.3533 ,                1 ,          251.5999 ,                   1 ,               12.5364 ,0.84706                 ,-32768               ,                       2152.831  ,               0.90692  , , , , ,
[2023-02-01T18:59:25.5752798] ,  1946.801  ,01-Feb-2023 18:58:03 ,                251.811  ,         100      ,             251.811  ,              770.7043 ,         266.1103 ,                12.5617 ,            2125.456  ,          43.8342 ,-76.1466           ,               12.2199  ,0.21516                  ,6.0952                ,         2124.99 ,     43.8342 ,-76.1466      ,            268.9913 ,                   12.2218 ,        15 ,5.5033               ,-32768           ,-32768           ,       769.7627 ,                1 ,          251.5519 ,                   1 ,               12.5329 ,0.85202                 ,-32768               ,                       2158.8786 ,               0.9041   , , , , ,
[2023-02-01T18:59:25.5790354] ,  1947.801  ,01-Feb-2023 18:58:04 ,                251.7654 ,         100      ,             251.7654 ,              770.0444 ,         266.0739 ,                12.572  ,            2132.1198 ,          43.8342 ,-76.1465           ,               11.7993  ,1.1735                   ,6.5235                ,         2132.08 ,     43.8342 ,-76.1465      ,            264.3205 ,                   11.8575 ,        15 ,6.0952               ,-32768           ,-32768           ,       769.0151 ,                1 ,          251.4904 ,                   1 ,               12.5428 ,0.86055                 ,-32768               ,                       2165.6764 ,               0.90128  , , , , ,
[2023-02-01T18:59:25.5840811] ,  1948.801  ,01-Feb-2023 18:58:05 ,                251.7197 ,         100      ,             251.7197 ,              769.3845 ,         266.028  ,                12.5963 ,            2139.2265 ,          43.8342 ,-76.1464           ,               11.9914  ,1.2353                   ,6.9928                ,         2139.42 ,     43.8342 ,-76.1463      ,            264.1186 ,                   12.0549 ,        15 ,6.5235               ,-32768           ,-32768           ,       768.147  ,                1 ,          251.4393 ,                   1 ,               12.5664 ,0.87223                 ,-32768               ,                       2172.8469 ,               0.89846  , , , , ,
[2023-02-01T18:59:25.5878782] ,  1949.801  ,01-Feb-2023 18:58:06 ,                251.674  ,         100      ,             251.674  ,              768.7245 ,         265.9767 ,                12.6352 ,            2146.5246 ,          43.8342 ,-76.1462           ,               11.8393  ,0.63163                  ,6.9171                ,         2146.51 ,     43.8342 ,-76.1462      ,            266.9461 ,                   11.8561 ,        15 ,6.9928               ,-32768           ,-32768           ,       767.352  ,                1 ,          251.3717 ,                   1 ,               12.6044 ,0.88626                 ,-32768               ,                       2180.0044 ,               0.89565  , , , , ,
[2023-02-01T18:59:25.5907718] ,  1950.801  ,01-Feb-2023 18:58:07 ,                251.6283 ,         100      ,             251.6283 ,              768.0646 ,         265.9253 ,                12.6899 ,            2153.9026 ,          43.8342 ,-76.1461           ,               11.6253  ,0.50959                  ,7.2146                ,         2153.58 ,     43.8342 ,-76.1461      ,            267.4901 ,                   11.6365 ,        15 ,6.9171               ,-32768           ,-32768           ,       766.5657 ,                1 ,          251.2905 ,                   1 ,               12.6577 ,0.9017                  ,-32768               ,                       2187.2705 ,               0.89284  , , , , ,
[2023-02-01T18:59:34.7986318] ,  1951.801  ,01-Feb-2023 18:58:08 ,                251.5826 ,         100      ,             251.5825 ,              767.4046 ,         265.8807 ,                12.7615 ,            2161.219  ,          43.8343 ,-76.1459           ,               12.2018  ,0.25605                  ,7.8131                ,         2161.48 ,     43.8343 ,-76.1459      ,            268.7978 ,                   12.2045 ,        15 ,7.2146               ,-32768           ,-32768           ,       765.684  ,                1 ,          251.229  ,                   1 ,               12.728  ,0.91649                 ,-32768               ,                       2194.7007 ,               0.89004  , , , , ,
[2023-02-01T18:59:34.8041441] ,  1952.801  ,01-Feb-2023 18:58:09 ,                251.5367 ,         100      ,             251.5367 ,              766.7447 ,         265.8499 ,                12.8513 ,            2168.1288 ,          43.8343 ,-76.1457           ,               13.037   ,0.16553                  ,7.1254                ,         2168.52 ,     43.8343 ,-76.1457      ,            269.2726 ,                   13.0381 ,        15 ,7.8131               ,-32768           ,-32768           ,       765.0775 ,                1 ,          251.1744 ,                   1 ,               12.8171 ,0.92975                 ,-32768               ,                       2201.638  ,               0.88724  , , , , ,
[2023-02-01T18:59:34.8074493] ,  1953.801  ,01-Feb-2023 18:58:10 ,                251.4909 ,         100      ,             251.4909 ,              766.0847 ,         265.8406 ,                12.9596 ,            2174.4701 ,          43.8343 ,-76.1456           ,               13.1541  ,0.99211                  ,5.9439                ,         2174.36 ,     43.8343 ,-76.1456      ,            265.6868 ,                   13.1915 ,        15 ,7.1254               ,-32768           ,-32768           ,       764.4614 ,                1 ,          251.1172 ,                   1 ,               12.9254 ,0.94018                 ,-32768               ,                       2207.8925 ,               0.88446  , , , , ,
[2023-02-01T18:59:34.8117145] ,  1954.801  ,01-Feb-2023 18:58:11 ,                251.4451 ,         100      ,             251.4451 ,              765.4248 ,         265.8609 ,                13.0865 ,            2180.4076 ,          43.8343 ,-76.1454           ,               12.4371  ,2.1597                   ,5.4728                ,         2180.61 ,     43.8343 ,-76.1454      ,            260.1486 ,                   12.6232 ,        15 ,5.9439               ,-32768           ,-32768           ,       763.7224 ,                1 ,          251.0693 ,                   1 ,               13.0528 ,0.94509                 ,-32768               ,                       2213.8875 ,               0.88168  , , , , ,
[2023-02-01T18:59:34.8179271] ,  1955.801  ,01-Feb-2023 18:58:12 ,                251.3993 ,         100      ,             251.3993 ,              764.7648 ,         265.9179 ,                13.232  ,            2186.0832 ,          43.8343 ,-76.1453           ,               12.1752  ,2.6082                   ,5.6864                ,         2186.22 ,     43.8343 ,-76.1453      ,            257.9087 ,                   12.4514 ,        15 ,5.4728               ,-32768           ,-32768           ,       763.3585 ,                1 ,          251.0039 ,                   1 ,               13.1987 ,0.94213                 ,-32768               ,                       2219.5449 ,               0.8789   , , , , ,
[2023-02-01T18:59:34.8213643] ,  1956.801  ,01-Feb-2023 18:58:13 ,                251.3536 ,         100      ,             251.3536 ,              764.1049 ,         266.0166 ,                13.3963 ,            2191.8202 ,          43.8343 ,-76.1451           ,               12.0747  ,1.9707                   ,6.166                 ,         2191.33 ,     43.8343 ,-76.1451      ,            260.7305 ,                   12.2344 ,        15 ,5.6864               ,-32768           ,-32768           ,       762.6996 ,                1 ,          250.9496 ,                   1 ,               13.364  ,0.93089                 ,-32768               ,                       2225.103  ,               0.87614  , , , , ,
[2023-02-01T18:59:34.8244574] ,  1957.801  ,01-Feb-2023 18:58:14 ,                251.3078 ,         100      ,             251.3078 ,              763.4449 ,         266.1606 ,                13.58   ,            2197.9793 ,          43.8343 ,-76.145            ,               11.7259  ,0.97057                  ,6.0083                ,         2197.56 ,     43.8343 ,-76.145       ,            265.2683 ,                   11.766  ,        15 ,6.166                ,-32768           ,-32768           ,       762.0301 ,                1 ,          250.9072 ,                   1 ,               13.5491 ,0.90956                 ,-32768               ,                       2231.2878 ,               0.87339  , , , , ,
[2023-02-01T18:59:34.8286795] ,  1958.801  ,01-Feb-2023 18:58:15 ,                251.2621 ,         100      ,             251.2621 ,              762.785  ,         266.3517 ,                13.7834 ,            2204.5267 ,          43.8343 ,-76.1448           ,               12.2438  ,1.2095                   ,6.1234                ,         2204.82 ,     43.8343 ,-76.1448      ,            264.3586 ,                   12.3034 ,        15 ,6.0083               ,-32768           ,-32768           ,       761.3573 ,                1 ,          250.8045 ,                   1 ,               13.7551 ,0.87729                 ,-32768               ,                       2237.9868 ,               0.87065  , , , , ,
[2023-02-01T18:59:34.8346501] ,  1959.801  ,01-Feb-2023 18:58:16 ,                251.2164 ,         100      ,             251.2164 ,              762.1251 ,         266.5904 ,                14.0067 ,            2211.1066 ,          43.8344 ,-76.1447           ,               13.2851  ,1.2613                   ,6.5483                ,         2210.97 ,     43.8344 ,-76.1447      ,            264.5766 ,                   13.3448 ,        15 ,6.1234               ,-32768           ,-32768           ,       760.6982 ,                1 ,          250.7411 ,                   1 ,               13.9815 ,0.83304                 ,-32768               ,                       2244.5539 ,               0.86792  , , , , ,
[2023-02-01T18:59:43.1041695] ,  1960.801  ,01-Feb-2023 18:58:17 ,                251.1708 ,         100      ,             251.1708 ,              761.4651 ,         266.8758 ,                14.2492 ,            2217.5025 ,          43.8344 ,-76.1445           ,               14.0548  ,1.7429                   ,6.2088                ,         2217.86 ,     43.8344 ,-76.1445      ,            262.9309 ,                   14.1624 ,        15 ,6.5483               ,-32768           ,-32768           ,       760.0706 ,                1 ,          250.7224 ,                   1 ,               14.2279 ,0.77672                 ,-32768               ,                       2251.0021 ,               0.8652   , , , , ,
[2023-02-01T18:59:43.1117348] ,  1961.801  ,01-Feb-2023 18:58:18 ,                251.1252 ,         100      ,             251.1251 ,              760.8052 ,         267.2068 ,                14.5101 ,            2223.4892 ,          43.8344 ,-76.1443           ,               14.2516  ,2.2047                   ,6.2456                ,         2223.74 ,     43.8344 ,-76.1443      ,            261.2061 ,                   14.4211 ,        15 ,6.2088               ,-32768           ,-32768           ,       759.5951 ,                1 ,          250.6845 ,                   1 ,               14.4932 ,0.70726                 ,-32768               ,                       2256.9624 ,               0.86248  , , , , ,
[2023-02-01T18:59:43.1165487] ,  1962.801  ,01-Feb-2023 18:58:19 ,                251.0795 ,         100      ,             251.0795 ,              760.1453 ,         267.5813 ,                14.7885 ,            2229.1217 ,          43.8344 ,-76.1442           ,               13.4022  ,2.5115                   ,5.615                 ,         2228.99 ,     43.8344 ,-76.1441      ,            259.3863 ,                   13.6355 ,        15 ,6.2456               ,-32768           ,-32768           ,       758.8531 ,                1 ,          250.6502 ,                   1 ,               14.7755 ,0.62439                 ,-32768               ,                       2262.4612 ,               0.85978  , , , , ,
[2023-02-01T18:59:43.1217023] ,  1963.801  ,01-Feb-2023 18:58:20 ,                251.0339 ,         100      ,             251.0339 ,              759.4859 ,         267.9963 ,                15.0836 ,            2234.6739 ,          43.8344 ,-76.144            ,               12.4227  ,1.9165                   ,5.4096                ,         2234.46 ,     43.8344 ,-76.144       ,            261.2298 ,                   12.5697 ,        15 ,5.615                ,-32768           ,-32768           ,       758.226  ,                1 ,          250.5778 ,                   1 ,               15.0742 ,0.52772                 ,-32768               ,                       2268.0024 ,               0.85708  , , , , ,
[2023-02-01T18:59:43.1255704] ,  1964.801  ,01-Feb-2023 18:58:21 ,                250.9882 ,         100      ,             250.9882 ,              758.8273 ,         268.4481 ,                15.3944 ,            2240.3173 ,          43.8344 ,-76.1439           ,               11.3563  ,0.929                    ,5.5654                ,         2240.46 ,     43.8344 ,-76.1439      ,            265.3234 ,                   11.3943 ,        15 ,5.4096               ,-32768           ,-32768           ,       757.6681 ,                1 ,          250.5001 ,                   1 ,               15.3884 ,0.41729                 ,-32768               ,                       2273.7187 ,               0.85439  , , , , ,
[2023-02-01T18:59:43.1321221] ,  1965.801  ,01-Feb-2023 18:58:22 ,                250.9425 ,         100      ,             250.9425 ,              758.1705 ,         268.9314 ,                15.7201 ,            2246.0949 ,          43.8344 ,-76.1437           ,               10.85    ,0.65848                  ,5.7148                ,         2245.84 ,     43.8344 ,-76.1437      ,            266.527  ,                   10.87   ,        15 ,5.5654               ,-32768           ,-32768           ,       757.1445 ,                1 ,          250.4741 ,                   1 ,               15.7168 ,0.29324                 ,-32768               ,                       2279.4596 ,               0.8517   , , , , ,
[2023-02-01T18:59:43.1357331] ,  1966.801  ,01-Feb-2023 18:58:23 ,                250.8967 ,         100      ,             250.8967 ,              757.5172 ,         269.4401 ,                16.059  ,            2252.0785 ,          43.8345 ,-76.1436           ,               11.7394  ,0.56187                  ,6.5284                ,         2252.09 ,     43.8345 ,-76.1436      ,            267.2598 ,                   11.7528 ,        15 ,5.7148               ,-32768           ,-32768           ,       756.4138 ,                1 ,          250.426  ,                   1 ,               16.0579 ,0.15693                 ,-32768               ,                       2285.4591 ,               0.84901  , , , , ,
[2023-02-01T18:59:43.1388522] ,  1967.801  ,01-Feb-2023 18:58:24 ,                250.8515 ,         100      ,             250.8515 ,              756.869  ,         269.9683 ,                16.409  ,            2258.1505 ,          43.8345 ,-76.1434           ,               13.6643  ,1.0725                   ,6.39                  ,         2258.23 ,     43.8345 ,-76.1434      ,            265.5121 ,                   13.7063 ,        15 ,6.5284               ,-32768           ,-32768           ,       755.7982 ,                1 ,          250.3896 ,                   1 ,               16.4091 ,0.0092319               ,-32768               ,                       2291.5113 ,               0.84636  , , , , ,
[2023-02-01T18:59:43.1421014] ,  1968.801  ,01-Feb-2023 18:58:25 ,                250.8212 ,         100      ,             250.8212 ,              756.2298 ,         270.5102 ,                16.7675 ,            2264.1701 ,          43.8345 ,-76.1432           ,               15.559   ,2.2902                   ,6.2642                ,         2263.96 ,     43.8345 ,-76.1432      ,            261.6266 ,                   15.7267 ,        15 ,6.39                 ,-32768           ,-32768           ,       755.1835 ,                1 ,          250.4984 ,                   1 ,               16.7673 ,-0.1491                 ,-32768               ,                       2297.4886 ,               0.84482  , , , , ,
[2023-02-01T18:59:52.4027219] ,  1969.801  ,01-Feb-2023 18:58:26 ,                250.7994 ,         100      ,             250.7994 ,              755.6033 ,         271.0602 ,                17.1318 ,            2270.0473 ,          43.8345 ,-76.143            ,               16.6604  ,3.1065                   ,6.0138                ,         2270.3  ,     43.8345 ,-76.143       ,            259.438  ,                   16.9475 ,         0 ,6.2642               ,103.5305         ,103.5305         ,       754.575  ,                1 ,          250.8729 ,                   1 ,               17.1294 ,-0.31674                ,-32768               ,                       2303.5146 ,               0.8439   , , , , ,
[2023-02-01T18:59:52.4115513] ,  1970.801  ,01-Feb-2023 18:58:27 ,                251.0091 ,         100      ,             251.0091 ,              754.9954 ,         271.6123 ,                17.4992 ,            2275.6446 ,          43.8345 ,-76.1428           ,               18.1875  ,1.8154                   ,5.1472                ,         2276.13 ,     43.8345 ,-76.1428      ,            264.2999 ,                   18.2779 ,         0 ,6.0138               ,102.0854         ,102.0854         ,       754.0027 ,                1 ,          251.1018 ,                   1 ,               17.4927 ,-0.49224                ,-32768               ,                       2309.1348 ,               0.86031  , , , , ,
[2023-02-01T18:59:52.4188424] ,  1971.801  ,01-Feb-2023 18:58:28 ,                251.0314 ,         100      ,             251.0314 ,              754.4109 ,         272.1607 ,                17.8676 ,            2281.0391 ,          43.8346 ,-76.1425           ,               20.3055  ,2.0213                   ,5.5242                ,         2280.64 ,     43.8346 ,-76.1425      ,            264.3152 ,                   20.4059 ,         0 ,5.1472               ,101.7209         ,101.7209         ,       753.3383 ,                1 ,          251.1148 ,                   1 ,               17.855  ,-0.67376                ,-32768               ,                       2314.2079 ,               0.86267  , , , , ,
[2023-02-01T18:59:52.4220422] ,  1972.801  ,01-Feb-2023 18:58:29 ,                251.0209 ,         100      ,             251.0208 ,              753.8554 ,         272.6991 ,                18.235  ,            2286.5851 ,          43.8346 ,-76.1423           ,               20.361   ,1.8545                   ,5.8715                ,         2285.93 ,     43.8346 ,-76.1423      ,            264.7958 ,                   20.4453 ,         0 ,5.5242               ,101.1804         ,101.1804         ,       752.7592 ,                1 ,          251.0915 ,                   1 ,               18.2146 ,-0.85914                ,-32768               ,                       2319.5554 ,               0.8625   , , , , ,
[2023-02-01T18:59:52.4268016] ,  1973.801  ,01-Feb-2023 18:58:30 ,                251.1342 ,          99.7186 ,             251.1014 ,              753.3312 ,         273.2224 ,                18.5994 ,            2292.2426 ,          43.8346 ,-76.142            ,               21.1772  ,-0.22026                 ,6.0343                ,         2292.13 ,     43.8346 ,-76.142       ,            270.5959 ,                   21.1783 ,         0 ,5.8715               ,100.0998         ,100.0998         ,       752.2292 ,                1 ,          251.1924 ,                   1 ,               18.5699 ,-1.0458                 ,-32768               ,                       2325.4405 ,               0.86924  , , , , ,
[2023-02-01T18:59:52.4307938] ,  1974.801  ,01-Feb-2023 18:58:31 ,                251.3369 ,          98.5599 ,             251.168  ,              752.8386 ,         273.7268 ,                18.9583 ,            2297.5584 ,          43.8345 ,-76.1417           ,               21.2841  ,-1.5661                  ,5.0625                ,         2298.25 ,     43.8346 ,-76.1417      ,            274.2084 ,                   21.3417 ,         0 ,6.0343               ,98.247           ,98.247           ,       751.6547 ,                1 ,          251.4739 ,                   1 ,               18.9183 ,-1.2325                 ,-32768               ,                       2331.1125 ,               0.87491  , , , , ,
[2023-02-01T18:59:52.4338154] ,  1975.801  ,01-Feb-2023 18:58:32 ,                251.4067 ,          97.7101 ,             251.137  ,              752.3725 ,         274.2098 ,                19.3092 ,            2301.929  ,          43.8345 ,-76.1415           ,               21.8757  ,-3.743                   ,3.8659                ,         2302.81 ,     43.8345 ,-76.1415      ,            279.7096 ,                   22.1936 ,         0 ,5.0625               ,97.9233          ,97.9233          ,       751.2888 ,                1 ,          251.5136 ,                   1 ,               19.2573 ,-1.4177                 ,-32768               ,                       2335.5963 ,               0.87307  , , , , ,
[2023-02-01T18:59:52.4392613] ,  1976.801  ,01-Feb-2023 18:58:33 ,                251.3988 ,          97.4968 ,             251.1037 ,              751.9241 ,         274.6696 ,                19.6492 ,            2305.4125 ,          43.8345 ,-76.1412           ,               23.3372  ,-3.7769                  ,2.9101                ,         2305.6  ,     43.8345 ,-76.1412      ,            279.1929 ,                   23.6409 ,         0 ,3.8659               ,98.6584          ,98.6584          ,       750.9189 ,                1 ,          251.4967 ,                   1 ,               19.5844 ,-1.5996                 ,-32768               ,                       2338.736  ,               0.87104  , , , , ,
[2023-02-01T18:59:52.4432535] ,  1977.801  ,01-Feb-2023 18:58:34 ,                251.3848 ,          97.2646 ,             251.062  ,              751.4814 ,         275.1048 ,                19.9758 ,            2308.8237 ,          43.8344 ,-76.1409           ,               22.8088  ,-6.357                   ,2.888                 ,         2307.5  ,     43.8344 ,-76.1409      ,            285.5737 ,                   23.6781 ,         0 ,2.9101               ,97.6732          ,97.6732          ,       750.7074 ,                1 ,          251.4932 ,                   1 ,               19.8972 ,-1.7774                 ,-32768               ,                       2341.8034 ,               0.86837  , , , , ,
[2023-02-01T19:00:01.6547833] ,  1978.801  ,01-Feb-2023 18:58:35 ,                251.3777 ,          96.9546 ,             251.0178 ,              751.0342 ,         275.514  ,                20.287  ,            2312.9761 ,          43.8344 ,-76.1406           ,               21.975   ,-7.1788                  ,4.2573                ,         2313.06 ,     43.8344 ,-76.1406      ,            288.0913 ,                   23.1178 ,         0 ,2.888                ,97.2539          ,97.2539          ,       750.2909 ,                1 ,          251.4795 ,                   1 ,               20.1936 ,-1.9494                 ,-32768               ,                       2346.1355 ,               0.86552  , , , , ,
[2023-02-01T19:00:01.6651916] ,  1979.801  ,01-Feb-2023 18:58:36 ,                251.375  ,          97.1319 ,             251.0363 ,              750.5791 ,         275.8956 ,                20.5811 ,            2317.8872 ,          43.8343 ,-76.1404           ,               20.7272  ,-6.2591                  ,5.3054                ,         2317.2  ,     43.8343 ,-76.1404      ,            286.8031 ,                   21.6516 ,         0 ,4.2573               ,97.0566          ,97.0566          ,       749.8017 ,                1 ,          251.4903 ,                   1 ,               20.4726 ,-2.1142                 ,-32768               ,                       2351.1067 ,               0.86746  , , , , ,
[2023-02-01T19:00:01.6787934] ,  1980.801  ,01-Feb-2023 18:58:37 ,                251.3601 ,          97.9287 ,             251.1165 ,              750.117  ,         276.2479 ,                20.857  ,            2323.274  ,          43.8343 ,-76.1401           ,               20.964   ,-4.7699                  ,6.1445                ,         2323.63 ,     43.8343 ,-76.1401      ,            282.8182 ,                   21.4998 ,         0 ,5.3054               ,97.0931          ,97.0931          ,       749.0937 ,                1 ,          251.4866 ,                   1 ,               20.7332 ,-2.2703                 ,-32768               ,                       2356.7148 ,               0.87413  , , , , ,
[2023-02-01T19:00:01.6837037] ,  1981.801  ,01-Feb-2023 18:58:38 ,                251.3119 ,          98.9856 ,             251.1932 ,              749.6536 ,         276.5697 ,                21.1138 ,            2328.4249 ,          43.8342 ,-76.1398           ,               21.7876  ,-3.3535                  ,5.8269                ,         2329.21 ,     43.8342 ,-76.1398      ,            278.7501 ,                   22.0442 ,         0 ,6.1445               ,98.0486          ,98.0486          ,       748.5658 ,                1 ,          251.4655 ,                   1 ,               20.9753 ,-2.4164                 ,-32768               ,                       2361.9609 ,               0.88058  , , , , ,
[2023-02-01T19:00:01.6877769] ,  1982.801  ,01-Feb-2023 18:58:39 ,                251.2362 ,          99.7575 ,             251.2079 ,              749.1961 ,         276.8607 ,                21.3508 ,            2332.9198 ,          43.8342 ,-76.1396           ,               21.9478  ,-2.2941                  ,4.5735                ,         2332.8  ,     43.8342 ,-76.1396      ,            275.9671 ,                   22.0674 ,         0 ,5.8269               ,100.5713         ,100.5713         ,       748.0851 ,                1 ,          251.3337 ,                   1 ,               21.1979 ,-2.551                  ,-32768               ,                       2366.2419 ,               0.88226  , , , , ,
[2023-02-01T19:00:01.6921862] ,  1983.801  ,01-Feb-2023 18:58:40 ,                251.2022 ,          99.5467 ,             251.1493 ,              748.7477 ,         277.1225 ,                21.5677 ,            2336.9281 ,          43.8342 ,-76.1393           ,               22.3525  ,-2.0695                  ,3.3505                ,         2337.12 ,     43.8342 ,-76.1393      ,            275.2896 ,                   22.4481 ,         0 ,4.5735               ,100.6104         ,100.6104         ,       747.7994 ,                1 ,          251.3068 ,                   1 ,               21.4012 ,-2.6743                 ,-32768               ,                       2370.2181 ,               0.87826  , , , , ,
[2023-02-01T19:00:01.6962554] ,  1984.801  ,01-Feb-2023 18:58:41 ,                251.2189 ,          98.6084 ,             251.0559 ,              748.3094 ,         277.3572 ,                21.7642 ,            2340.686  ,          43.8342 ,-76.139            ,               23.7955  ,-1.9665                  ,3.6602                ,         2340.68 ,     43.8342 ,-76.139       ,            274.7244 ,                   23.8766 ,         0 ,3.3505               ,99.794           ,99.794           ,       747.3852 ,                1 ,          251.3175 ,                   1 ,               21.5853 ,-2.7868                 ,-32768               ,                       2373.9223 ,               0.87159  , , , , ,
[2023-02-01T19:00:01.7010950] ,  1985.801  ,01-Feb-2023 18:58:42 ,                251.2693 ,          97.5474 ,             250.9805 ,              747.8786 ,         277.5675 ,                21.9403 ,            2344.5905 ,          43.8342 ,-76.1387           ,               24.7071  ,-2.1785                  ,4.0402                ,         2343.99 ,     43.8342 ,-76.1387      ,            275.0388 ,                   24.803  ,         0 ,3.6602               ,97.9387          ,97.9387          ,       746.9389 ,                1 ,          251.3442 ,                   1 ,               21.7497 ,-2.8892                 ,-32768               ,                       2377.6814 ,               0.86633  , , , , ,
[2023-02-01T19:00:01.7044571] ,  1986.801  ,01-Feb-2023 18:58:43 ,                251.3548 ,          96.8863 ,             250.9868 ,              747.454  ,         277.7551 ,                22.0963 ,            2348.8576 ,          43.8341 ,-76.1384           ,               24.5546  ,-2.0067                  ,4.3425                ,         2348.75 ,     43.8341 ,-76.1384      ,            274.672  ,                   24.6364 ,         0 ,4.0402               ,95.7668          ,95.7668          ,       746.5768 ,                1 ,          251.4392 ,                   1 ,               21.8943 ,-2.9817                 ,-32768               ,                       2382.0508 ,               0.8673   , , , , ,
[2023-02-01T19:00:10.9363600] ,  1987.801  ,01-Feb-2023 18:58:44 ,                251.4367 ,          96.8693 ,             251.0664 ,              747.0356 ,         277.9213 ,                22.2329 ,            2353.3012 ,          43.8341 ,-76.1381           ,               23.1631  ,-2.8181                  ,5.1152                ,         2353.48 ,     43.8341 ,-76.1381      ,            276.9367 ,                   23.3339 ,         0 ,4.3425               ,95.4193          ,95.4193          ,       746.067  ,                1 ,          251.5681 ,                   1 ,               22.0206 ,-3.0643                 ,-32768               ,                       2386.6177 ,               0.87389  , , , , ,
[2023-02-01T19:00:10.9402696] ,  1988.801  ,01-Feb-2023 18:58:45 ,                251.4627 ,          97.0696 ,             251.1164 ,              746.624  ,         278.0672 ,                22.3511 ,            2357.6102 ,          43.8341 ,-76.1378           ,               21.5218  ,-4.3976                  ,4.9937                ,         2357.64 ,     43.8341 ,-76.1378      ,            281.5484 ,                   21.9665 ,         0 ,5.1152               ,96.0357          ,96.0357          ,       745.5441 ,                1 ,          251.5724 ,                   1 ,               22.13   ,-3.1371                 ,-32768               ,                       2391.0068 ,               0.87822  , , , , ,
[2023-02-01T19:00:10.9438245] ,  1989.801  ,01-Feb-2023 18:58:46 ,                251.4767 ,          97.2349 ,             251.1501 ,              746.2172 ,         278.1947 ,                22.4521 ,            2361.5534 ,          43.834  ,-76.1376           ,               20.6232  ,-4.762                   ,4.4414                ,         2362.37 ,     43.834  ,-76.1376      ,            283.0021 ,                   21.1658 ,         0 ,4.9937               ,97.0881          ,97.0881          ,       745.203  ,                1 ,          251.5517 ,                   1 ,               22.223  ,-3.2006                 ,-32768               ,                       2395.0192 ,               0.8813   , , , , ,
[2023-02-01T19:00:10.9465495] ,  1990.801  ,01-Feb-2023 18:58:47 ,                251.5268 ,          97.2227 ,             251.1986 ,              745.8136 ,         278.307  ,                22.5372 ,            2365.1541 ,          43.834  ,-76.1373           ,               21.5801  ,-4.3377                  ,2.3987                ,         2364.68 ,     43.834  ,-76.1373      ,            281.3653 ,                   22.0117 ,         0 ,4.4414               ,97.5669          ,97.5669          ,       744.8809 ,                1 ,          251.6473 ,                   1 ,               22.3006 ,-3.256                  ,-32768               ,                       2398.3187 ,               0.88554  , , , , ,
[2023-02-01T19:00:10.9498140] ,  1991.801  ,01-Feb-2023 18:58:48 ,                251.5903 ,          96.6517 ,             251.1934 ,              745.4088 ,         278.4075 ,                22.608  ,            2368.8262 ,          43.8339 ,-76.137            ,               21.3116  ,-5.0091                  ,3.2635                ,         2368.44 ,     43.8339 ,-76.137       ,            283.2267 ,                   21.8924 ,         0 ,2.3987               ,97.3054          ,97.3054          ,       744.5726 ,                1 ,          251.6431 ,                   1 ,               22.3647 ,-3.3051                 ,-32768               ,                       2401.9393 ,               0.88562  , , , , ,
[2023-02-01T19:00:10.9560042] ,  1992.801  ,01-Feb-2023 18:58:49 ,                251.6881 ,          95.4609 ,             251.1466 ,              744.9985 ,         278.5001 ,                22.6661 ,            2372.8064 ,          43.8339 ,-76.1368           ,               21.2649  ,-3.5433                  ,4.4569                ,         2372.95 ,     43.8339 ,-76.1368      ,            279.4601 ,                   21.5581 ,         0 ,3.2635               ,96.1372          ,96.1372          ,       744.1496 ,                1 ,          251.8047 ,                   1 ,               22.4169 ,-3.3497                 ,-32768               ,                       2406.0835 ,               0.88247  , , , , ,
[2023-02-01T19:00:10.9597285] ,  1993.801  ,01-Feb-2023 18:58:50 ,                251.7917 ,          93.639  ,             251.0257 ,              744.5799 ,         278.5872 ,                22.7129 ,            2376.9915 ,          43.8339 ,-76.1365           ,               21.3722  ,-1.8623                  ,4.5095                ,         2376.84 ,     43.8339 ,-76.1365      ,            274.98   ,                   21.4531 ,         0 ,4.4569               ,94.3006          ,94.3006          ,       743.6605 ,                1 ,          251.8229 ,                   1 ,               22.4583 ,-3.3911                 ,-32768               ,                       2410.3414 ,               0.87364  , , , , ,
[2023-02-01T19:00:10.9630828] ,  1994.801  ,01-Feb-2023 18:58:51 ,                251.984  ,          91.8294 ,             250.9899 ,              744.1512 ,         278.6706 ,                22.7499 ,            2381.2845 ,          43.8339 ,-76.1362           ,               22.3448  ,-1.4721                  ,4.1079                ,         2381.8  ,     43.8339 ,-76.1362      ,            273.7693 ,                   22.3932 ,         0 ,4.5095               ,92.617           ,92.617           ,       743.2768 ,                1 ,          251.9356 ,                   1 ,               22.4899 ,-3.4297                 ,-32768               ,                       2414.6524 ,               0.87139  , , , , ,
[2023-02-01T19:00:10.9672555] ,  1995.801  ,01-Feb-2023 18:58:52 ,                252.27   ,          90.3052 ,             251.0789 ,              743.713  ,         278.7512 ,                22.7785 ,            2385.5888 ,          43.8339 ,-76.1359           ,               23.0337  ,-2.7728                  ,3.8896                ,         2385.06 ,     43.8339 ,-76.1359      ,            276.8642 ,                   23.2    ,         0 ,4.1079               ,89.8099          ,89.8099          ,       742.8082 ,                1 ,          252.4312 ,                   1 ,               22.513  ,-3.466                  ,-32768               ,                       2418.7837 ,               0.87876  , , , , ,
[2023-02-01T19:00:19.2211194] ,  1996.801  ,01-Feb-2023 18:58:53 ,                252.4311 ,          88.7488 ,             251.0363 ,              743.2662 ,         278.8307 ,                22.8003 ,            2390.0205 ,          43.8338 ,-76.1356           ,               23.5101  ,-4.0094                  ,4.4931                ,         2390.22 ,     43.8338 ,-76.1356      ,            279.678  ,                   23.8496 ,         0 ,3.8896               ,88.9755          ,88.9755          ,       742.2893 ,                1 ,          252.4887 ,                   1 ,               22.5295 ,-3.5003                 ,-32768               ,                       2423.2909 ,               0.876    , , , , ,
[2023-02-01T19:00:19.2263094] ,  1997.801  ,01-Feb-2023 18:58:54 ,                252.5295 ,          87.6234 ,             250.9853 ,              742.8115 ,         278.9114 ,                22.8167 ,            2394.5038 ,          43.8338 ,-76.1353           ,               24.5562  ,-4.3854                  ,5.0917                ,         2394.56 ,     43.8338 ,-76.1353      ,            280.1254 ,                   24.9447 ,         0 ,4.4931               ,88.4287          ,88.4287          ,       741.9121 ,                1 ,          252.576  ,                   1 ,               22.5409 ,-3.5341                 ,-32768               ,                       2427.8514 ,               0.87261  , , , , ,
[2023-02-01T19:00:19.2329898] ,  1998.801  ,01-Feb-2023 18:58:55 ,                252.6503 ,          86.8685 ,             251.0041 ,              742.3499 ,         278.9963 ,                22.8287 ,            2399.0604 ,          43.8338 ,-76.135            ,               25.1419  ,-3.9001                  ,4.8334                ,         2399.17 ,     43.8338 ,-76.135       ,            278.8177 ,                   25.4426 ,         0 ,5.0917               ,86.6929          ,86.6929          ,       741.4871 ,                1 ,          252.7638 ,                   1 ,               22.5479 ,-3.5691                 ,-32768               ,                       2432.3574 ,               0.8746   , , , , ,
[2023-02-01T19:00:19.2362073] ,  1999.801  ,01-Feb-2023 18:58:56 ,                252.7232 ,          86.326  ,             251.0032 ,              741.8809 ,         279.0878 ,                22.8373 ,            2403.7077 ,          43.8337 ,-76.1347           ,               24.6903  ,-3.4012                  ,4.495                 ,         2403.56 ,     43.8337 ,-76.1347      ,            277.8433 ,                   24.9235 ,         0 ,4.8334               ,86.3943          ,86.3943          ,       740.9706 ,                1 ,          252.8438 ,                   1 ,               22.551  ,-3.6066                 ,-32768               ,                       2436.8689 ,               0.87509  , , , , ,
[2023-02-01T19:00:19.2400004] ,  2000.801  ,01-Feb-2023 18:58:57 ,                252.73   ,          86.0629 ,             250.9745 ,              741.4063 ,         279.1869 ,                22.8432 ,            2408.5674 ,          43.8337 ,-76.1344           ,               23.4223  ,-2.0126                  ,4.9816                ,         2408.14 ,     43.8337 ,-76.1344      ,            274.9111 ,                   23.5086 ,         0 ,4.495                ,86.3659          ,86.3659          ,       740.5064 ,                1 ,          252.8473 ,                   1 ,               22.5505 ,-3.6469                 ,-32768               ,                       2441.6763 ,               0.87344  , , , , ,
[2023-02-01T19:00:19.2457027] ,  2001.801  ,01-Feb-2023 18:58:58 ,                252.7106 ,          86.1017 ,             250.9605 ,              740.9274 ,         279.2932 ,                22.8474 ,            2413.6025 ,          43.8337 ,-76.1342           ,               21.808   ,-2.4933                  ,5.5487                ,         2413.84 ,     43.8337 ,-76.1342      ,            276.5223 ,                   21.95   ,         0 ,4.9816               ,85.6695          ,85.6695          ,       740.0203 ,                1 ,          252.8291 ,                   1 ,               22.5474 ,-3.6893                 ,-32768               ,                       2446.9475 ,               0.87293  , , , , ,
[2023-02-01T19:00:19.2490700] ,  2002.801  ,01-Feb-2023 18:58:59 ,                252.687  ,          86.6135 ,             251.0061 ,              740.4452 ,         279.4058 ,                22.8513 ,            2418.5134 ,          43.8336 ,-76.1339           ,               20.806   ,-3.6174                  ,5.3337                ,         2419.21 ,     43.8336 ,-76.1339      ,            279.8632 ,                   21.1181 ,         0 ,5.5487               ,85.791           ,85.791           ,       739.4676 ,                1 ,          252.812  ,                   1 ,               22.5435 ,-3.7343                 ,-32768               ,                       2451.9305 ,               0.87701  , , , , ,
[2023-02-01T19:00:19.2522026] ,  2003.801  ,01-Feb-2023 18:59:00 ,                252.6596 ,          87.2491 ,             251.064  ,              739.9609 ,         279.5232 ,                22.8563 ,            2423.2106 ,          43.8336 ,-76.1336           ,               20.6197  ,-3.4499                  ,4.4867                ,         2422.69 ,     43.8336 ,-76.1336      ,            279.4983 ,                   20.9063 ,         0 ,5.3337               ,86.391           ,86.391           ,       738.983  ,                1 ,          252.7818 ,                   1 ,               22.5407 ,-3.7818                 ,-32768               ,                       2456.3373 ,               0.88206  , , , , ,
[2023-02-01T19:00:19.2562694] ,  2004.801  ,01-Feb-2023 18:59:01 ,                252.6304 ,          87.5204 ,             251.0713 ,              739.4753 ,         279.6437 ,                22.8631 ,            2427.9885 ,          43.8336 ,-76.1334           ,               21.3632  ,-3.4973                  ,4.4559                ,         2427.92 ,     43.8336 ,-76.1334      ,            279.2971 ,                   21.6476 ,         0 ,4.4867               ,87.2843          ,87.2843          ,       738.5836 ,                1 ,          252.7554 ,                   1 ,               22.5398 ,-3.8303                 ,-32768               ,                       2461.0964 ,               0.88321  , , , , ,
[2023-02-01T19:00:28.5365970] ,  2005.801  ,01-Feb-2023 18:59:02 ,                252.5994 ,          87.1916 ,             250.9969 ,              738.9873 ,         279.7665 ,                22.8722 ,            2432.9191 ,          43.8336 ,-76.1331           ,               22.8897  ,-3.1904                  ,5.0865                ,         2432.88 ,     43.8336 ,-76.1331      ,            277.9349 ,                   23.1109 ,         0 ,4.4559               ,87.2988          ,87.2988          ,       738.1505 ,                1 ,          252.7231 ,                   1 ,               22.5406 ,-3.8797                 ,-32768               ,                       2466.1329 ,               0.87804  , , , , ,
[2023-02-01T19:00:28.5482445] ,  2006.801  ,01-Feb-2023 18:59:03 ,                252.5743 ,          86.6396 ,             250.8985 ,              738.4969 ,         279.8914 ,                22.8836 ,            2437.9342 ,          43.8335 ,-76.1328           ,               24.1862  ,-2.8622                  ,5.0386                ,         2438.07 ,     43.8335 ,-76.1328      ,            276.749  ,                   24.3549 ,         0 ,5.0865               ,86.8697          ,86.8697          ,       737.5394 ,                1 ,          252.6798 ,                   1 ,               22.5433 ,-3.9309                 ,-32768               ,                       2471.221  ,               0.87104  , , , , ,
[2023-02-01T19:00:28.5592229] ,  2007.801  ,01-Feb-2023 18:59:04 ,                252.5664 ,          86.2845 ,             250.8429 ,              738.005  ,         280.0177 ,                22.8975 ,            2442.9435 ,          43.8335 ,-76.1325           ,               24.3605  ,-2.7649                  ,5.2481                ,         2443.13 ,     43.8335 ,-76.1325      ,            276.4754 ,                   24.5169 ,         0 ,5.0386               ,85.675           ,85.675           ,       737.0576 ,                1 ,          252.6895 ,                   1 ,               22.5486 ,-3.9831                 ,-32768               ,                       2476.2106 ,               0.86737  , , , , ,
[2023-02-01T19:00:28.5640921] ,  2008.801  ,01-Feb-2023 18:59:05 ,                252.5574 ,          86.1349 ,             250.8139 ,              737.5112 ,         280.1446 ,                22.9138 ,            2447.9778 ,          43.8335 ,-76.1322           ,               22.6725  ,-4.0047                  ,5.2681                ,         2447.76 ,     43.8335 ,-76.1322      ,            280.017  ,                   23.0235 ,         0 ,5.2481               ,86.1804          ,86.1804          ,       736.5922 ,                1 ,          252.6735 ,                   1 ,               22.5558 ,-4.0356                 ,-32768               ,                       2481.1347 ,               0.86573  , , , , ,
[2023-02-01T19:00:28.5674143] ,  2009.801  ,01-Feb-2023 18:59:06 ,                252.5409 ,          85.6912 ,             250.7378 ,              737.0161 ,         280.2709 ,                22.933  ,            2453.1717 ,          43.8334 ,-76.132            ,               20.9885  ,-4.5221                  ,4.8714                ,         2453.11 ,     43.8334 ,-76.1319      ,            282.1589 ,                   21.4701 ,         0 ,5.2681               ,86.3291          ,86.3291          ,       736.0802 ,                1 ,          252.6651 ,                   1 ,               22.5655 ,-4.0889                 ,-32768               ,                       2486.324  ,               0.86053  , , , , ,
[2023-02-01T19:00:28.5713638] ,  2010.801  ,01-Feb-2023 18:59:07 ,                252.5176 ,          85.0111 ,             250.6225 ,              736.5193 ,         280.395  ,                22.9552 ,            2458.5443 ,          43.8334 ,-76.1317           ,               20.173   ,-5.5224                  ,4.9016                ,         2458.53 ,     43.8334 ,-76.1317      ,            285.3096 ,                   20.9152 ,         0 ,4.8714               ,85.6918          ,85.6918          ,       735.5864 ,                1 ,          252.6327 ,                   1 ,               22.5783 ,-4.142                  ,-32768               ,                       2491.6981 ,               0.85239  , , , , ,
[2023-02-01T19:00:28.5752387] ,  2011.801  ,01-Feb-2023 18:59:08 ,                252.4948 ,          84.5291 ,             250.5342 ,              736.0204 ,         280.5153 ,                22.9808 ,            2464.0099 ,          43.8333 ,-76.1314           ,               19.8506  ,-6.0434                  ,5.1644                ,         2463.91 ,     43.8333 ,-76.1315      ,            286.9325 ,                   20.7502 ,         0 ,4.9016               ,85.3084          ,85.3084          ,       735.1492 ,                1 ,          252.6182 ,                   1 ,               22.5947 ,-4.1939                 ,-32768               ,                       2497.1453 ,               0.84635  , , , , ,
[2023-02-01T19:00:28.5789994] ,  2012.801  ,01-Feb-2023 18:59:09 ,                252.4657 ,          84.027  ,             250.4367 ,              735.5196 ,         280.6301 ,                23.01   ,            2469.4619 ,          43.8333 ,-76.1312           ,               20.7555  ,-5.1389                  ,5.5651                ,         2469.57 ,     43.8333 ,-76.1312      ,            283.9064 ,                   21.3823 ,         0 ,5.1644               ,84.3464          ,84.3464          ,       734.6046 ,                1 ,          252.5974 ,                   1 ,               22.6153 ,-4.2441                 ,-32768               ,                       2502.6417 ,               0.83966  , , , , ,
[2023-02-01T19:00:28.5851137] ,  2013.801  ,01-Feb-2023 18:59:10 ,                252.4248 ,          83.661  ,             250.3459 ,              735.017  ,         280.7376 ,                23.0426 ,            2474.7405 ,          43.8332 ,-76.1309           ,               22.9412  ,-4.6679                  ,4.9653                ,         2474.92 ,     43.8332 ,-76.1309      ,            281.501  ,                   23.4113 ,         0 ,5.5651               ,84.6799          ,84.6799          ,       734.0829 ,                1 ,          252.5445 ,                   1 ,               22.6396 ,-4.293                  ,-32768               ,                       2507.9482 ,               0.83352  , , , , ,
[2023-02-01T19:00:37.8196886] ,  2014.801  ,01-Feb-2023 18:59:11 ,                252.3929 ,          83.5099 ,             250.2936 ,              734.5138 ,         280.8348 ,                23.0787 ,            2479.7586 ,          43.8332 ,-76.1306           ,               24.027   ,-4.2783                  ,4.7976                ,         2479.89 ,     43.8332 ,-76.1306      ,            280.0964 ,                   24.4049 ,         0 ,4.9653               ,84.3236          ,84.3236          ,       733.608  ,                1 ,          252.4995 ,                   1 ,               22.6677 ,-4.3388                 ,-32768               ,                       2512.8871 ,               0.83024  , , , , ,
[2023-02-01T19:00:37.8307116] ,  2015.801  ,01-Feb-2023 18:59:12 ,                252.3808 ,          83.5482 ,             250.2871 ,              734.0103 ,         280.9183 ,                23.1187 ,            2484.5874 ,          43.8332 ,-76.1303           ,               25.0117  ,-3.8297                  ,5.0833                ,         2484.27 ,     43.8332 ,-76.1303      ,            278.7053 ,                   25.3032 ,         0 ,4.7976               ,83.0399          ,83.0399          ,       733.0741 ,                1 ,          252.5063 ,                   1 ,               22.7    ,-4.3795                 ,-32768               ,                       2517.6189 ,               0.83033  , , , , ,
[2023-02-01T19:00:37.8359904] ,  2016.801  ,01-Feb-2023 18:59:13 ,                252.3618 ,          83.9121 ,             250.3186 ,              733.5067 ,         280.9856 ,                23.1634 ,            2489.3477 ,          43.8331 ,-76.13             ,               24.1267  ,-4.7441                  ,5.5433                ,         2489.46 ,     43.8331 ,-76.13        ,            281.1242 ,                   24.5887 ,         0 ,5.0833               ,83.4135          ,83.4135          ,       732.5583 ,                1 ,          252.4906 ,                   1 ,               22.7385 ,-4.4146                 ,-32768               ,                       2522.5006 ,               0.83322  , , , , ,
[2023-02-01T19:00:37.8414589] ,  2017.801  ,01-Feb-2023 18:59:14 ,                252.3229 ,          84.1915 ,             250.3188 ,              733.0026 ,         281.0355 ,                23.2136 ,            2494.0272 ,          43.8331 ,-76.1297           ,               23.5816  ,-5.2688                  ,5.0467                ,         2494.26 ,     43.8331 ,-76.1297      ,            282.5946 ,                   24.163  ,         0 ,5.5433               ,84.1744          ,84.1744          ,       732.0233 ,                1 ,          252.4529 ,                   1 ,               22.7841 ,-4.4436                 ,-32768               ,                       2527.2815 ,               0.83381  , , , , ,
[2023-02-01T19:00:37.8451702] ,  2018.801  ,01-Feb-2023 18:59:15 ,                252.2755 ,          84.0601 ,             250.254  ,              732.4962 ,         281.0681 ,                23.2696 ,            2498.6625 ,          43.833  ,-76.1294           ,               22.0995  ,-5.5263                  ,5.0857                ,         2498.68 ,     43.833  ,-76.1294      ,            284.0396 ,                   22.78   ,         0 ,5.0467               ,84.3968          ,84.3968          ,       731.5826 ,                1 ,          252.3954 ,                   1 ,               22.8368 ,-4.4671                 ,-32768               ,                       2531.8553 ,               0.82962  , , , , ,
[2023-02-01T19:00:37.8492576] ,  2019.801  ,01-Feb-2023 18:59:16 ,                252.2371 ,          83.7383 ,             250.172  ,              731.9847 ,         281.0839 ,                23.332  ,            2503.4669 ,          43.833  ,-76.1292           ,               21.1726  ,-5.4224                  ,4.5885                ,         2503.26 ,     43.833  ,-76.1292      ,            284.365  ,                   21.8559 ,         0 ,5.0857               ,84.4521          ,84.4521          ,       731.1863 ,                1 ,          252.3598 ,                   1 ,               22.8965 ,-4.4856                 ,-32768               ,                       2536.5315 ,               0.82419  , , , , ,
[2023-02-01T19:00:37.8560304] ,  2020.801  ,01-Feb-2023 18:59:17 ,                252.2094 ,          83.2422 ,             250.0762 ,              731.4673 ,         281.0835 ,                23.4007 ,            2508.7227 ,          43.8329 ,-76.1289           ,               21.0699  ,-4.4798                  ,4.9831                ,         2508.24 ,     43.8329 ,-76.1289      ,            282.0033 ,                   21.5409 ,         0 ,4.5885               ,83.881           ,83.881           ,       730.6603 ,                1 ,          252.3266 ,                   1 ,               22.9639 ,-4.4987                 ,-32768               ,                       2541.7085 ,               0.8178   , , , , ,
[2023-02-01T19:00:37.8593633] ,  2021.801  ,01-Feb-2023 18:59:18 ,                252.1971 ,          82.5951 ,             249.9741 ,              730.9453 ,         281.0679 ,                23.4757 ,            2514.3976 ,          43.8329 ,-76.1286           ,               22.0787  ,-3.5683                  ,5.9601                ,         2514.48 ,     43.8329 ,-76.1286      ,            279.1807 ,                   22.3652 ,         0 ,4.9831               ,83.4276          ,83.4276          ,       730.0288 ,                1 ,          252.2972 ,                   1 ,               23.0389 ,-4.5069                 ,-32768               ,                       2547.4796 ,               0.811    , , , , ,
[2023-02-01T19:00:37.8626698] ,  2022.801  ,01-Feb-2023 18:59:19 ,                252.2115 ,          81.785  ,             249.8747 ,              730.4217 ,         281.0389 ,                23.5568 ,            2520.1424 ,          43.8329 ,-76.1284           ,               23.0308  ,-3.8217                  ,5.9222                ,         2520.21 ,     43.8329 ,-76.1284      ,            279.4217 ,                   23.3457 ,         0 ,5.9601               ,81.8258          ,81.8258          ,       729.4553 ,                1 ,          252.3144 ,                   1 ,               23.1212 ,-4.5104                 ,-32768               ,                       2553.2974 ,               0.80445  , , , , ,
[2023-02-01T19:00:47.1340305] ,  2023.801  ,01-Feb-2023 18:59:20 ,                252.2373 ,          81.342  ,             249.8376 ,              729.9014 ,         280.9983 ,                23.6436 ,            2525.6397 ,          43.8328 ,-76.1281           ,               23.0889  ,-4.8055                  ,5.7553                ,         2525.93 ,     43.8328 ,-76.1281      ,            281.7572 ,                   23.5837 ,         0 ,5.9222               ,81.1176          ,81.1176          ,       728.8735 ,                1 ,          252.3523 ,                   1 ,               23.2097 ,-4.5105                 ,-32768               ,                       2558.9358 ,               0.80238  , , , , ,
[2023-02-01T19:00:47.1509387] ,  2024.801  ,01-Feb-2023 18:59:21 ,                252.2496 ,          81.3434 ,             249.8499 ,              729.3862 ,         280.9482 ,                23.7358 ,            2530.6818 ,          43.8328 ,-76.1278           ,               23.5814  ,-5.8389                  ,4.9084                ,         2531.55 ,     43.8328 ,-76.1278      ,            283.9071 ,                   24.2935 ,         0 ,5.7553               ,81.1241          ,81.1241          ,       728.3806 ,                1 ,          252.3641 ,                   1 ,               23.3039 ,-4.508                  ,-32768               ,                       2563.966  ,               0.80382  , , , , ,
[2023-02-01T19:00:47.1622469] ,  2025.801  ,01-Feb-2023 18:59:22 ,                252.2462 ,          81.2974 ,             249.8399 ,              728.8765 ,         280.8899 ,                23.8335 ,            2535.3439 ,          43.8327 ,-76.1275           ,               23.9808  ,-6.1326                  ,4.3085                ,         2534.59 ,     43.8327 ,-76.1275      ,            284.3448 ,                   24.7525 ,         0 ,4.9084               ,81.3367          ,81.3367          ,       727.9697 ,                1 ,          252.3626 ,                   1 ,               23.404  ,-4.5028                 ,-32768               ,                       2568.2132 ,               0.80367  , , , , ,
[2023-02-01T19:00:47.1688234] ,  2026.801  ,01-Feb-2023 18:59:23 ,                252.2323 ,          81.0162 ,             249.7865 ,              728.3697 ,         280.8248 ,                23.9366 ,            2540.2578 ,          43.8327 ,-76.1272           ,               23.3941  ,-5.5539                  ,4.7304                ,         2539.66 ,     43.8327 ,-76.1272      ,            283.355  ,                   24.0443 ,         0 ,4.3085               ,81.4909          ,81.4909          ,       727.494  ,                1 ,          252.3538 ,                   1 ,               23.5107 ,-4.4953                 ,-32768               ,                       2573.1146 ,               0.80042  , , , , ,
[2023-02-01T19:00:47.1739675] ,  2027.801  ,01-Feb-2023 18:59:24 ,                252.2037 ,          80.6777 ,             249.7103 ,              727.8622 ,         280.7546 ,                24.0448 ,            2545.5995 ,          43.8326 ,-76.1269           ,               22.2941  ,-4.6751                  ,5.5823                ,         2545.95 ,     43.8326 ,-76.1269      ,            281.8434 ,                   22.779  ,         0 ,4.7304               ,80.6833          ,80.6833          ,       726.9622 ,                1 ,          252.3403 ,                   1 ,               23.6226 ,-4.4871                 ,-32768               ,                       2578.8156 ,               0.79557  , , , , ,
[2023-02-01T19:00:47.1799214] ,  2028.801  ,01-Feb-2023 18:59:25 ,                252.1591 ,          80.622  ,             249.6586 ,              727.3513 ,         280.6812 ,                24.1578 ,            2551.0422 ,          43.8326 ,-76.1266           ,               21.7131  ,-3.8018                  ,5.4484                ,         2551.48 ,     43.8326 ,-76.1266      ,            279.9314 ,                   22.0434 ,         0 ,5.5823               ,79.9567          ,79.9567          ,       726.4897 ,                1 ,          252.2712 ,                   1 ,               23.7392 ,-4.4779                 ,-32768               ,                       2584.2582 ,               0.79248  , , , , ,
[2023-02-01T19:00:47.1845781] ,  2029.801  ,01-Feb-2023 18:59:26 ,                252.1257 ,          80.8791 ,             249.6624 ,              726.835  ,         280.6066 ,                24.2754 ,            2556.4678 ,          43.8326 ,-76.1263           ,               22.6973  ,-3.1064                  ,4.8328                ,         2555.86 ,     43.8326 ,-76.1264      ,            277.7932 ,                   22.9089 ,         0 ,5.4484               ,80.1706          ,80.1706          ,       725.9622 ,                1 ,          252.2461 ,                   1 ,               23.8601 ,-4.4685                 ,-32768               ,                       2589.4152 ,               0.79331  , , , , ,
[2023-02-01T19:00:47.1890273] ,  2030.801  ,01-Feb-2023 18:59:27 ,                252.1015 ,          80.8965 ,             249.6412 ,              726.3134 ,         280.5343 ,                24.3973 ,            2562.0032 ,          43.8325 ,-76.126            ,               24.3812  ,-3.8562                  ,5.7358                ,         2562.13 ,     43.8325 ,-76.1261      ,            278.9876 ,                   24.6842 ,         0 ,4.8328               ,80.4503          ,80.4503          ,       725.4688 ,                1 ,          252.2259 ,                   1 ,               23.9856 ,-4.4603                 ,-32768               ,                       2595.0625 ,               0.79238  , , , , ,
[2023-02-01T19:00:47.1946135] ,  2031.801  ,01-Feb-2023 18:59:28 ,                252.0723 ,          80.4599 ,             249.5504 ,              725.7885 ,         280.4681 ,                24.523  ,            2567.4796 ,          43.8325 ,-76.1257           ,               25.0239  ,-5.3747                  ,6.2741                ,         2567.85 ,     43.8325 ,-76.1257      ,            282.1219 ,                   25.5946 ,         0 ,5.7358               ,79.4004          ,79.4004          ,       724.8269 ,                1 ,          252.1967 ,                   1 ,               24.1147 ,-4.455                  ,-32768               ,                       2600.6598 ,               0.78657  , , , , ,
[2023-02-01T19:00:55.3703308] ,  2032.801  ,01-Feb-2023 18:59:29 ,                252.0354 ,          80.2234 ,             249.4804 ,              725.2625 ,         280.4118 ,                24.6513 ,            2572.7836 ,          43.8324 ,-76.1254           ,               24.5363  ,-6.1013                  ,5.6702                ,         2572.72 ,     43.8324 ,-76.1254      ,            283.9642 ,                   25.2835 ,         0 ,6.2741               ,79.9474          ,79.9474          ,       724.2869 ,                1 ,          252.163  ,                   1 ,               24.2454 ,-4.4546                 ,-32768               ,                       2605.8532 ,               0.78225  , , , , ,
[2023-02-01T19:00:55.3806684] ,  2033.801  ,01-Feb-2023 18:59:30 ,                251.9981 ,          79.9886 ,             249.4103 ,              724.7363 ,         280.3686 ,                24.781  ,            2578.0859 ,          43.8324 ,-76.1251           ,               23.7328  ,-5.0693                  ,5.1009                ,         2577.97 ,     43.8324 ,-76.1251      ,            282.0571 ,                   24.2681 ,         0 ,5.6702               ,79.3487          ,79.3487          ,       723.796  ,                1 ,          252.1066 ,                   1 ,               24.3763 ,-4.46                   ,-32768               ,                       2611.0476 ,               0.77793  , , , , ,
[2023-02-01T19:00:55.3875922] ,  2034.801  ,01-Feb-2023 18:59:31 ,                251.9727 ,          79.9617 ,             249.3815 ,              724.2109 ,         280.3404 ,                24.9106 ,            2583.4787 ,          43.8324 ,-76.1248           ,               23.8193  ,-3.336                   ,5.0396                ,         2583.27 ,     43.8324 ,-76.1248      ,            277.9726 ,                   24.0518 ,         0 ,5.1009               ,79.2216          ,79.2216          ,       723.3323 ,                1 ,          252.1049 ,                   1 ,               24.5062 ,-4.4714                 ,-32768               ,                       2616.4322 ,               0.7765   , , , , ,
[2023-02-01T19:00:55.3943911] ,  2035.801  ,01-Feb-2023 18:59:32 ,                251.9415 ,          80.1672 ,             249.3804 ,              723.686  ,         280.329  ,                25.0386 ,            2588.9839 ,          43.8323 ,-76.1245           ,               24.6709  ,-2.9041                  ,5.6527                ,         2589.03 ,     43.8323 ,-76.1245      ,            276.7136 ,                   24.8412 ,         0 ,5.0396               ,79.7178          ,79.7178          ,       722.8358 ,                1 ,          252.0589 ,                   1 ,               24.6332 ,-4.4896                 ,-32768               ,                       2622.0197 ,               0.77699  , , , , ,
[2023-02-01T19:00:55.3989612] ,  2036.801  ,01-Feb-2023 18:59:33 ,                251.9144 ,          79.9385 ,             249.3211 ,              723.1599 ,         280.3365 ,                25.1636 ,            2594.453  ,          43.8323 ,-76.1242           ,               25.879   ,-3.2885                  ,6.0564                ,         2594.62 ,     43.8323 ,-76.1242      ,            277.2419 ,                   26.0871 ,         0 ,5.6527               ,79.2647          ,79.2647          ,       722.2446 ,                1 ,          252.0205 ,                   1 ,               24.7555 ,-4.515                  ,-32768               ,                       2627.5865 ,               0.77345  , , , , ,
[2023-02-01T19:00:55.4047469] ,  2037.801  ,01-Feb-2023 18:59:34 ,                251.9104 ,          79.2469 ,             249.2176 ,              722.6331 ,         280.3648 ,                25.2844 ,            2599.7762 ,          43.8323 ,-76.1239           ,               26.4268  ,-3.1313                  ,4.7533                ,         2600.12 ,     43.8323 ,-76.1239      ,            276.7575 ,                   26.6117 ,         0 ,6.0564               ,79.3879          ,79.3879          ,       721.6886 ,                1 ,          252.0126 ,                   1 ,               24.8721 ,-4.5488                 ,-32768               ,                       2632.8627 ,               0.76689  , , , , ,
[2023-02-01T19:00:55.4097306] ,  2038.801  ,01-Feb-2023 18:59:35 ,                251.9254 ,          78.2064 ,             249.081  ,              722.1039 ,         280.416  ,                25.4002 ,            2605.0092 ,          43.8322 ,-76.1236           ,               25.3592  ,-2.7338                  ,5.1399                ,         2604.5  ,     43.8322 ,-76.1236      ,            276.1529 ,                   25.5061 ,         0 ,4.7533               ,78.6317          ,78.6317          ,       721.185  ,                1 ,          252.0308 ,                   1 ,               24.9819 ,-4.5919                 ,-32768               ,                       2637.922  ,               0.75814  , , , , ,
[2023-02-01T19:00:55.4214674] ,  2039.801  ,01-Feb-2023 18:59:36 ,                251.9397 ,          77.2443 ,             248.9534 ,              721.5727 ,         280.4911 ,                25.5104 ,            2610.3727 ,          43.8322 ,-76.1233           ,               24.1054  ,-3.8263                  ,5.6231                ,         2610.51 ,     43.8322 ,-76.1233      ,            279.0195 ,                   24.4072 ,         0 ,5.1399               ,77.3305          ,77.3305          ,       720.7065 ,                1 ,          252.0564 ,                   1 ,               25.084  ,-4.6446                 ,-32768               ,                       2643.353  ,               0.75008  , , , , ,
[2023-02-01T19:00:55.4429114] ,  2040.801  ,01-Feb-2023 18:59:37 ,                251.9317 ,          76.8594 ,             248.8885 ,              721.0377 ,         280.5907 ,                25.6145 ,            2615.8463 ,          43.8322 ,-76.123            ,               23.0493  ,-4.9375                  ,5.7279                ,         2615.76 ,     43.8322 ,-76.123       ,            282.0909 ,                   23.5722 ,         0 ,5.6231               ,77.1026          ,77.1026          ,       720.139  ,                1 ,          252.0568 ,                   1 ,               25.178  ,-4.7075                 ,-32768               ,                       2648.8745 ,               0.74628  , , , , ,
[2023-02-01T19:01:05.6661603] ,  2041.801  ,01-Feb-2023 18:59:38 ,                251.9004 ,          76.6153 ,             248.8217 ,              720.4974 ,         280.7145 ,                25.7119 ,            2621.4075 ,          43.8321 ,-76.1227           ,               23.4314  ,-5.6303                  ,5.7771                ,         2621.51 ,     43.8321 ,-76.1227      ,            283.5114 ,                   24.0983 ,         0 ,5.7279               ,77.9581          ,77.9581          ,       719.6227 ,                1 ,          252.0118 ,                   1 ,               25.2635 ,-4.7803                 ,-32768               ,                       2654.4523 ,               0.74238  , , , , ,
[2023-02-01T19:01:05.6702291] ,  2042.801  ,01-Feb-2023 18:59:39 ,                251.8698 ,          75.4293 ,             248.6138 ,              719.9509 ,         280.8618 ,                25.8017 ,            2626.98   ,          43.8321 ,-76.1224           ,               24.1243  ,-5.1624                  ,5.7358                ,         2627.04 ,     43.8321 ,-76.1224      ,            282.0787 ,                   24.6705 ,         0 ,5.7771               ,77.3683          ,77.3683          ,       719.107  ,                1 ,          251.9822 ,                   1 ,               25.3398 ,-4.8622                 ,-32768               ,                       2659.9923 ,               0.72921  , , , , ,
[2023-02-01T19:01:05.6732910] ,  2043.801  ,01-Feb-2023 18:59:40 ,                251.8478 ,          73.2516 ,             248.259  ,              719.3982 ,         281.032  ,                25.883  ,            2632.6028 ,          43.832  ,-76.1221           ,               25.0154  ,-4.769                   ,5.6298                ,         2632.41 ,     43.832  ,-76.1221      ,            280.7935 ,                   25.466  ,         0 ,5.7358               ,75.6842          ,75.6842          ,       718.4866 ,                1 ,          251.9586 ,                   1 ,               25.4052 ,-4.9525                 ,-32768               ,                       2665.5355 ,               0.70684  , , , , ,
[2023-02-01T19:01:05.6773488] ,  2044.801  ,01-Feb-2023 18:59:41 ,                251.8279 ,          70.8407 ,             247.86   ,              718.8394 ,         281.2242 ,                25.955  ,            2638.256  ,          43.832  ,-76.1218           ,               26.4461  ,-4.2885                  ,5.9215                ,         2638.32 ,     43.832  ,-76.1218      ,            279.2108 ,                   26.7915 ,         0 ,5.6298               ,74.4856          ,74.4856          ,       717.9988 ,                1 ,          251.9454 ,                   1 ,               25.4591 ,-5.052                  ,-32768               ,                       2671.268  ,               0.68236  , , , , ,
[2023-02-01T19:01:05.6813386] ,  2045.801  ,01-Feb-2023 18:59:42 ,                251.8028 ,          68.3429 ,             247.4298 ,              718.275  ,         281.4368 ,                26.0177 ,            2643.9072 ,          43.832  ,-76.1214           ,               26.9539  ,-3.686                   ,6.0091                ,         2644.14 ,     43.832  ,-76.1214      ,            277.7871 ,                   27.2048 ,         0 ,5.9215               ,71.3768          ,71.3768          ,       717.3441 ,                1 ,          251.9178 ,                   1 ,               25.5015 ,-5.159                  ,-32768               ,                       2676.9698 ,               0.65677  , , , , ,
[2023-02-01T19:01:05.6852131] ,  2046.801  ,01-Feb-2023 18:59:43 ,                251.7613 ,          66.3696 ,             247.0595 ,              717.7064 ,         281.6679 ,                26.0714 ,            2649.5468 ,          43.8319 ,-76.1211           ,               27.728   ,-4.2584                  ,5.9282                ,         2649.4  ,     43.8319 ,-76.1211      ,            278.7311 ,                   28.0531 ,         0 ,6.0091               ,69.3656          ,69.3656          ,       716.8045 ,                1 ,          251.8771 ,                   1 ,               25.5329 ,-5.2726                 ,-32768               ,                       2682.5692 ,               0.63552  , , , , ,
[2023-02-01T19:01:05.6899061] ,  2047.801  ,01-Feb-2023 18:59:44 ,                251.7173 ,          64.7439 ,             246.7384 ,              717.1337 ,         281.9149 ,                26.1169 ,            2655.2742 ,          43.8319 ,-76.1207           ,               29.1196  ,-3.0629                  ,5.4754                ,         2655.57 ,     43.8319 ,-76.1207      ,            276.0045 ,                   29.2802 ,         0 ,5.9282               ,68.0397          ,68.0397          ,       716.2563 ,                1 ,          251.83   ,                   1 ,               25.5543 ,-5.3922                 ,-32768               ,                       2688.2422 ,               0.61766  , , , , ,
[2023-02-01T19:01:05.6938900] ,  2048.801  ,01-Feb-2023 18:59:45 ,                251.686  ,          62.7455 ,             246.3569 ,              716.5582 ,         282.1754 ,                26.1549 ,            2661.2282 ,          43.8319 ,-76.1203           ,               29.9933  ,-2.1842                  ,5.4199                ,         2660.41 ,     43.8319 ,-76.1203      ,            274.1651 ,                   30.0727 ,         0 ,5.4754               ,66.0443          ,66.0443          ,       715.6853 ,                1 ,          251.7929 ,                   1 ,               25.5663 ,-5.5164                 ,-32768               ,                       2694.0462 ,               0.59694  , , , , ,
[2023-02-01T19:01:05.6979782] ,  2049.801  ,01-Feb-2023 18:59:46 ,                251.6886 ,          61.1716 ,             246.0755 ,              715.9807 ,         282.4468 ,                26.1866 ,            2667.5564 ,          43.8318 ,-76.1199           ,               31.1813  ,-2.4766                  ,5.6841                ,         2667.93 ,     43.8319 ,-76.1199      ,            274.5412 ,                   31.2795 ,         0 ,5.4199               ,63.0959          ,63.0959          ,       715.094  ,                1 ,          251.7921 ,                   1 ,               25.5708 ,-5.6441                 ,-32768               ,                       2700.5553 ,               0.58218  , , , , ,
[2023-02-01T19:01:14.9825978] ,  2050.801  ,01-Feb-2023 18:59:47 ,                251.6954 ,          61.4213 ,             246.1275 ,              715.4023 ,         282.7269 ,                26.2128 ,            2673.9821 ,          43.8318 ,-76.1196           ,               31.3968  ,-4.0774                  ,6.2824                ,         2674.1  ,     43.8318 ,-76.1196      ,            277.3993 ,                   31.6605 ,         0 ,5.6841               ,59.8181          ,59.8181          ,       714.5224 ,                1 ,          251.796  ,                   1 ,               25.5687 ,-5.7745                 ,-32768               ,                       2706.9677 ,               0.58544  , , , , ,
[2023-02-01T19:01:14.9931515] ,  2051.801  ,01-Feb-2023 18:59:48 ,                251.702  ,          63.9032 ,             246.577  ,              714.8259 ,         283.0134 ,                26.2341 ,            2680.3714 ,          43.8318 ,-76.1192           ,               29.9663  ,-5.7644                  ,6.6888                ,         2680.07 ,     43.8318 ,-76.1192      ,            280.8886 ,                   30.5157 ,         0 ,6.2824               ,63.2135          ,63.2135          ,       713.8708 ,                1 ,          251.8045 ,                   1 ,               25.5606 ,-5.9069                 ,-32768               ,                       2713.2209 ,               0.61058  , , , , ,
[2023-02-01T19:01:14.9976730] ,  2052.801  ,01-Feb-2023 18:59:49 ,                251.7028 ,          65.2895 ,             246.8187 ,              714.2534 ,         283.3031 ,                26.2509 ,            2686.6417 ,          43.8317 ,-76.1189           ,               27.453   ,-7.4393                  ,6.5461                ,         2686.97 ,     43.8317 ,-76.1188      ,            285.1621 ,                   28.4431 ,         0 ,6.6888               ,65.7002          ,65.7002          ,       713.282  ,                1 ,          251.8085 ,                   1 ,               25.5467 ,-6.0405                 ,-32768               ,                       2719.5746 ,               0.62472  , , , , ,
[2023-02-01T19:01:15.0032513] ,  2053.801  ,01-Feb-2023 18:59:50 ,                251.6714 ,          63.7233 ,             246.5161 ,              713.6866 ,         283.5921 ,                26.2639 ,            2692.6155 ,          43.8316 ,-76.1185           ,               25.042   ,-8.2469                  ,5.7398                ,         2692.67 ,     43.8316 ,-76.1185      ,            288.2278 ,                   26.365  ,         0 ,6.5461               ,65.5156          ,65.5156          ,       712.8026 ,                1 ,          251.7749 ,                   1 ,               25.5284 ,-6.1726                 ,-32768               ,                       2725.5471 ,               0.60815  , , , , ,
[2023-02-01T19:01:15.0074473] ,  2054.801  ,01-Feb-2023 18:59:51 ,                251.6668 ,          60.9982 ,             246.023  ,              713.1262 ,         283.8761 ,                26.274  ,            2698.2922 ,          43.8315 ,-76.1182           ,               23.2497  ,-8.529                   ,5.4235                ,         2698.37 ,     43.8315 ,-76.1183      ,            290.1452 ,                   24.7648 ,         0 ,5.7398               ,64.5504          ,64.5504          ,       712.2158 ,                1 ,          251.7703 ,                   1 ,               25.5073 ,-6.3014                 ,-32768               ,                       2731.2103 ,               0.58169  , , , , ,
[2023-02-01T19:01:15.0119033] ,  2055.801  ,01-Feb-2023 18:59:52 ,                251.6689 ,          58.3605 ,             245.5325 ,              712.5728 ,         284.1516 ,                26.2822 ,            2703.7904 ,          43.8315 ,-76.118            ,               22.006   ,-9.3343                  ,5.7749                ,         2703.9  ,     43.8315 ,-76.118       ,            292.9852 ,                   23.9039 ,         0 ,5.4235               ,64.1976          ,64.1976          ,       711.6589 ,                1 ,          251.771  ,                   1 ,               25.4846 ,-6.4261                 ,-32768               ,                       2736.6464 ,               0.5564   , , , , ,
[2023-02-01T19:01:15.0156194] ,  2056.801  ,01-Feb-2023 18:59:53 ,                251.6741 ,          55.531  ,             244.9862 ,              712.0262 ,         284.4154 ,                26.2899 ,            2709.2879 ,          43.8314 ,-76.1177           ,               21.2412  ,-9.7174                  ,5.5759                ,         2708.81 ,     43.8314 ,-76.1177      ,            294.5832 ,                   23.3584 ,         0 ,5.7749               ,58.1176          ,58.1176          ,       711.0883 ,                1 ,          251.7812 ,                   1 ,               25.462  ,-6.5452                 ,-32768               ,                       2741.9988 ,               0.52935  , , , , ,
[2023-02-01T19:01:15.0191395] ,  2057.801  ,01-Feb-2023 18:59:54 ,                251.6468 ,          54.9211 ,             244.8382 ,              711.4857 ,         284.6649 ,                26.2985 ,            2714.8783 ,          43.8313 ,-76.1175           ,               20.5968  ,-9.5863                  ,5.41                  ,         2714.85 ,     43.8313 ,-76.1175      ,            294.9585 ,                   22.7183 ,         0 ,5.5759               ,54.4925          ,54.4925          ,       710.4918 ,                1 ,          251.7675 ,                   1 ,               25.4416 ,-6.658                  ,-32768               ,                       2747.709  ,               0.52252  , , , , ,
[2023-02-01T19:01:15.0242978] ,  2058.801  ,01-Feb-2023 18:59:55 ,                251.6079 ,          57.3244 ,             245.2756 ,              710.9491 ,         284.8984 ,                26.3095 ,            2720.4838 ,          43.8312 ,-76.1172           ,               20.8196  ,-8.509                   ,5.8834                ,         2720.7  ,     43.8312 ,-76.1172      ,            292.23   ,                   22.4914 ,         0 ,5.41                 ,55.9276          ,55.9276          ,       710.0331 ,                1 ,          251.7165 ,                   1 ,               25.4247 ,-6.7642                 ,-32768               ,                       2753.5095 ,               0.54458  , , , , ,
[2023-02-01T19:01:23.2567518] ,  2059.801  ,01-Feb-2023 18:59:56 ,                251.5737 ,          59.426  ,             245.643  ,              710.4124 ,         285.1143 ,                26.3239 ,            2725.9061 ,          43.8311 ,-76.1169           ,               21.8938  ,-7.849                   ,5.3057                ,         2726.39 ,     43.8311 ,-76.1169      ,            289.7228 ,                   23.2582 ,         0 ,5.8834               ,57.846           ,57.846           ,       709.5922 ,                1 ,          251.6819 ,                   1 ,               25.4129 ,-6.8636                 ,-32768               ,                       2758.9843 ,               0.56383  , , , , ,
[2023-02-01T19:01:23.2632323] ,  2060.801  ,01-Feb-2023 18:59:57 ,                251.5508 ,          59.5797 ,             245.65   ,              709.8716 ,         285.3106 ,                26.3429 ,            2731.174  ,          43.8311 ,-76.1166           ,               22.9882  ,-7.3296                  ,5.3258                ,         2731.11 ,     43.8311 ,-76.1166      ,            287.6844 ,                   24.1284 ,         0 ,5.3057               ,58.0974          ,58.0974          ,       709.056  ,                1 ,          251.6633 ,                   1 ,               25.4074 ,-6.9559                 ,-32768               ,                       2763.9581 ,               0.56462  , , , , ,
[2023-02-01T19:01:23.2703689] ,  2061.801  ,01-Feb-2023 18:59:58 ,                251.5323 ,          59.2667 ,             245.5737 ,              709.325  ,         285.4855 ,                26.3669 ,            2736.6761 ,          43.831  ,-76.1163           ,               24.0642  ,-6.7632                  ,6.4317                ,         2735.54 ,     43.831  ,-76.1163      ,            285.698  ,                   24.9965 ,         0 ,5.3258               ,59.4379          ,59.4379          ,       708.4968 ,                1 ,          251.6399 ,                   1 ,               25.4095 ,-7.0401                 ,-32768               ,                       2769.2757 ,               0.56109  , , , , ,
[2023-02-01T19:01:23.2748518] ,  2062.801  ,01-Feb-2023 18:59:59 ,                251.5136 ,          58.9238 ,             245.4914 ,              708.7723 ,         285.6371 ,                26.3959 ,            2742.6659 ,          43.831  ,-76.116            ,               25.6594  ,-6.185                   ,6.5205                ,         2743.3  ,     43.831  ,-76.116       ,            283.5521 ,                   26.3943 ,         0 ,6.4317               ,58.1717          ,58.1717          ,       707.9082 ,                1 ,          251.6357 ,                   1 ,               25.4192 ,-7.1153                 ,-32768               ,                       2775.6191 ,               0.55727  , , , , ,
[2023-02-01T19:01:23.2842378] ,  2063.801  ,01-Feb-2023 19:00:00 ,                251.4797 ,          59.1257 ,             245.4971 ,              708.2153 ,         285.7645 ,                26.43   ,            2748.7283 ,          43.8309 ,-76.1157           ,               26.948   ,-5.9925                  ,5.7818                ,         2748.83 ,     43.8309 ,-76.1157      ,            282.537  ,                   27.6062 ,         0 ,6.5205               ,58.9329          ,58.9329          ,       707.2731 ,                1 ,          251.6067 ,                   1 ,               25.436  ,-7.1811                 ,-32768               ,                       2781.7036 ,               0.558    , , , , ,
[2023-02-01T19:01:23.2883919] ,  2064.801  ,01-Feb-2023 19:00:01 ,                251.4304 ,          59.4559 ,             245.512  ,              707.6569 ,         285.8677 ,                26.4694 ,            2754.6889 ,          43.8308 ,-76.1153           ,               27.6086  ,-6.1216                  ,5.6737                ,         2754.65 ,     43.8308 ,-76.1153      ,            282.5019 ,                   28.2791 ,         0 ,5.7818               ,59.2339          ,59.2339          ,       706.7458 ,                1 ,          251.5468 ,                   1 ,               25.4604 ,-7.2374                 ,-32768               ,                       2787.5175 ,               0.55921  , , , , ,
[2023-02-01T19:01:23.2935526] ,  2065.801  ,01-Feb-2023 19:00:02 ,                251.3846 ,          59.1836 ,             245.4174 ,              707.1003 ,         285.9477 ,                26.5147 ,            2760.5438 ,          43.8308 ,-76.115            ,               26.7102  ,-6.6232                  ,5.739                 ,         2760.55 ,     43.8308 ,-76.115       ,            283.9264 ,                   27.5191 ,         0 ,5.6737               ,59.2304          ,59.2304          ,       706.2507 ,                1 ,          251.5056 ,                   1 ,               25.4937 ,-7.2848                 ,-32768               ,                       2793.3787 ,               0.55478  , , , , ,
[2023-02-01T19:01:23.2995998] ,  2066.801  ,01-Feb-2023 19:00:03 ,                251.3441 ,          58.4302 ,             245.2366 ,              706.5466 ,         286.0058 ,                26.5661 ,            2766.2843 ,          43.8307 ,-76.1147           ,               24.9671  ,-8.2618                  ,6.3152                ,         2766.48 ,     43.8307 ,-76.1147      ,            288.3099 ,                   26.2985 ,         0 ,5.739                ,58.983           ,58.983           ,       705.6065 ,                1 ,          251.4669 ,                   1 ,               25.5361 ,-7.3246                 ,-32768               ,                       2799.1692 ,               0.546    , , , , ,
[2023-02-01T19:01:23.3037366] ,  2067.801  ,01-Feb-2023 19:00:04 ,                251.3075 ,          57.4228 ,             245.0091 ,              705.9965 ,         286.0432 ,                26.6234 ,            2771.9566 ,          43.8306 ,-76.1144           ,               24.7624  ,-8.3232                  ,6.3786                ,         2771.92 ,     43.8306 ,-76.1144      ,            288.5787 ,                   26.1238 ,         0 ,6.3152               ,58.0652          ,58.0652          ,       704.9972 ,                1 ,          251.4187 ,                   1 ,               25.5867 ,-7.3576                 ,-32768               ,                       2804.7546 ,               0.53501  , , , , ,
[2023-02-01T19:01:31.4948752] ,  2068.801  ,01-Feb-2023 19:00:05 ,                251.2806 ,          56.5684 ,             244.8178 ,              705.449  ,         286.0606 ,                26.686  ,            2777.6881 ,          43.8306 ,-76.1141           ,               25.0661  ,-7.6792                  ,5.2835                ,         2777.41 ,     43.8306 ,-76.1141      ,            287.0328 ,                   26.216  ,         0 ,6.3786               ,57.5721          ,57.5721          ,       704.5895 ,                1 ,          251.405  ,                   1 ,               25.6446 ,-7.3833                 ,-32768               ,                       2810.3891 ,               0.52599  , , , , ,
[2023-02-01T19:01:31.5018084] ,  2069.801  ,01-Feb-2023 19:00:06 ,                251.2491 ,          56.1083 ,             244.6976 ,              704.9014 ,         286.0582 ,                26.7537 ,            2783.571  ,          43.8305 ,-76.1138           ,               25.4337  ,-7.6563                  ,5.1381                ,         2783.49 ,     43.8305 ,-76.1138      ,            286.7534 ,                   26.5612 ,         0 ,5.2835               ,56.5265          ,56.5265          ,       704.0638 ,                1 ,          251.3759 ,                   1 ,               25.7095 ,-7.4009                 ,-32768               ,                       2816.3305 ,               0.52054  , , , , ,
[2023-02-01T19:01:31.5051567] ,  2070.801  ,01-Feb-2023 19:00:07 ,                251.21   ,          56.3963 ,             244.717  ,              704.3504 ,         286.0374 ,                26.8261 ,            2789.4989 ,          43.8304 ,-76.1134           ,               25.8817  ,-7.766                   ,6.1701                ,         2789.66 ,     43.8304 ,-76.1134      ,            286.7023 ,                   27.0217 ,         0 ,5.1381               ,55.6746          ,55.6746          ,       703.5093 ,                1 ,          251.3235 ,                   1 ,               25.7817 ,-7.4112                 ,-32768               ,                       2822.4001 ,               0.5219   , , , , ,
[2023-02-01T19:01:31.5099923] ,  2071.801  ,01-Feb-2023 19:00:08 ,                251.1766 ,          57.2948 ,             244.86   ,              703.7941 ,         286.0005 ,                26.9031 ,            2795.286  ,          43.8304 ,-76.1131           ,               26.1241  ,-7.9199                  ,6.1495                ,         2795.73 ,     43.8304 ,-76.1131      ,            286.8656 ,                   27.2982 ,         0 ,6.1701               ,55.8457          ,55.8457          ,       702.9478 ,                1 ,          251.3048 ,                   1 ,               25.8605 ,-7.4156                 ,-32768               ,                       2828.1991 ,               0.5293   , , , , ,
[2023-02-01T19:01:31.5139549] ,  2072.801  ,01-Feb-2023 19:00:09 ,                251.1382 ,          57.7189 ,             244.905  ,              703.2324 ,         285.9508 ,                26.984  ,            2800.8995 ,          43.8303 ,-76.1128           ,               25.8813  ,-8.4822                  ,5.8175                ,         2800.58 ,     43.8303 ,-76.1128      ,            288.1458 ,                   27.2358 ,         0 ,6.1495               ,56.753           ,56.753           ,       702.4152 ,                1 ,          251.2659 ,                   1 ,               25.9449 ,-7.4153                 ,-32768               ,                       2833.6168 ,               0.53195  , , , , ,
[2023-02-01T19:01:31.5181656] ,  2073.801  ,01-Feb-2023 19:00:10 ,                251.0984 ,          56.8459 ,             244.6988 ,              702.6672 ,         285.8912 ,                27.0679 ,            2806.5968 ,          43.8302 ,-76.1125           ,               25.8446  ,-9.0692                  ,6.0662                ,         2806.4  ,     43.8302 ,-76.1125      ,            289.3367 ,                   27.3897 ,         0 ,5.8175               ,58.0663          ,58.0663          ,       701.7528 ,                1 ,          251.2048 ,                   1 ,               26.0338 ,-7.4113                 ,-32768               ,                       2839.3087 ,               0.52226  , , , , ,
[2023-02-01T19:01:31.5217260] ,  2074.801  ,01-Feb-2023 19:00:11 ,                251.0774 ,          54.4786 ,             244.2101 ,              702.102  ,         285.8249 ,                27.1536 ,            2812.4797 ,          43.8301 ,-76.1122           ,               26.0714  ,-8.4667                  ,5.9719                ,         2812.64 ,     43.8301 ,-76.1122      ,            287.9913 ,                   27.4117 ,         0 ,6.0662               ,55.9123          ,55.9123          ,       701.2011 ,                1 ,          251.199  ,                   1 ,               26.1251 ,-7.4043                 ,-32768               ,                       2845.2842 ,               0.49938  , , , , ,
[2023-02-01T19:01:31.5252493] ,  2075.801  ,01-Feb-2023 19:00:12 ,                251.062  ,          52.1944 ,             243.7255 ,              701.5397 ,         285.754  ,                27.2401 ,            2818.459  ,          43.8301 ,-76.1118           ,               25.9699  ,-7.2799                  ,5.7735                ,         2818.37 ,     43.8301 ,-76.1118      ,            285.6593 ,                   26.971  ,         0 ,5.9719               ,53.8332          ,53.8332          ,       700.6189 ,                1 ,          251.1782 ,                   1 ,               26.2174 ,-7.3957                 ,-32768               ,                       2851.1774 ,               0.47758  , , , , ,
[2023-02-01T19:01:31.5293995] ,  2076.801  ,01-Feb-2023 19:00:13 ,                251.0419 ,          51.0356 ,             243.4609 ,              700.983  ,         285.6802 ,                27.3269 ,            2824.4818 ,          43.83   ,-76.1115           ,               26.0348  ,-6.0265                  ,5.7886                ,         2824.24 ,     43.83   ,-76.1115      ,            283.0332 ,                   26.7232 ,         0 ,5.7735               ,53.1475          ,53.1475          ,       700.0571 ,                1 ,          251.1673 ,                   1 ,               26.3099 ,-7.3856                 ,-32768               ,                       2857.1581 ,               0.46621  , , , , ,
[2023-02-01T19:01:40.7960012] ,  2077.801  ,01-Feb-2023 19:00:14 ,                251.0119 ,          50.0643 ,             243.2229 ,              700.4335 ,         285.6044 ,                27.4136 ,            2830.4631 ,          43.83   ,-76.1112           ,               26.2689  ,-5.659                   ,6.535                 ,         2830.71 ,     43.83   ,-76.1112      ,            282.1571 ,                   26.8716 ,         0 ,5.7886               ,51.9534          ,51.9534          ,       699.4763 ,                1 ,          251.1332 ,                   1 ,               26.403  ,-7.3742                 ,-32768               ,                       2863.3126 ,               0.45622  , , , , ,
[2023-02-01T19:01:40.8069279] ,  2078.801  ,01-Feb-2023 19:00:15 ,                250.9723 ,          49.0334 ,             242.959  ,              699.8902 ,         285.5276 ,                27.5    ,            2836.1661 ,          43.8299 ,-76.1108           ,               27.4599  ,-6.2714                  ,5.9648                ,         2836.71 ,     43.8299 ,-76.1108      ,            282.8647 ,                   28.167  ,         0 ,6.535                ,50.5466          ,50.5466          ,       698.9399 ,                1 ,          251.1078 ,                   1 ,               26.4962 ,-7.3616                 ,-32768               ,                       2869.1004 ,               0.44532  , , , , ,
[2023-02-01T19:01:40.8210613] ,  2079.801  ,01-Feb-2023 19:00:16 ,                250.9219 ,          48.6373 ,             242.8236 ,              699.35   ,         285.4513 ,                27.5855 ,            2841.6069 ,          43.8299 ,-76.1105           ,               27.8887  ,-6.0449                  ,4.6347                ,         2841.46 ,     43.8299 ,-76.1105      ,            282.2298 ,                   28.5363 ,         0 ,5.9648               ,49.8687          ,49.8687          ,       698.5313 ,                1 ,          251.0393 ,                   1 ,               26.5884 ,-7.349                  ,-32768               ,                       2874.2918 ,               0.43999  , , , , ,
[2023-02-01T19:01:40.8242299] ,  2080.801  ,01-Feb-2023 19:00:17 ,                250.8816 ,          49.1243 ,             242.8942 ,              698.8098 ,         285.3768 ,                27.6695 ,            2847.1078 ,          43.8298 ,-76.1102           ,               27.9594  ,-6.6532                  ,4.8844                ,         2846.53 ,     43.8298 ,-76.1102      ,            283.3851 ,                   28.7401 ,         0 ,4.6347               ,48.4613          ,48.4613          ,       698.0446 ,                1 ,          250.9969 ,                   1 ,               26.6792 ,-7.3368                 ,-32768               ,                       2879.6655 ,               0.44328  , , , , ,
[2023-02-01T19:01:40.8293882] ,  2081.801  ,01-Feb-2023 19:00:18 ,                250.8541 ,          50.5989 ,             243.1905 ,              698.2666 ,         285.3047 ,                27.7513 ,            2852.9586 ,          43.8297 ,-76.1098           ,               27.8481  ,-8.4569                  ,6.2732                ,         2853.06 ,     43.8297 ,-76.1098      ,            286.8924 ,                   29.1039 ,         0 ,4.8844               ,49.8451          ,49.8451          ,       697.3978 ,                1 ,          250.9828 ,                   1 ,               26.7674 ,-7.3249                 ,-32768               ,                       2885.6983 ,               0.45624  , , , , ,
[2023-02-01T19:01:40.8327322] ,  2082.801  ,01-Feb-2023 19:00:19 ,                250.8174 ,          51.7714 ,             243.406  ,              697.7195 ,         285.2354 ,                27.8299 ,            2859.0385 ,          43.8296 ,-76.1095           ,               27.079   ,-9.0463                  ,6.4591                ,         2859.14 ,     43.8296 ,-76.1095      ,            288.4729 ,                   28.5501 ,         0 ,6.2732               ,50.3184          ,50.3184          ,       696.7744 ,                1 ,          250.9473 ,                   1 ,               26.8521 ,-7.3136                 ,-32768               ,                       2891.9027 ,               0.46597  , , , , ,
[2023-02-01T19:01:40.8358699] ,  2083.801  ,01-Feb-2023 19:00:20 ,                250.7649 ,          52.1239 ,             243.4307 ,              697.1677 ,         285.169  ,                27.9049 ,            2865.2008 ,          43.8296 ,-76.1091           ,               27.3457  ,-8.7842                  ,6.3121                ,         2865.55 ,     43.8296 ,-76.1091      ,            287.8085 ,                   28.722  ,         0 ,6.4591               ,50.8899          ,50.8899          ,       696.2863 ,                1 ,          250.8966 ,                   1 ,               26.9328 ,-7.3022                 ,-32768               ,                       2897.9677 ,               0.46743  , , , , ,
[2023-02-01T19:01:40.8535062] ,  2084.801  ,01-Feb-2023 19:00:21 ,                250.7059 ,          51.9015 ,             243.3284 ,              696.6108 ,         285.1058 ,                27.976  ,            2871.4501 ,          43.8295 ,-76.1088           ,               26.9649  ,-8.8473                  ,5.2435                ,         2870.7  ,     43.8295 ,-76.1088      ,            288.165  ,                   28.3792 ,         0 ,6.3121               ,51.6102          ,51.6102          ,       695.7736 ,                1 ,          250.8288 ,                   1 ,               27.0092 ,-7.2907                 ,-32768               ,                       2903.9887 ,               0.46331  , , , , ,
[2023-02-01T19:01:40.8579993] ,  2085.801  ,01-Feb-2023 19:00:22 ,                250.6491 ,          51.0108 ,             243.0862 ,              696.0489 ,         285.047  ,                28.0433 ,            2877.9144 ,          43.8294 ,-76.1085           ,               26.0078  ,-7.8504                  ,5.8202                ,         2878.16 ,     43.8294 ,-76.1085      ,            286.7963 ,                   27.1668 ,         0 ,5.2435               ,51.9085          ,51.9085          ,       695.2775 ,                1 ,          250.7882 ,                   1 ,               27.0815 ,-7.2801                 ,-32768               ,                       2910.5786 ,               0.4532   , , , , ,
[2023-02-01T19:01:49.1145530] ,  2086.801  ,01-Feb-2023 19:00:23 ,                250.591  ,          49.5906 ,             242.7244 ,              695.483  ,         284.9938 ,                28.1066 ,            2884.2976 ,          43.8294 ,-76.1081           ,               25.7814  ,-5.8159                  ,6.7299                ,         2884.48 ,     43.8294 ,-76.1081      ,            282.7123 ,                   26.4293 ,         0 ,5.8202               ,50.9237          ,50.9237          ,       694.6669 ,                1 ,          250.703  ,                   1 ,               27.1501 ,-7.2712                 ,-32768               ,                       2917.0089 ,               0.4383   , , , , ,
[2023-02-01T19:01:49.1195426] ,  2087.801  ,01-Feb-2023 19:00:24 ,                250.5512 ,          48.5511 ,             242.4572 ,              694.9151 ,         284.9475 ,                28.1656 ,            2890.3624 ,          43.8293 ,-76.1078           ,               26.2463  ,-4.0319                  ,6.8804                ,         2890.33 ,     43.8293 ,-76.1078      ,            278.7334 ,                   26.5541 ,         0 ,6.7299               ,48.0341          ,48.0341          ,       694.0317 ,                1 ,          250.6725 ,                   1 ,               27.213  ,-7.2644                 ,-32768               ,                       2923.017  ,               0.42766  , , , , ,
[2023-02-01T19:01:49.1237430] ,  2088.801  ,01-Feb-2023 19:00:25 ,                250.5228 ,          49.1131 ,             242.5554 ,              694.3494 ,         284.908  ,                28.2201 ,            2896.0325 ,          43.8293 ,-76.1075           ,               27.0495  ,-4.777                   ,6.9334                ,         2896.31 ,     43.8293 ,-76.1075      ,            280.0153 ,                   27.468  ,         0 ,6.8804               ,48.2544          ,48.2544          ,       693.3093 ,                1 ,          250.6466 ,                   1 ,               27.2703 ,-7.2602                 ,-32768               ,                       2928.7947 ,               0.43203  , , , , ,
[2023-02-01T19:01:49.1279189] ,  2089.801  ,01-Feb-2023 19:00:26 ,                250.4907 ,          50.2169 ,             242.7666 ,              693.7882 ,         284.8747 ,                28.2704 ,            2901.3386 ,          43.8292 ,-76.1072           ,               26.7142  ,-6.4095                  ,4.7105                ,         2901.69 ,     43.8292 ,-76.1072      ,            283.4919 ,                   27.4724 ,         0 ,6.9334               ,49.3267          ,49.3267          ,       692.8571 ,                1 ,          250.6132 ,                   1 ,               27.3227 ,-7.2574                 ,-32768               ,                       2934.1252 ,               0.44113  , , , , ,
[2023-02-01T19:01:49.1315034] ,  2090.801  ,01-Feb-2023 19:00:27 ,                250.4527 ,          50.5276 ,             242.798  ,              693.2316 ,         284.8469 ,                28.3168 ,            2906.4861 ,          43.8291 ,-76.1068           ,               27.1915  ,-7.3254                  ,5.0194                ,         2906.26 ,     43.8291 ,-76.1068      ,            285.0776 ,                   28.161  ,         0 ,4.7105               ,50.5489          ,50.5489          ,       692.3624 ,                1 ,          250.5803 ,                   1 ,               27.371  ,-7.2558                 ,-32768               ,                       2939.0747 ,               0.4428   , , , , ,
[2023-02-01T19:01:49.1352942] ,  2091.801  ,01-Feb-2023 19:00:28 ,                250.4052 ,          49.9682 ,             242.6324 ,              692.6776 ,         284.8242 ,                28.3594 ,            2911.9986 ,          43.8291 ,-76.1065           ,               28.147   ,-8.1691                  ,5.451                 ,         2911.34 ,     43.8291 ,-76.1065      ,            286.1844 ,                   29.3085 ,         0 ,5.0194               ,50.4829          ,50.4829          ,       691.8664 ,                1 ,          250.5378 ,                   1 ,               27.4153 ,-7.2559                 ,-32768               ,                       2944.401  ,               0.43625  , , , , ,
[2023-02-01T19:01:49.1398299] ,  2092.801  ,01-Feb-2023 19:00:29 ,                250.3482 ,          49.2131 ,             242.4138 ,              692.1237 ,         284.8067 ,                28.3981 ,            2918.0922 ,          43.829  ,-76.1061           ,               29.0707  ,-8.4869                  ,6.0236                ,         2917.74 ,     43.829  ,-76.1061      ,            286.2746 ,                   30.2842 ,         0 ,5.451                ,49.5028          ,49.5028          ,       691.3176 ,                1 ,          250.4739 ,                   1 ,               27.4556 ,-7.2574                 ,-32768               ,                       2950.6527 ,               0.42762  , , , , ,
[2023-02-01T19:01:49.1439039] ,  2093.801  ,01-Feb-2023 19:00:30 ,                250.2935 ,          49.0101 ,             242.3177 ,              691.5692 ,         284.7943 ,                28.4326 ,            2924.5039 ,          43.8289 ,-76.1057           ,               29.6985  ,-8.4639                  ,7.1276                ,         2925.13 ,     43.8289 ,-76.1057      ,            285.9073 ,                   30.881  ,         0 ,6.0236               ,48.3352          ,48.3352          ,       690.7156 ,                1 ,          250.4198 ,                   1 ,               27.4906 ,-7.2607                 ,-32768               ,                       2957.3171 ,               0.42407  , , , , ,
[2023-02-01T19:01:49.1485440] ,  2094.801  ,01-Feb-2023 19:00:31 ,                250.2474 ,          49.4803 ,             242.3779 ,              691.0144 ,         284.7868 ,                28.4632 ,            2930.749  ,          43.8289 ,-76.1054           ,               29.1951  ,-8.1831                  ,6.5745                ,         2930.74 ,     43.8288 ,-76.1054      ,            285.6577 ,                   30.3203 ,         0 ,7.1276               ,48.698           ,48.698           ,       690.0725 ,                1 ,          250.3655 ,                   1 ,               27.5206 ,-7.2645                 ,-32768               ,                       2963.5458 ,               0.42685  , , , , ,
[2023-02-01T19:01:59.4198174] ,  2095.801  ,01-Feb-2023 19:00:32 ,                250.2142 ,          49.8759 ,             242.433  ,              690.4598 ,         284.7847 ,                28.4903 ,            2936.6877 ,          43.8288 ,-76.105            ,               28.463   ,-7.6528                  ,5.7628                ,         2937.34 ,     43.8288 ,-76.105       ,            285.0491 ,                   29.4738 ,         0 ,6.5745               ,48.8709          ,48.8709          ,       689.5721 ,                1 ,          250.3345 ,                   1 ,               27.5469 ,-7.2703                 ,-32768               ,                       2969.3819 ,               0.42944  , , , , ,
[2023-02-01T19:01:59.4302711] ,  2096.801  ,01-Feb-2023 19:00:33 ,                250.1848 ,          50.0706 ,             242.4477 ,              689.9058 ,         284.7881 ,                28.5151 ,            2942.3589 ,          43.8287 ,-76.1047           ,               27.14    ,-7.3445                  ,4.9937                ,         2941.57 ,     43.8287 ,-76.1047      ,            285.1423 ,                   28.1162 ,         0 ,5.7628               ,49.7637          ,49.7637          ,       689.0157 ,                1 ,          250.3139 ,                   1 ,               27.5703 ,-7.2782                 ,-32768               ,                       2974.7805 ,               0.43038  , , , , ,
[2023-02-01T19:01:59.4336736] ,  2097.801  ,01-Feb-2023 19:00:34 ,                250.1506 ,          49.9369 ,             242.3866 ,              689.3506 ,         284.7971 ,                28.5382 ,            2948.127  ,          43.8287 ,-76.1044           ,               26.0029  ,-7.2141                  ,5.8162                ,         2948.15 ,     43.8287 ,-76.1044      ,            285.5058 ,                   26.9851 ,         0 ,4.9937               ,49.619           ,49.619           ,       688.5076 ,                1 ,          250.2637 ,                   1 ,               27.5915 ,-7.2885                 ,-32768               ,                       2980.7138 ,               0.42823  , , , , ,
[2023-02-01T19:01:59.4382089] ,  2098.801  ,01-Feb-2023 19:00:35 ,                250.1285 ,          49.2957 ,             242.2259 ,              688.7932 ,         284.8118 ,                28.5602 ,            2954.0092 ,          43.8286 ,-76.104            ,               26.3974  ,-7.1427                  ,6.6913                ,         2954.42 ,     43.8286 ,-76.104       ,            285.1408 ,                   27.3467 ,         0 ,5.8162               ,49.9879          ,49.9879          ,       687.9826 ,                1 ,          250.2366 ,                   1 ,               27.611  ,-7.3014                 ,-32768               ,                       2986.8126 ,               0.42207  , , , , ,
[2023-02-01T19:01:59.4432156] ,  2099.801  ,01-Feb-2023 19:00:36 ,                250.1241 ,          47.2856 ,             241.7722 ,              688.2322 ,         284.832  ,                28.5812 ,            2959.9496 ,          43.8285 ,-76.1037           ,               27.1745  ,-7.7008                  ,6.0104                ,         2959.98 ,     43.8285 ,-76.1037      ,            285.8218 ,                   28.2446 ,         0 ,6.6913               ,50.1785          ,50.1785          ,       687.3779 ,                1 ,          250.2396 ,                   1 ,               27.6288 ,-7.3165                 ,-32768               ,                       2992.5659 ,               0.40451  , , , , ,
[2023-02-01T19:01:59.4466784] ,  2100.801  ,01-Feb-2023 19:00:37 ,                250.1188 ,          43.145  ,             240.7836 ,              687.6667 ,         284.8578 ,                28.6014 ,            2966.1135 ,          43.8285 ,-76.1034           ,               27.2286  ,-7.2071                  ,5.3614                ,         2965.46 ,     43.8285 ,-76.1034      ,            284.8256 ,                   28.1663 ,         0 ,6.0104               ,48.4152          ,48.4152          ,       686.8179 ,                1 ,          250.241  ,                   1 ,               27.6454 ,-7.334                  ,-32768               ,                       2998.4579 ,               0.36813  , , , , ,
[2023-02-01T19:01:59.4501816] ,  2101.801  ,01-Feb-2023 19:00:38 ,                250.1039 ,          38.0209 ,             239.4258 ,              687.0973 ,         284.8897 ,                28.6209 ,            2972.6899 ,          43.8284 ,-76.103            ,               27.851   ,-6.2021                  ,6.236                 ,         2972.35 ,     43.8284 ,-76.103       ,            282.5543 ,                   28.5332 ,         0 ,5.3614               ,45.0767          ,45.0767          ,       686.2734 ,                1 ,          250.2129 ,                   1 ,               27.6604 ,-7.3541                 ,-32768               ,                       3005.1608 ,               0.32288  , , , , ,
[2023-02-01T19:01:59.4544203] ,  2102.801  ,01-Feb-2023 19:00:39 ,                250.0951 ,          33.9432 ,             238.2246 ,              686.525  ,         284.9278 ,                28.6403 ,            2979.3677 ,          43.8283 ,-76.1027           ,               28.7273  ,-5.5365                  ,7.0488                ,         2980.12 ,     43.8283 ,-76.1027      ,            280.9087 ,                   29.2559 ,         0 ,6.236                ,39.5993          ,39.5993          ,       685.6544 ,                1 ,          250.2047 ,                   1 ,               27.6738 ,-7.3777                 ,-32768               ,                       3012.1721 ,               0.28713  , , , , ,
[2023-02-01T19:01:59.4581782] ,  2103.801  ,01-Feb-2023 19:00:40 ,                250.0964 ,          32.653  ,             237.8208 ,              685.9506 ,         284.9716 ,                28.6603 ,            2985.6306 ,          43.8283 ,-76.1023           ,               29.5759  ,-6.0037                  ,6.6707                ,         2986.06 ,     43.8283 ,-76.1023      ,            281.4747 ,                   30.1791 ,         0 ,7.0488               ,35.6386          ,35.6386          ,       685.0723 ,                1 ,          250.2065 ,                   1 ,               27.6872 ,-7.4041                 ,-32768               ,                       3018.3283 ,               0.27609  , , , , ,
[2023-02-01T19:02:07.6645122] ,  2104.801  ,01-Feb-2023 19:00:41 ,                250.1004 ,          33.8113 ,             238.1886 ,              685.3756 ,         285.0205 ,                28.682  ,            2991.4721 ,          43.8282 ,-76.1019           ,               29.5132  ,-7.5448                  ,5.3759                ,         2990.99 ,     43.8282 ,-76.1019      ,            284.3401 ,                   30.4623 ,         0 ,6.6707               ,34.8079          ,34.8079          ,       684.509  ,                1 ,          250.2124 ,                   1 ,               27.7018 ,-7.4333                 ,-32768               ,                       3023.8899 ,               0.28659  , , , , ,
[2023-02-01T19:02:07.6765172] ,  2105.801  ,01-Feb-2023 19:00:42 ,                250.1051 ,          35.0264 ,             238.5628 ,              684.8008 ,         285.0736 ,                28.7059 ,            2997.2085 ,          43.8282 ,-76.1016           ,               28.3137  ,-8.2966                  ,6.1108                ,         2997.29 ,     43.8282 ,-76.1016      ,            286.3318 ,                   29.5042 ,         0 ,5.3759               ,36.4626          ,36.4626          ,       683.9238 ,                1 ,          250.2075 ,                   1 ,               27.718  ,-7.4653                 ,-32768               ,                       3029.6987 ,               0.29763  , , , , ,
[2023-02-01T19:02:07.6900167] ,  2106.801  ,01-Feb-2023 19:00:43 ,                250.1173 ,          34.172  ,             238.3151 ,              684.227  ,         285.1304 ,                28.7326 ,            3002.9497 ,          43.8281 ,-76.1012           ,               27.799   ,-8.6205                  ,6.2365                ,         3002.96 ,     43.8281 ,-76.1012      ,            287.2288 ,                   29.105  ,         0 ,6.1108               ,35.593           ,35.593           ,       683.3767 ,                1 ,          250.2256 ,                   1 ,               27.7364 ,-7.4997                 ,-32768               ,                       3035.527  ,               0.29068  , , , , ,
[2023-02-01T19:02:07.7009899] ,  2107.801  ,01-Feb-2023 19:00:44 ,                250.1302 ,          32.4562 ,             237.7884 ,              683.6542 ,         285.1903 ,                28.7625 ,            3008.7829 ,          43.828  ,-76.1009           ,               27.4055  ,-8.9435                  ,5.9932                ,         3008.8  ,     43.828  ,-76.1009      ,            288.0735 ,                   28.8279 ,         0 ,6.2365               ,34.7291          ,34.7291          ,       682.7683 ,                1 ,          250.2416 ,                   1 ,               27.7576 ,-7.5363                 ,-32768               ,                       3041.3298 ,               0.27613  , , , , ,
[2023-02-01T19:02:07.7068988] ,  2108.801  ,01-Feb-2023 19:00:45 ,                250.1422 ,          31.6582 ,             237.5399 ,              683.0822 ,         285.2531 ,                28.7959 ,            3014.796  ,          43.8279 ,-76.1005           ,               27.1361  ,-8.3422                  ,6.0516                ,         3014.59 ,     43.8279 ,-76.1006      ,            287.0885 ,                   28.3895 ,         0 ,5.9932               ,31.7325          ,31.7325          ,       682.2313 ,                1 ,          250.2357 ,                   1 ,               27.7816 ,-7.5754                 ,-32768               ,                       3047.2627 ,               0.26961  , , , , ,
[2023-02-01T19:02:07.7104344] ,  2109.801  ,01-Feb-2023 19:00:46 ,                250.171  ,          33.1542 ,             238.0474 ,              682.5108 ,         285.3179 ,                28.8329 ,            3021.0758 ,          43.8279 ,-76.1002           ,               27.3957  ,-7.2502                  ,6.5472                ,         3020.88 ,     43.8279 ,-76.1002      ,            284.8233 ,                   28.3388 ,         0 ,6.0516               ,31.4885          ,31.4885          ,       681.6952 ,                1 ,          250.2655 ,                   1 ,               27.8088 ,-7.617                  ,-32768               ,                       3053.5337 ,               0.28379  , , , , ,
[2023-02-01T19:02:07.7144574] ,  2110.801  ,01-Feb-2023 19:00:47 ,                250.2091 ,          36.0415 ,             238.9579 ,              681.9411 ,         285.3835 ,                28.8738 ,            3027.4802 ,          43.8278 ,-76.0999           ,               28.0436  ,-6.0853                  ,6.7915                ,         3027.66 ,     43.8278 ,-76.0999      ,            282.2431 ,                   28.6963 ,         0 ,6.5472               ,32.9079          ,32.9079          ,       681.0889 ,                1 ,          250.3218 ,                   1 ,               27.8395 ,-7.6599                 ,-32768               ,                       3060.0308 ,               0.31073  , , , , ,
[2023-02-01T19:02:07.7191128] ,  2111.801  ,01-Feb-2023 19:00:48 ,                250.2213 ,          38.2652 ,             239.6012 ,              681.3738 ,         285.4484 ,                28.9191 ,            3033.7655 ,          43.8277 ,-76.0995           ,               28.4095  ,-6.2219                  ,6.1747                ,         3033.93 ,     43.8277 ,-76.0995      ,            282.3532 ,                   29.0828 ,         0 ,6.7915               ,35.2278          ,35.2278          ,       680.4498 ,                1 ,          250.3521 ,                   1 ,               27.8743 ,-7.7033                 ,-32768               ,                       3066.3343 ,               0.33122  , , , , ,
[2023-02-01T19:02:07.7231335] ,  2112.801  ,01-Feb-2023 19:00:49 ,                250.1955 ,          38.8138 ,             239.7283 ,              680.8091 ,         285.5116 ,                28.9696 ,            3039.8328 ,          43.8277 ,-76.0992           ,               27.4729  ,-7.1615                  ,6.2835                ,         3039.87 ,     43.8277 ,-76.0992      ,            284.6104 ,                   28.391  ,         0 ,6.1747               ,36.5744          ,36.5744          ,       679.8636 ,                1 ,          250.3081 ,                   1 ,               27.9141 ,-7.7474                 ,-32768               ,                       3072.4112 ,               0.33564  , , , , ,
[2023-02-01T19:02:17.0423157] ,  2113.801  ,01-Feb-2023 19:00:50 ,                250.1653 ,          38.3203 ,             239.565  ,              680.2462 ,         285.5721 ,                29.026  ,            3045.691  ,          43.8276 ,-76.0988           ,               26.1362  ,-7.6337                  ,6.023                 ,         3046.13 ,     43.8276 ,-76.0988      ,            286.2817 ,                   27.2282 ,         0 ,6.2835               ,37.4153          ,37.4153          ,       679.42   ,                1 ,          250.2764 ,                   1 ,               27.9599 ,-7.7919                 ,-32768               ,                       3078.286  ,               0.3306   , , , , ,
[2023-02-01T19:02:17.0466042] ,  2114.801  ,01-Feb-2023 19:00:51 ,                250.1479 ,          37.9124 ,             239.4359 ,              679.6823 ,         285.6291 ,                29.0886 ,            3051.54   ,          43.8276 ,-76.0985           ,               25.6284  ,-7.0208                  ,5.3726                ,         3051.07 ,     43.8275 ,-76.0985      ,            285.32   ,                   26.5727 ,         0 ,6.023                ,38.0072          ,38.0072          ,       678.8636 ,                1 ,          250.2622 ,                   1 ,               28.0127 ,-7.837                  ,-32768               ,                       3083.9248 ,               0.32673  , , , , ,
[2023-02-01T19:02:17.0502132] ,  2115.801  ,01-Feb-2023 19:00:52 ,                250.133  ,          38.0868 ,             239.4708 ,              679.1158 ,         285.682  ,                29.1574 ,            3057.7571 ,          43.8275 ,-76.0982           ,               24.8812  ,-6.2637                  ,5.9982                ,         3057.41 ,     43.8275 ,-76.0982      ,            284.1302 ,                   25.6575 ,         0 ,5.3726               ,35.3076          ,35.3076          ,       678.3392 ,                1 ,          250.2548 ,                   1 ,               28.072  ,-7.8815                 ,-32768               ,                       3090.1057 ,               0.32812  , , , , ,
[2023-02-01T19:02:17.0549271] ,  2116.801  ,01-Feb-2023 19:00:53 ,                250.1101 ,          39.9358 ,             239.952  ,              678.5454 ,         285.7309 ,                29.232  ,            3064.4057 ,          43.8274 ,-76.0979           ,               24.5484  ,-6.2044                  ,6.2334                ,         3064.47 ,     43.8274 ,-76.0979      ,            284.1839 ,                   25.3204 ,         0 ,5.9982               ,37.4354          ,37.4354          ,       677.7191 ,                1 ,          250.2252 ,                   1 ,               28.1373 ,-7.9252                 ,-32768               ,                       3096.8422 ,               0.34418  , , , , ,
[2023-02-01T19:02:17.0585780] ,  2117.801  ,01-Feb-2023 19:00:54 ,                250.0857 ,          41.6812 ,             240.3845 ,              677.9719 ,         285.7761 ,                29.3117 ,            3071.2943 ,          43.8274 ,-76.0976           ,               25.2222  ,-7.3516                  ,6.596                 ,         3071.04 ,     43.8274 ,-76.0976      ,            286.25   ,                   26.2718 ,         0 ,6.2334               ,39.7026          ,39.7026          ,       677.1052 ,                1 ,          250.2021 ,                   1 ,               28.2078 ,-7.969                  ,-32768               ,                       3103.7472 ,               0.35926  , , , , ,
[2023-02-01T19:02:17.0627065] ,  2118.801  ,01-Feb-2023 19:00:55 ,                250.0629 ,          41.4391 ,             240.3014 ,              677.3983 ,         285.8178 ,                29.3962 ,            3078.1336 ,          43.8273 ,-76.0973           ,               27.1648  ,-8.2301                  ,6.7203                ,         3078.71 ,     43.8273 ,-76.0973      ,            286.8553 ,                   28.3842 ,         0 ,6.596                ,40.2539          ,40.2539          ,       676.5367 ,                1 ,          250.1815 ,                   1 ,               28.2829 ,-8.0126                 ,-32768               ,                       3110.6764 ,               0.35667  , , , , ,
[2023-02-01T19:02:17.0671972] ,  2119.801  ,01-Feb-2023 19:00:56 ,                250.041  ,          40.1777 ,             239.9525 ,              676.8278 ,         285.8558 ,                29.485  ,            3084.5965 ,          43.8272 ,-76.0969           ,               28.9716  ,-9.4783                  ,6.3771                ,         3084.58 ,     43.8272 ,-76.0969      ,            288.116  ,                   30.4827 ,         0 ,6.7203               ,39.6894          ,39.6894          ,       675.9574 ,                1 ,          250.1528 ,                   1 ,               28.3632 ,-8.0557                 ,-32768               ,                       3116.9744 ,               0.34507  , , , , ,
[2023-02-01T19:02:17.0709986] ,  2120.801  ,01-Feb-2023 19:00:57 ,                250.0267 ,          39.0768 ,             239.6447 ,              676.2639 ,         285.8891 ,                29.5777 ,            3090.6464 ,          43.8271 ,-76.0965           ,               30.4034  ,-10.0358                 ,6.5033                ,         3090.4  ,     43.8271 ,-76.0965      ,            288.2673 ,                   32.0169 ,         0 ,6.3771               ,40.7675          ,40.7675          ,       675.3827 ,                1 ,          250.1383 ,                   1 ,               28.4477 ,-8.098                  ,-32768               ,                       3122.9567 ,               0.33515  , , , , ,
[2023-02-01T19:02:17.0752824] ,  2121.801  ,01-Feb-2023 19:00:58 ,                250.0215 ,          37.3486 ,             239.1619 ,              675.708  ,         285.9173 ,                29.6737 ,            3096.3809 ,          43.827  ,-76.0961           ,               30.1217  ,-10.5642                 ,6.5758                ,         3096.81 ,     43.827  ,-76.0961      ,            289.3267 ,                   31.9205 ,         0 ,6.5033               ,38.8365          ,38.8365          ,       674.7499 ,                1 ,          250.1295 ,                   1 ,               28.536  ,-8.1387                 ,-32768               ,                       3128.8224 ,               0.31995  , , , , ,
[2023-02-01T19:02:26.3267117] ,  2122.801  ,01-Feb-2023 19:00:59 ,                250.0273 ,          35.7917 ,             238.7189 ,              675.1609 ,         285.9402 ,                29.7726 ,            3101.6824 ,          43.8269 ,-76.0957           ,               31.8321  ,-10.0447                 ,5.4782                ,         3101.67 ,     43.8269 ,-76.0957      ,            287.5133 ,                   33.3793 ,         0 ,6.5758               ,38.0187          ,38.0187          ,       674.2267 ,                1 ,          250.1277 ,                   1 ,               28.6278 ,-8.177                  ,-32768               ,                       3134.1289 ,               0.30656  , , , , ,
[2023-02-01T19:02:26.3313059] ,  2123.801  ,01-Feb-2023 19:01:00 ,                250.045  ,          34.9849 ,             238.4957 ,              674.6201 ,         285.9588 ,                29.874  ,            3106.7859 ,          43.8269 ,-76.0953           ,               32.3676  ,-8.7338                  ,4.2817                ,         3106.86 ,     43.8269 ,-76.0953      ,            285.1007 ,                   33.5252 ,         0 ,5.4782               ,35.5801          ,35.5801          ,       673.7527 ,                1 ,          250.1532 ,                   1 ,               28.7226 ,-8.2135                 ,-32768               ,                       3139.1767 ,               0.30013  , , , , ,
[2023-02-01T19:02:26.3365709] ,  2124.801  ,01-Feb-2023 19:01:01 ,                250.0585 ,          35.0888 ,             238.5391 ,              674.0818 ,         285.9748 ,                29.9779 ,            3111.9536 ,          43.8268 ,-76.095            ,               31.4507  ,-8.7824                  ,5.6457                ,         3111.54 ,     43.8268 ,-76.095       ,            285.6021 ,                   32.6539 ,         0 ,4.2817               ,36.0365          ,36.0365          ,       673.284  ,                1 ,          250.1778 ,                   1 ,               28.8202 ,-8.25                   ,-32768               ,                       3144.3693 ,               0.30166  , , , , ,
[2023-02-01T19:02:26.3411170] ,  2125.801  ,01-Feb-2023 19:01:02 ,                250.0542 ,          34.8077 ,             238.4509 ,              673.5414 ,         285.99   ,                30.0839 ,            3117.4695 ,          43.8267 ,-76.0946           ,               29.3092  ,-8.6561                  ,6.1246                ,         3117.98 ,     43.8267 ,-76.0946      ,            286.4539 ,                   30.5607 ,         0 ,5.6457               ,36.2681          ,36.2681          ,       672.7786 ,                1 ,          250.1679 ,                   1 ,               28.9199 ,-8.287                  ,-32768               ,                       3149.9173 ,               0.29929  , , , , ,
[2023-02-01T19:02:26.3450543] ,  2126.801  ,01-Feb-2023 19:01:03 ,                250.045  ,          33.4571 ,             238.0283 ,              672.996  ,         286.0053 ,                30.1916 ,            3123.44   ,          43.8266 ,-76.0943           ,               27.3649  ,-8.706                   ,5.9013                ,         3122.33 ,     43.8266 ,-76.0943      ,            287.6481 ,                   28.7164 ,         0 ,6.1246               ,35.9847          ,35.9847          ,       672.2357 ,                1 ,          250.1527 ,                   1 ,               29.021  ,-8.3243                 ,-32768               ,                       3155.6318 ,               0.28726  , , , , ,
[2023-02-01T19:02:26.3495146] ,  2127.801  ,01-Feb-2023 19:01:04 ,                250.0484 ,          31.9065 ,             237.5366 ,              672.4454 ,         286.0213 ,                30.3003 ,            3130.0266 ,          43.8265 ,-76.0939           ,               25.9729  ,-8.8493                  ,6.4798                ,         3130.26 ,     43.8265 ,-76.0939      ,            288.8147 ,                   27.439  ,         0 ,5.9013               ,33.5312          ,33.5312          ,       671.6387 ,                1 ,          250.1491 ,                   1 ,               29.1233 ,-8.3627                 ,-32768               ,                       3162.3159 ,               0.27379  , , , , ,
[2023-02-01T19:02:26.3531615] ,  2128.801  ,01-Feb-2023 19:01:05 ,                250.0678 ,          31.6032 ,             237.4548 ,              671.8929 ,         286.0382 ,                30.409  ,            3136.7159 ,          43.8265 ,-76.0936           ,               27.0333  ,-8.4317                  ,7.1661                ,         3136.67 ,     43.8265 ,-76.0936      ,            287.3227 ,                   28.3177 ,         0 ,6.4798               ,32.0688          ,32.0688          ,       670.9875 ,                1 ,          250.1765 ,                   1 ,               29.2255 ,-8.4016                 ,-32768               ,                       3169.1412 ,               0.27179  , , , , ,
[2023-02-01T19:02:26.3573489] ,  2129.801  ,01-Feb-2023 19:01:06 ,                250.0813 ,          32.7081 ,             237.8248 ,              671.3423 ,         286.0564 ,                30.5167 ,            3143.0349 ,          43.8264 ,-76.0932           ,               29.2375  ,-9.4475                  ,6.4077                ,         3143.7  ,     43.8264 ,-76.0932      ,            287.9072 ,                   30.726  ,         0 ,7.1661               ,32.6774          ,32.6774          ,       670.4002 ,                1 ,          250.2097 ,                   1 ,               29.3266 ,-8.4408                 ,-32768               ,                       3175.6648 ,               0.28221  , , , , ,
[2023-02-01T19:02:26.3612613] ,  2130.801  ,01-Feb-2023 19:01:07 ,                250.0676 ,          33.9091 ,             238.1891 ,              670.7954 ,         286.0766 ,                30.6221 ,            3148.6743 ,          43.8263 ,-76.0929           ,               30.1101  ,-8.8553                  ,5.4953                ,         3149.4  ,     43.8263 ,-76.0929      ,            286.3884 ,                   31.3852 ,         0 ,6.4077               ,32.7344          ,32.7344          ,       669.8873 ,                1 ,          250.1848 ,                   1 ,               29.425  ,-8.4803                 ,-32768               ,                       3181.3016 ,               0.29283  , , , , ,
[2023-02-01T19:02:34.6372932] ,  2131.801  ,01-Feb-2023 19:01:08 ,                250.0448 ,          34.8233 ,             238.447  ,              670.2529 ,         286.0998 ,                30.7247 ,            3153.8151 ,          43.8262 ,-76.0925           ,               30.3083  ,-8.2886                  ,5.2008                ,         3153.59 ,     43.8262 ,-76.0925      ,            285.2951 ,                   31.4212 ,         0 ,5.4953               ,33.5124          ,33.5124          ,       669.4341 ,                1 ,          250.1602 ,                   1 ,               29.52   ,-8.5203                 ,-32768               ,                       3186.0208 ,               0.30064  , , , , ,
[2023-02-01T19:02:34.6477660] ,  2132.801  ,01-Feb-2023 19:01:09 ,                250.0247 ,          35.4788 ,             238.6243 ,              669.7131 ,         286.1275 ,                30.8242 ,            3159.2478 ,          43.8262 ,-76.0921           ,               29.5057  ,-7.208                   ,5.1554                ,         3157.95 ,     43.8262 ,-76.0921      ,            283.728  ,                   30.3734 ,         0 ,5.2008               ,35.3698          ,35.3698          ,       668.9087 ,                1 ,          250.1523 ,                   1 ,               29.6113 ,-8.5617                 ,-32768               ,                       3191.1527 ,               0.30619  , , , , ,
[2023-02-01T19:02:34.6581174] ,  2133.801  ,01-Feb-2023 19:01:10 ,                250.0028 ,          35.3316 ,             238.5608 ,              669.1743 ,         286.161  ,                30.9207 ,            3165.4598 ,          43.8261 ,-76.0917           ,               29.2946  ,-6.2445                  ,6.5023                ,         3165.38 ,     43.8261 ,-76.0917      ,            282.0331 ,                   29.9528 ,         0 ,5.1554               ,34.1564          ,34.1564          ,       668.36   ,                1 ,          250.1109 ,                   1 ,               29.6987 ,-8.606                  ,-32768               ,                       3197.7367 ,               0.30452  , , , , ,
[2023-02-01T19:02:34.6708177] ,  2134.801  ,01-Feb-2023 19:01:11 ,                249.9909 ,          35.4002 ,             238.5703 ,              668.6339 ,         286.2008 ,                31.0141 ,            3172.0358 ,          43.8261 ,-76.0914           ,               29.5423  ,-6.3791                  ,6.9787                ,         3172.79 ,     43.8261 ,-76.0914      ,            282.1849 ,                   30.2231 ,         0 ,6.5023               ,33.4849          ,33.4849          ,       667.7476 ,                1 ,          250.1131 ,                   1 ,               29.7823 ,-8.6527                 ,-32768               ,                       3204.6212 ,               0.30506  , , , , ,
[2023-02-01T19:02:34.6748968] ,  2135.801  ,01-Feb-2023 19:01:12 ,                249.9723 ,          36.1073 ,             238.761  ,              668.09   ,         286.2467 ,                31.1043 ,            3178.3999 ,          43.826  ,-76.091            ,               29.6775  ,-6.9666                  ,6.197                 ,         3178.35 ,     43.826  ,-76.091       ,            283.2105 ,                   30.4842 ,         0 ,6.9787               ,35.2831          ,35.2831          ,       667.2555 ,                1 ,          250.1106 ,                   1 ,               29.8622 ,-8.7022                 ,-32768               ,                       3210.8764 ,               0.3111   , , , , ,
[2023-02-01T19:02:34.6790561] ,  2136.801  ,01-Feb-2023 19:01:13 ,                249.9277 ,          35.8484 ,             238.6448 ,              667.5419 ,         286.2979 ,                31.1909 ,            3184.4963 ,          43.8259 ,-76.0906           ,               29.8376  ,-7.9283                  ,5.7413                ,         3184.95 ,     43.8259 ,-76.0906      ,            284.8805 ,                   30.8729 ,         0 ,6.197                ,35.7549          ,35.7549          ,       666.7687 ,                1 ,          250.0562 ,                   1 ,               29.9376 ,-8.7533                 ,-32768               ,                       3216.9045 ,               0.30781  , , , , ,
[2023-02-01T19:02:34.6832676] ,  2137.801  ,01-Feb-2023 19:01:14 ,                249.8746 ,          34.6881 ,             238.2515 ,              666.9889 ,         286.3536 ,                31.2735 ,            3190.4536 ,          43.8258 ,-76.0903           ,               30.4989  ,-8.3532                  ,5.1279                ,         3190.13 ,     43.8258 ,-76.0903      ,            285.3169 ,                   31.6221 ,         0 ,5.7413               ,35.6953          ,35.6953          ,       666.1974 ,                1 ,          250.0016 ,                   1 ,               30.0084 ,-8.8059                 ,-32768               ,                       3222.6673 ,               0.29633  , , , , ,
[2023-02-01T19:02:34.6874344] ,  2138.801  ,01-Feb-2023 19:01:15 ,                249.8285 ,          33.7628 ,             237.927  ,              666.4321 ,         286.4135 ,                31.3521 ,            3196.6252 ,          43.8258 ,-76.0899           ,               30.587   ,-8.618                   ,5.8008                ,         3196.26 ,     43.8258 ,-76.0899      ,            285.7354 ,                   31.7779 ,         0 ,5.1279               ,34.2584          ,34.2584          ,       665.6378 ,                1 ,          249.9531 ,                   1 ,               30.0745 ,-8.8593                 ,-32768               ,                       3228.7134 ,               0.28719  , , , , ,
[2023-02-01T19:02:34.6921993] ,  2139.801  ,01-Feb-2023 19:01:16 ,                249.791  ,          33.8184 ,             237.9101 ,              665.8735 ,         286.4778 ,                31.4264 ,            3203.167  ,          43.8257 ,-76.0895           ,               30.1365  ,-8.2667                  ,6.9126                ,         3202.84 ,     43.8257 ,-76.0895      ,            285.3394 ,                   31.2498 ,         0 ,5.8008               ,33.9789          ,33.9789          ,       664.9985 ,                1 ,          249.9169 ,                   1 ,               30.136  ,-8.9138                 ,-32768               ,                       3235.3048 ,               0.28695  , , , , ,
[2023-02-01T19:02:43.8711333] ,  2140.801  ,01-Feb-2023 19:01:17 ,                249.7557 ,          34.3491 ,             238.0407 ,              665.3166 ,         286.5468 ,                31.4968 ,            3209.8508 ,          43.8256 ,-76.0891           ,               30.2224  ,-8.2386                  ,6.7689                ,         3210.1  ,     43.8256 ,-76.0891      ,            285.2483 ,                   31.3252 ,         0 ,6.9126               ,34.0236          ,34.0236          ,       664.459  ,                1 ,          249.8834 ,                   1 ,               30.1928 ,-8.9699                 ,-32768               ,                       3242.1828 ,               0.29094  , , , , ,
[2023-02-01T19:02:43.8821516] ,  2141.801  ,01-Feb-2023 19:01:18 ,                249.7166 ,          34.603  ,             238.0822 ,              664.7637 ,         286.6208 ,                31.5637 ,            3216.1921 ,          43.8255 ,-76.0888           ,               30.4311  ,-8.8879                  ,7.022                 ,         3216.75 ,     43.8255 ,-76.0888      ,            286.2812 ,                   31.7025 ,         0 ,6.7689               ,34.0337          ,34.0337          ,       663.8477 ,                1 ,          249.8462 ,                   1 ,               30.2448 ,-9.028                  ,-32768               ,                       3248.6309 ,               0.29238  , , , , ,
[2023-02-01T19:02:43.8934156] ,  2142.801  ,01-Feb-2023 19:01:19 ,                249.6699 ,          34.2747 ,             237.9402 ,              664.2162 ,         286.6995 ,                31.6275 ,            3221.931  ,          43.8255 ,-76.0884           ,               30.4046  ,-9.5607                  ,6.4724                ,         3222.12 ,     43.8255 ,-76.0884      ,            287.4557 ,                   31.8723 ,         0 ,7.022                ,34.4502          ,34.4502          ,       663.2946 ,                1 ,          249.8049 ,                   1 ,               30.2935 ,-9.088                  ,-32768               ,                       3254.2731 ,               0.28853  , , , , ,
[2023-02-01T19:02:43.9030461] ,  2143.801  ,01-Feb-2023 19:01:20 ,                249.6157 ,          32.8872 ,             237.4604 ,              663.6719 ,         286.7815 ,                31.6887 ,            3227.2676 ,          43.8254 ,-76.088            ,               30.7465  ,-9.8639                  ,4.9711                ,         3227.26 ,     43.8254 ,-76.088       ,            287.7869 ,                   32.2899 ,         0 ,6.4724               ,34.2318          ,34.2318          ,       662.8501 ,                1 ,          249.7422 ,                   1 ,               30.3391 ,-9.1492                 ,-32768               ,                       3259.4749 ,               0.27531  , , , , ,
[2023-02-01T19:02:43.9120042] ,  2144.801  ,01-Feb-2023 19:01:21 ,                249.5653 ,          30.614  ,             236.6727 ,              663.1284 ,         286.8656 ,                31.7477 ,            3232.6154 ,          43.8253 ,-76.0876           ,               31.7749  ,-9.7812                  ,5.0088                ,         3232.24 ,     43.8253 ,-76.0876      ,            287.1099 ,                   33.2463 ,         0 ,4.9711               ,34.4503          ,34.4503          ,       662.3528 ,                1 ,          249.693  ,                   1 ,               30.3821 ,-9.2111                 ,-32768               ,                       3264.705  ,               0.25465  , , , , ,
[2023-02-01T19:02:43.9157239] ,  2145.801  ,01-Feb-2023 19:01:22 ,                249.5222 ,          27.7864 ,             235.6375 ,              662.5828 ,         286.9501 ,                31.8047 ,            3238.348  ,          43.8252 ,-76.0872           ,               33.2657  ,-9.9651                  ,5.5897                ,         3237.96 ,     43.8252 ,-76.0872      ,            286.6762 ,                   34.7262 ,         0 ,5.0088               ,30.6472          ,30.6472          ,       661.8534 ,                1 ,          249.6455 ,                   1 ,               30.4229 ,-9.2726                 ,-32768               ,                       3270.4382 ,               0.22957  , , , , ,
[2023-02-01T19:02:43.9198926] ,  2146.801  ,01-Feb-2023 19:01:23 ,                249.4893 ,          26.3972 ,             235.0843 ,              662.0339 ,         287.0339 ,                31.8599 ,            3244.5005 ,          43.8251 ,-76.0868           ,               34.0161  ,-10.4386                 ,6.5162                ,         3244.48 ,     43.8251 ,-76.0868      ,            287.0598 ,                   35.5817 ,         0 ,5.5897               ,28.0177          ,28.0177          ,       661.2288 ,                1 ,          249.6061 ,                   1 ,               30.4622 ,-9.3331                 ,-32768               ,                       3276.7287 ,               0.21719  , , , , ,
[2023-02-01T19:02:43.9248140] ,  2147.801  ,01-Feb-2023 19:01:24 ,                249.4667 ,          27.1861 ,             235.3647 ,              661.4828 ,         287.1163 ,                31.9137 ,            3250.7513 ,          43.825  ,-76.0864           ,               33.6753  ,-9.8594                  ,6.8829                ,         3251.05 ,     43.825  ,-76.0864      ,            286.3188 ,                   35.0889 ,         0 ,6.5162               ,26.9197          ,26.9197          ,       660.6003 ,                1 ,          249.5911 ,                   1 ,               30.5005 ,-9.3925                 ,-32768               ,                       3283.1341 ,               0.22367  , , , , ,
[2023-02-01T19:02:43.9289891] ,  2148.801  ,01-Feb-2023 19:01:25 ,                249.4448 ,          28.8388 ,             235.9495 ,              660.9309 ,         287.1967 ,                31.9663 ,            3256.844  ,          43.8249 ,-76.086            ,               32.1801  ,-9.7328                  ,6.3406                ,         3257.18 ,     43.8249 ,-76.086       ,            286.8278 ,                   33.6197 ,         0 ,6.8829               ,27.8264          ,27.8264          ,       660.0121 ,                1 ,          249.5617 ,                   1 ,               30.5374 ,-9.4509                 ,-32768               ,                       3289.2364 ,               0.23754  , , , , ,
[2023-02-01T19:02:52.1885083] ,  2149.801  ,01-Feb-2023 19:01:26 ,                249.4258 ,          29.7145 ,             236.2399 ,              660.3796 ,         287.2743 ,                32.0179 ,            3262.7099 ,          43.8248 ,-76.0856           ,               30.0169  ,-9.4956                  ,5.6886                ,         3262.82 ,     43.8248 ,-76.0856      ,            287.5543 ,                   31.483  ,         0 ,6.3406               ,29.3693          ,29.3693          ,       659.5493 ,                1 ,          249.5434 ,                   1 ,               30.5737 ,-9.5078                 ,-32768               ,                       3294.9618 ,               0.24481  , , , , ,
[2023-02-01T19:02:52.1938708] ,  2150.801  ,01-Feb-2023 19:01:27 ,                249.4073 ,          29.0241 ,             235.9817 ,              659.8286 ,         287.3481 ,                32.069  ,            3268.6394 ,          43.8247 ,-76.0852           ,               28.0243  ,-10.0983                 ,5.451                 ,         3268.25 ,     43.8247 ,-76.0852      ,            289.8161 ,                   29.7882 ,         0 ,5.6886               ,30.0305          ,30.0305          ,       659.0425 ,                1 ,          249.5327 ,                   1 ,               30.6103 ,-9.5626                 ,-32768               ,                       3300.6393 ,               0.23871  , , , , ,
[2023-02-01T19:02:52.1984647] ,  2151.801  ,01-Feb-2023 19:01:28 ,                249.3857 ,          27.4111 ,             235.3767 ,              659.2772 ,         287.4174 ,                32.1205 ,            3274.9303 ,          43.8246 ,-76.0849           ,               26.9604  ,-11.17                   ,6.5373                ,         3274.23 ,     43.8246 ,-76.0849      ,            292.5048 ,                   29.1827 ,         0 ,5.451                ,29.5439          ,29.5439          ,       658.5034 ,                1 ,          249.4951 ,                   1 ,               30.6479 ,-9.615                  ,-32768               ,                       3306.9352 ,               0.22469  , , , , ,
[2023-02-01T19:02:52.2027875] ,  2152.801  ,01-Feb-2023 19:01:29 ,                249.3691 ,          25.9606 ,             234.8079 ,              658.7261 ,         287.4818 ,                32.1731 ,            3281.5297 ,          43.8245 ,-76.0845           ,               27.3932  ,-11.5806                 ,7.1299                ,         3282.22 ,     43.8245 ,-76.0846      ,            292.9164 ,                   29.7405 ,         0 ,6.5373               ,27.2368          ,27.2368          ,       657.8873 ,                1 ,          249.4988 ,                   1 ,               30.687  ,-9.665                  ,-32768               ,                       3313.8343 ,               0.2122   , , , , ,
[2023-02-01T19:02:52.2065466] ,  2153.801  ,01-Feb-2023 19:01:30 ,                249.3438 ,          25.6599 ,             234.6671 ,              658.1755 ,         287.5412 ,                32.2278 ,            3287.9909 ,          43.8244 ,-76.0842           ,               27.9855  ,-10.7987                 ,6.6114                ,         3287.95 ,     43.8244 ,-76.0842      ,            291.1001 ,                   29.9967 ,         0 ,7.1299               ,25.8152          ,25.8152          ,       657.2958 ,                1 ,          249.4659 ,                   1 ,               30.729  ,-9.7134                 ,-32768               ,                       3320.2919 ,               0.20934  , , , , ,
[2023-02-01T19:02:52.2103951] ,  2154.801  ,01-Feb-2023 19:01:31 ,                249.3197 ,          26.2946 ,             234.8941 ,              657.6267 ,         287.5961 ,                32.2857 ,            3294.1675 ,          43.8244 ,-76.0838           ,               28.6126  ,-9.8504                  ,5.9901                ,         3294.64 ,     43.8244 ,-76.0839      ,            288.9969 ,                   30.2607 ,         0 ,6.6114               ,27.0834          ,27.0834          ,       656.757  ,                1 ,          249.4227 ,                   1 ,               30.7748 ,-9.7602                 ,-32768               ,                       3326.4084 ,               0.21444  , , , , ,
[2023-02-01T19:02:52.2149490] ,  2155.801  ,01-Feb-2023 19:01:32 ,                249.3214 ,          26.2008 ,             234.8593 ,              657.0795 ,         287.6473 ,                32.3475 ,            3300.1478 ,          43.8243 ,-76.0835           ,               29.5501  ,-9.4569                  ,5.6271                ,         3299.77 ,     43.8243 ,-76.0835      ,            287.7462 ,                   31.0265 ,         0 ,5.9901               ,26.9426          ,26.9426          ,       656.2847 ,                1 ,          249.4289 ,                   1 ,               30.8251 ,-9.8061                 ,-32768               ,                       3332.1552 ,               0.21386  , , , , ,
[2023-02-01T19:02:52.2188006] ,  2156.801  ,01-Feb-2023 19:01:33 ,                249.3412 ,          25.384  ,             234.5551 ,              656.5339 ,         287.6957 ,                32.4137 ,            3306.1623 ,          43.8242 ,-76.0831           ,               30.2007  ,-9.4821                  ,6.0722                ,         3305.83 ,     43.8242 ,-76.0831      ,            287.4306 ,                   31.6543 ,         0 ,5.6271               ,26.3004          ,26.3004          ,       655.743  ,                1 ,          249.449  ,                   1 ,               30.8804 ,-9.8521                 ,-32768               ,                       3338.1314 ,               0.20747  , , , , ,
[2023-02-01T19:02:52.2234264] ,  2157.801  ,01-Feb-2023 19:01:34 ,                249.3638 ,          24.769  ,             234.3265 ,              655.9895 ,         287.7419 ,                32.4848 ,            3312.2557 ,          43.8241 ,-76.0827           ,               31.0965  ,-10.1434                 ,6.3438                ,         3312.45 ,     43.8241 ,-76.0827      ,            288.0659 ,                   32.709  ,         0 ,6.0722               ,25.3206          ,25.3206          ,       655.1462 ,                1 ,          249.474  ,                   1 ,               30.9397 ,-9.8989                 ,-32768               ,                       3344.4043 ,               0.20283  , , , , ,
[2023-02-01T19:03:02.5034952] ,  2158.801  ,01-Feb-2023 19:01:35 ,                249.3834 ,          24.4308 ,             234.2046 ,              655.446  ,         287.786  ,                32.5613 ,            3318.2453 ,          43.824  ,-76.0823           ,               32.2411  ,-10.0482                 ,6.0988                ,         3318.33 ,     43.824  ,-76.0823      ,            287.31   ,                   33.7706 ,         0 ,6.3438               ,25.4573          ,25.4573          ,       654.5327 ,                1 ,          249.4891 ,                   1 ,               31.0046 ,-9.9466                 ,-32768               ,                       3350.5521 ,               0.20047  , , , , ,
[2023-02-01T19:03:02.5100208] ,  2159.801  ,01-Feb-2023 19:01:36 ,                249.4061 ,          23.5059 ,             233.8349 ,              654.9027 ,         287.8278 ,                32.6434 ,            3324.0306 ,          43.8239 ,-76.0819           ,               32.813   ,-9.3105                  ,5.7433                ,         3324.84 ,     43.8239 ,-76.0819      ,            285.841  ,                   34.1083 ,         0 ,6.0988               ,25.147           ,25.147           ,       654.0826 ,                1 ,          249.508  ,                   1 ,               31.0758 ,-9.9942                 ,-32768               ,                       3356.3412 ,               0.19314  , , , , ,
[2023-02-01T19:03:02.5141113] ,  2160.801  ,01-Feb-2023 19:01:37 ,                249.4281 ,          21.7886 ,             233.0917 ,              654.3578 ,         287.8677 ,                32.7312 ,            3329.7276 ,          43.8238 ,-76.0815           ,               32.0143  ,-8.8629                  ,5.4723                ,         3328.88 ,     43.8238 ,-76.0815      ,            285.4743 ,                   33.2185 ,         0 ,5.7433               ,24.0437          ,24.0437          ,       653.6077 ,                1 ,          249.5559 ,                   1 ,               31.1524 ,-10.0427                ,-32768               ,                       3361.6275 ,               0.17897  , , , , ,
[2023-02-01T19:03:02.5185092] ,  2161.801  ,01-Feb-2023 19:01:38 ,                249.4256 ,          20.1486 ,             232.3082 ,              653.8114 ,         287.9066 ,                32.8248 ,            3335.8485 ,          43.8238 ,-76.0811           ,               31.7309  ,-8.5314                  ,6.0748                ,         3335.34 ,     43.8238 ,-76.0811      ,            285.0491 ,                   32.8578 ,         0 ,5.4723               ,22.3336          ,22.3336          ,       653.0688 ,                1 ,          249.5449 ,                   1 ,               31.2349 ,-10.0925                ,-32768               ,                       3367.7078 ,               0.16505  , , , , ,
[2023-02-01T19:03:02.5223019] ,  2162.801  ,01-Feb-2023 19:01:39 ,                249.4148 ,          19.4268 ,             231.9364 ,              653.2648 ,         287.9454 ,                32.924  ,            3342.4041 ,          43.8237 ,-76.0807           ,               30.9859  ,-7.7649                  ,7.1935                ,         3342.58 ,     43.8237 ,-76.0807      ,            284.0683 ,                   31.944  ,         0 ,6.0748               ,20.3546          ,20.3546          ,       652.444  ,                1 ,          249.5163 ,                   1 ,               31.3228 ,-10.144                 ,-32768               ,                       3374.5494 ,               0.15887  , , , , ,
[2023-02-01T19:03:02.5268029] ,  2163.801  ,01-Feb-2023 19:01:40 ,                249.4248 ,          19.7681 ,             232.1179 ,              652.7206 ,         287.985  ,                33.0292 ,            3348.9748 ,          43.8236 ,-76.0804           ,               30.8307  ,-8.0279                  ,7.0207                ,         3349.38 ,     43.8236 ,-76.0804      ,            284.5949 ,                   31.8587 ,         0 ,7.1935               ,19.7032          ,19.7032          ,       651.8319 ,                1 ,          249.5359 ,                   1 ,               31.4152 ,-10.1982                ,-32768               ,                       3381.2348 ,               0.16206  , , , , ,
[2023-02-01T19:03:02.5311621] ,  2164.801  ,01-Feb-2023 19:01:41 ,                249.4443 ,          20.4292 ,             232.4621 ,              652.1827 ,         288.0259 ,                33.1406 ,            3355.2216 ,          43.8235 ,-76.08             ,               31.1616  ,-9.0415                  ,5.9198                ,         3355.47 ,     43.8235 ,-76.08        ,            286.1801 ,                   32.4468 ,         0 ,7.0207               ,20.7356          ,20.7356          ,       651.2845 ,                1 ,          249.5593 ,                   1 ,               31.5135 ,-10.255                 ,-32768               ,                       3387.3418 ,               0.16815  , , , , ,
[2023-02-01T19:03:02.5354573] ,  2165.801  ,01-Feb-2023 19:01:42 ,                249.4619 ,          20.4254 ,             232.4755 ,              651.6535 ,         288.0683 ,                33.2586 ,            3361.1224 ,          43.8234 ,-76.0796           ,               32.2015  ,-10.5455                 ,5.8435                ,         3360.85 ,     43.8234 ,-76.0796      ,            288.1328 ,                   33.8843 ,         0 ,5.9198               ,20.8936          ,20.8936          ,       650.7595 ,                1 ,          249.5624 ,                   1 ,               31.6182 ,-10.3151                ,-32768               ,                       3393.0536 ,               0.16852  , , , , ,
[2023-02-01T19:03:02.5402665] ,  2166.801  ,01-Feb-2023 19:01:43 ,                249.4803 ,          20.069  ,             232.3162 ,              651.1336 ,         288.1124 ,                33.3833 ,            3366.8533 ,          43.8233 ,-76.0792           ,               33.1652  ,-12.3031                 ,6.08                  ,         3366.77 ,     43.8233 ,-76.0792      ,            290.353  ,                   35.3736 ,         0 ,5.8435               ,19.2993          ,19.2993          ,       650.2932 ,                1 ,          249.6103 ,                   1 ,               31.729  ,-10.3781                ,-32768               ,                       3398.8423 ,               0.16587  , , , , ,
[2023-02-01T19:03:11.7352187] ,  2167.801  ,01-Feb-2023 19:01:44 ,                249.4735 ,          20.5571 ,             232.5496 ,              650.6198 ,         288.1587 ,                33.514  ,            3372.4492 ,          43.8232 ,-76.0788           ,               32.656   ,-12.7026                 ,5.9704                ,         3372.75 ,     43.8232 ,-76.0787      ,            291.2551 ,                   35.0396 ,         0 ,6.08                 ,19.9835          ,19.9835          ,       649.7068 ,                1 ,          249.6035 ,                   1 ,               31.8451 ,-10.4446                ,-32768               ,                       3404.6052 ,               0.17011  , , , , ,
[2023-02-01T19:03:11.7503323] ,  2168.801  ,01-Feb-2023 19:01:45 ,                249.4434 ,          21.1499 ,             232.8073 ,              650.1077 ,         288.2073 ,                33.6504 ,            3377.9245 ,          43.8231 ,-76.0784           ,               32.0054  ,-11.04                   ,5.2725                ,         3378.05 ,     43.8231 ,-76.0784      ,            289.0315 ,                   33.856  ,         0 ,5.9704               ,21.1031          ,21.1031          ,       649.3074 ,                1 ,          249.5631 ,                   1 ,               31.9656 ,-10.5142                ,-32768               ,                       3410.0398 ,               0.17488  , , , , ,
[2023-02-01T19:03:11.7596859] ,  2169.801  ,01-Feb-2023 19:01:46 ,                249.416  ,          20.8644 ,             232.6477 ,              649.5917 ,         288.2585 ,                33.792  ,            3383.4819 ,          43.823  ,-76.078            ,               31.3238  ,-10.234                  ,4.8039                ,         3383.15 ,     43.823  ,-76.078       ,            288.0931 ,                   32.9533 ,         0 ,5.2725               ,20.8659          ,20.8659          ,       648.9127 ,                1 ,          249.5397 ,                   1 ,               32.0904 ,-10.5868                ,-32768               ,                       3415.4203 ,               0.17213  , , , , ,
[2023-02-01T19:03:11.7652720] ,  2170.801  ,01-Feb-2023 19:01:47 ,                249.3931 ,          20.5252 ,             232.4643 ,              649.0686 ,         288.312  ,                33.9382 ,            3389.3519 ,          43.8229 ,-76.0776           ,               30.6174  ,-9.3227                  ,5.9291                ,         3389.06 ,     43.8229 ,-76.0776      ,            286.935  ,                   32.0052 ,         0 ,4.8039               ,20.7447          ,20.7447          ,       648.3862 ,                1 ,          249.5233 ,                   1 ,               32.2195 ,-10.6627                ,-32768               ,                       3421.2651 ,               0.169    , , , , ,
[2023-02-01T19:03:11.7708685] ,  2171.801  ,01-Feb-2023 19:01:48 ,                249.3755 ,          20.573  ,             232.4723 ,              648.5378 ,         288.3675 ,                34.0882 ,            3395.559  ,          43.8229 ,-76.0772           ,               30.2903  ,-9.7014                  ,6.8489                ,         3395.5  ,     43.8229 ,-76.0772      ,            287.7592 ,                   31.806  ,         0 ,5.9291               ,19.9307          ,19.9307          ,       647.778  ,                1 ,          249.4727 ,                   1 ,               32.3517 ,-10.7414                ,-32768               ,                       3427.6128 ,               0.16928  , , , , ,
[2023-02-01T19:03:11.7752968] ,  2172.801  ,01-Feb-2023 19:01:49 ,                249.3867 ,          20.8508 ,             232.6157 ,              648.002  ,         288.424  ,                34.2407 ,            3401.9325 ,          43.8228 ,-76.0768           ,               30.3952  ,-9.7787                  ,6.5342                ,         3402.29 ,     43.8228 ,-76.0768      ,            287.8339 ,                   31.9295 ,         0 ,6.8489               ,20.5166          ,20.5166          ,       647.1202 ,                1 ,          249.5036 ,                   1 ,               32.4858 ,-10.8216                ,-32768               ,                       3434.0889 ,               0.17198  , , , , ,
[2023-02-01T19:03:11.7804926] ,  2173.801  ,01-Feb-2023 19:01:50 ,                249.3997 ,          20.6931 ,             232.5513 ,              647.4665 ,         288.4801 ,                34.3945 ,            3408.1771 ,          43.8227 ,-76.0764           ,               31.2349  ,-10.8916                 ,6.1361                ,         3408.36 ,     43.8227 ,-76.0764      ,            289.2236 ,                   33.0793 ,         0 ,6.5342               ,21.4071          ,21.4071          ,       646.5684 ,                1 ,          249.5318 ,                   1 ,               32.621  ,-10.9024                ,-32768               ,                       3440.1681 ,               0.17096  , , , , ,
[2023-02-01T19:03:11.7852765] ,  2174.801  ,01-Feb-2023 19:01:51 ,                249.3872 ,          19.8313 ,             232.117  ,              646.9357 ,         288.5346 ,                34.5485 ,            3414.2828 ,          43.8226 ,-76.076            ,               32.3687  ,-12.5199                 ,6.0847                ,         3413.67 ,     43.8226 ,-76.076       ,            291.146  ,                   34.7056 ,         0 ,6.1361               ,20.3785          ,20.3785          ,       646.0524 ,                1 ,          249.5071 ,                   1 ,               32.7566 ,-10.9824                ,-32768               ,                       3446.0509 ,               0.16349  , , , , ,
[2023-02-01T19:03:11.7890510] ,  2175.801  ,01-Feb-2023 19:01:52 ,                249.366  ,          19.4399 ,             231.9009 ,              646.4126 ,         288.5864 ,                34.7016 ,            3420.3352 ,          43.8224 ,-76.0756           ,               33.5272  ,-13.8303                 ,6.3396                ,         3420.44 ,     43.8224 ,-76.0756      ,            292.4166 ,                   36.2678 ,         0 ,6.0847               ,18.5689          ,18.5689          ,       645.5884 ,                1 ,          249.4879 ,                   1 ,               32.8917 ,-11.0606                ,-32768               ,                       3452.3514 ,               0.15995  , , , , ,
[2023-02-01T19:03:19.0121877] ,  2176.801  ,01-Feb-2023 19:01:53 ,                249.3486 ,          20.3895 ,             232.3597 ,              645.8964 ,         288.6346 ,                34.8528 ,            3426.0636 ,          43.8223 ,-76.0752           ,               34.1109  ,-13.272                  ,5.8917                ,         3427.07 ,     43.8223 ,-76.0752      ,            291.2602 ,                   36.6019 ,         0 ,6.3396               ,20.214           ,20.214           ,       645.0262 ,                1 ,          249.4688 ,                   1 ,               33.0258 ,-11.1365                ,-32768               ,                       3458.2873 ,               0.16798  , , , , ,
[2023-02-01T19:03:19.0170889] ,  2177.801  ,01-Feb-2023 19:01:54 ,                249.3375 ,          20.9247 ,             232.6082 ,              645.3846 ,         288.6786 ,                35.0011 ,            3431.3298 ,          43.8222 ,-76.0748           ,               33.2643  ,-11.5584                 ,4.8355                ,         3430.87 ,     43.8222 ,-76.0748      ,            289.1609 ,                   35.2152 ,         0 ,5.8917               ,20.7044          ,20.7044          ,       644.5856 ,                1 ,          249.4531 ,                   1 ,               33.1579 ,-11.2094                ,-32768               ,                       3463.2317 ,               0.17254  , , , , ,
[2023-02-01T19:03:19.0216104] ,  2178.801  ,01-Feb-2023 19:01:55 ,                249.335  ,          20.4615 ,             232.3829 ,              644.8737 ,         288.7173 ,                35.1455 ,            3436.611  ,          43.8221 ,-76.0744           ,               32.8774  ,-10.5699                 ,5.4369                ,         3436.28 ,     43.8221 ,-76.0744      ,            287.8223 ,                   34.5347 ,         0 ,4.8355               ,20.6883          ,20.6883          ,       644.0966 ,                1 ,          249.4503 ,                   1 ,               33.287  ,-11.2783                ,-32768               ,                       3468.4116 ,               0.16865  , , , , ,
[2023-02-01T19:03:19.0263255] ,  2179.801  ,01-Feb-2023 19:01:56 ,                249.3397 ,          19.8225 ,             232.0715 ,              644.3604 ,         288.7496 ,                35.2852 ,            3442.1454 ,          43.822  ,-76.074            ,               32.7085  ,-9.3416                  ,6.307                 ,         3442.15 ,     43.822  ,-76.074       ,            285.9395 ,                   34.0164 ,         0 ,5.4369               ,19.6883          ,19.6883          ,       643.5582 ,                1 ,          249.4516 ,                   1 ,               33.4127 ,-11.3422                ,-32768               ,                       3474.1194 ,               0.16336  , , , , ,
[2023-02-01T19:03:19.0308333] ,  2180.801  ,01-Feb-2023 19:01:57 ,                249.3487 ,          19.5831 ,             231.9587 ,              643.8414 ,         288.7743 ,                35.4198 ,            3447.9472 ,          43.822  ,-76.0736           ,               33.0987  ,-8.5041                  ,6.0775                ,         3448.02 ,     43.822  ,-76.0736      ,            284.4094 ,                   34.1737 ,         0 ,6.307                ,19.8759          ,19.8759          ,       643.0828 ,                1 ,          249.4646 ,                   1 ,               33.535  ,-11.3997                ,-32768               ,                       3480.0025 ,               0.16157  , , , , ,
[2023-02-01T19:03:19.0351052] ,  2181.801  ,01-Feb-2023 19:01:58 ,                249.36   ,          19.3144 ,             231.8314 ,              643.3148 ,         288.7908 ,                35.5488 ,            3453.9955 ,          43.8219 ,-76.0731           ,               33.6103  ,-8.5823                  ,5.3363                ,         3454    ,     43.8219 ,-76.0731      ,            284.3243 ,                   34.6887 ,         0 ,6.0775               ,20.1739          ,20.1739          ,       642.5593 ,                1 ,          249.4624 ,                   1 ,               33.6539 ,-11.4505                ,-32768               ,                       3486.0036 ,               0.15955  , , , , ,
[2023-02-01T19:03:19.0400403] ,  2182.801  ,01-Feb-2023 19:01:59 ,                249.38   ,          18.5786 ,             231.4643 ,              642.7816 ,         288.7988 ,                35.6717 ,            3460.3021 ,          43.8218 ,-76.0727           ,               34.5419  ,-9.2207                  ,5.8424                ,         3460.24 ,     43.8218 ,-76.0727      ,            284.9462 ,                   35.7514 ,         0 ,5.3363               ,18.5054          ,18.5054          ,       642.0284 ,                1 ,          249.4937 ,                   1 ,               33.7686 ,-11.4952                ,-32768               ,                       3492.1425 ,               0.15362  , , , , ,
[2023-02-01T19:03:19.0446507] ,  2183.801  ,01-Feb-2023 19:02:00 ,                249.3934 ,          18.3597 ,             231.3589 ,              642.2444 ,         288.7981 ,                35.7878 ,            3466.8238 ,          43.8217 ,-76.0723           ,               35.5101  ,-10.57                   ,6.6787                ,         3466.22 ,     43.8217 ,-76.0723      ,            286.5763 ,                   37.0498 ,         0 ,5.8424               ,19.1741          ,19.1741          ,       641.4717 ,                1 ,          249.5168 ,                   1 ,               33.8789 ,-11.5323                ,-32768               ,                       3498.5849 ,               0.15204  , , , , ,
[2023-02-01T19:03:19.0495582] ,  2184.801  ,01-Feb-2023 19:02:01 ,                249.3942 ,          18.3784 ,             231.3696 ,              641.708  ,         288.7884 ,                35.896  ,            3473.4853 ,          43.8216 ,-76.0718           ,               36.0344  ,-11.7649                 ,6.9479                ,         3473.94 ,     43.8216 ,-76.0718      ,            288.0815 ,                   37.9064 ,         0 ,6.6787               ,18.7464          ,18.7464          ,       640.877  ,                1 ,          249.4922 ,                   1 ,               33.9837 ,-11.5614                ,-32768               ,                       3505.4911 ,               0.15234  , , , , ,
[2023-02-01T19:03:29.3165755] ,  2185.801  ,01-Feb-2023 19:02:02 ,                249.4044 ,          18.4036 ,             231.3919 ,              641.1767 ,         288.77   ,                35.9957 ,            3479.852  ,          43.8215 ,-76.0714           ,               36.436   ,-12.8164                 ,7.1377                ,         3480.35 ,     43.8215 ,-76.0714      ,            289.3794 ,                   38.6244 ,         0 ,6.9479               ,17.7109          ,17.7109          ,       640.2513 ,                1 ,          249.5231 ,                   1 ,               34.082  ,-11.5823                ,-32768               ,                       3511.8783 ,               0.15283  , , , , ,
[2023-02-01T19:03:29.3292786] ,  2186.801  ,01-Feb-2023 19:02:03 ,                249.4079 ,          18.821  ,             231.6166 ,              640.6547 ,         288.7428 ,                36.0867 ,            3485.6009 ,          43.8214 ,-76.0709           ,               36.2029  ,-13.8689                 ,5.419                 ,         3485.6  ,     43.8214 ,-76.0709      ,            290.9613 ,                   38.7685 ,         0 ,7.1377               ,18.8895          ,18.8895          ,       639.737  ,                1 ,          249.5326 ,                   1 ,               34.1733 ,-11.5953                ,-32768               ,                       3517.3993 ,               0.15663  , , , , ,
[2023-02-01T19:03:29.3369344] ,  2187.801  ,01-Feb-2023 19:02:04 ,                249.3947 ,          18.5944 ,             231.4854 ,              640.1428 ,         288.7069 ,                36.169  ,            3491.0239 ,          43.8212 ,-76.0705           ,               35.9933  ,-15.2401                 ,5.5639                ,         3490.46 ,     43.8212 ,-76.0705      ,            292.9485 ,                   39.0868 ,         0 ,5.419                ,19.4943          ,19.4943          ,       639.2726 ,                1 ,          249.5051 ,                   1 ,               34.2582 ,-11.6006                ,-32768               ,                       3522.8296 ,               0.15459  , , , , ,
[2023-02-01T19:03:29.3413212] ,  2188.801  ,01-Feb-2023 19:02:05 ,                249.3866 ,          17.4426 ,             230.8484 ,              639.6382 ,         288.6619 ,                36.2433 ,            3496.3495 ,          43.8211 ,-76.07             ,               35.3719  ,-16.241                  ,5.2934                ,         3497.3  ,     43.8211 ,-76.07        ,            294.6623 ,                   38.9222 ,         0 ,5.5639               ,18.6367          ,18.6367          ,       638.8223 ,                1 ,          249.4943 ,                   1 ,               34.3375 ,-11.5977                ,-32768               ,                       3528.5224 ,               0.14462  , , , , ,
[2023-02-01T19:03:29.3460245] ,  2189.801  ,01-Feb-2023 19:02:06 ,                249.3879 ,          16.8073 ,             230.4854 ,              639.1375 ,         288.6081 ,                36.3099 ,            3501.6004 ,          43.8209 ,-76.0696           ,               35.1052  ,-17.0837                 ,4.5433                ,         3501.74 ,     43.8209 ,-76.0696      ,            295.9495 ,                   39.0414 ,         0 ,5.2934               ,16.9128          ,16.9128          ,       638.4175 ,                1 ,          249.5106 ,                   1 ,               34.4116 ,-11.5865                ,-32768               ,                       3533.3766 ,               0.13924  , , , , ,
[2023-02-01T19:03:29.3500933] ,  2190.801  ,01-Feb-2023 19:02:07 ,                249.3712 ,          17.95   ,             231.1172 ,              638.636  ,         288.5461 ,                36.3695 ,            3507.3053 ,          43.8208 ,-76.0692           ,               34.371   ,-17.2956                 ,5.2642                ,         3505.03 ,     43.8208 ,-76.0692      ,            296.7117 ,                   38.4773 ,         0 ,4.5433               ,16.5541          ,16.5541          ,       637.9158 ,                1 ,          249.5115 ,                   1 ,               34.4807 ,-11.5679                ,-32768               ,                       3538.5427 ,               0.14904  , , , , ,
[2023-02-01T19:03:29.3540855] ,  2191.801  ,01-Feb-2023 19:02:08 ,                249.3231 ,          20.4189 ,             232.3518 ,              638.1322 ,         288.4773 ,                36.4223 ,            3513.8613 ,          43.8206 ,-76.0688           ,               33.8141  ,-15.5713                 ,6.7045                ,         3514.61 ,     43.8206 ,-76.0687      ,            294.726  ,                   37.2272 ,         0 ,5.2642               ,17.5068          ,17.5068          ,       637.3483 ,                1 ,          249.4452 ,                   1 ,               34.5449 ,-11.543                 ,-32768               ,                       3545.7273 ,               0.16988  , , , , ,
[2023-02-01T19:03:29.3598178] ,  2192.801  ,01-Feb-2023 19:02:09 ,                249.2748 ,          22.864  ,             233.4409 ,              637.6254 ,         288.403  ,                36.4689 ,            3520.282  ,          43.8205 ,-76.0683           ,               34.1352  ,-12.6028                 ,7.2842                ,         3521.13 ,     43.8205 ,-76.0683      ,            290.2642 ,                   36.3874 ,         0 ,6.7045               ,20.4544          ,20.4544          ,       636.7551 ,                1 ,          249.3928 ,                   1 ,               34.6039 ,-11.5128                ,-32768               ,                       3552.5691 ,               0.19045  , , , , ,
[2023-02-01T19:03:29.3661589] ,  2193.801  ,01-Feb-2023 19:02:10 ,                249.2438 ,          23.8004 ,             233.8177 ,              637.1166 ,         288.3239 ,                36.5095 ,            3525.865  ,          43.8204 ,-76.0679           ,               34.7172  ,-9.6705                  ,6.0939                ,         3526.64 ,     43.8204 ,-76.0679      ,            285.5652 ,                   36.0389 ,         0 ,7.2842               ,21.7151          ,21.7151          ,       636.2875 ,                1 ,          249.3651 ,                   1 ,               34.6584 ,-11.4781                ,-32768               ,                       3558      ,               0.19818  , , , , ,
[2023-02-01T19:03:37.7590985] ,  2194.801  ,01-Feb-2023 19:02:11 ,                249.2218 ,          23.5662 ,             233.6986 ,              636.6051 ,         288.2406 ,                36.5448 ,            3530.7475 ,          43.8204 ,-76.0675           ,               33.9556  ,-8.235                   ,5.1175                ,         3530.48 ,     43.8204 ,-76.0675      ,            283.6324 ,                   34.9399 ,         0 ,6.0939               ,22.7306          ,22.7306          ,       635.827  ,                1 ,          249.3421 ,                   1 ,               34.7085 ,-11.4389                ,-32768               ,                       3562.539  ,               0.19591  , , , , ,
[2023-02-01T19:03:37.7716064] ,  2195.801  ,01-Feb-2023 19:02:12 ,                249.1991 ,          22.9875 ,             233.4286 ,              636.0899 ,         288.1532 ,                36.5753 ,            3535.7121 ,          43.8203 ,-76.0671           ,               33.959   ,-7.8912                  ,4.8682                ,         3535.23 ,     43.8203 ,-76.0671      ,            283.082  ,                   34.8638 ,         0 ,5.1175               ,22.8768          ,22.8768          ,       635.3251 ,                1 ,          249.3271 ,                   1 ,               34.7548 ,-11.3955                ,-32768               ,                       3567.3396 ,               0.19067  , , , , ,
[2023-02-01T19:03:37.7831038] ,  2196.801  ,01-Feb-2023 19:02:13 ,                249.1687 ,          22.3865 ,             233.1361 ,              635.571  ,         288.062  ,                36.6018 ,            3541.344  ,          43.8202 ,-76.0667           ,               32.3303  ,-7.841                   ,6.0945                ,         3540.84 ,     43.8202 ,-76.0667      ,            283.6327 ,                   33.2675 ,         0 ,4.8682               ,22.5145          ,22.5145          ,       634.8289 ,                1 ,          249.2916 ,                   1 ,               34.798  ,-11.3485                ,-32768               ,                       3573.0226 ,               0.18511  , , , , ,
[2023-02-01T19:03:37.7871549] ,  2197.801  ,01-Feb-2023 19:02:14 ,                249.1377 ,          21.9845 ,             232.9275 ,              635.048  ,         287.9678 ,                36.6252 ,            3547.8825 ,          43.8201 ,-76.0662           ,               32.185   ,-8.4244                  ,6.6166                ,         3547.65 ,     43.8201 ,-76.0663      ,            284.6681 ,                   33.2693 ,         0 ,6.0945               ,22.2768          ,22.2768          ,       634.2552 ,                1 ,          249.2592 ,                   1 ,               34.839  ,-11.2983                ,-32768               ,                       3579.6638 ,               0.18129  , , , , ,
[2023-02-01T19:03:37.7918526] ,  2198.801  ,01-Feb-2023 19:02:15 ,                249.1117 ,          21.774  ,             232.8087 ,              634.5211 ,         287.8715 ,                36.6462 ,            3555.0472 ,          43.8201 ,-76.0658           ,               33.6727  ,-8.4611                  ,6.7108                ,         3555.11 ,     43.8201 ,-76.0658      ,            284.1049 ,                   34.7194 ,         0 ,6.6166               ,21.8476          ,21.8476          ,       633.7289 ,                1 ,          249.2348 ,                   1 ,               34.8777 ,-11.246                 ,-32768               ,                       3586.9201 ,               0.17921  , , , , ,
[2023-02-01T19:03:37.7959226] ,  2199.801  ,01-Feb-2023 19:02:16 ,                249.0903 ,          21.8869 ,             232.8416 ,              633.9925 ,         287.7745 ,                36.6658 ,            3562.2787 ,          43.82   ,-76.0654           ,               35.4277  ,-9.1544                  ,6.1714                ,         3562.73 ,     43.82   ,-76.0654      ,            284.4882 ,                   36.5913 ,         0 ,6.7108               ,21.6829          ,21.6829          ,       633.1926 ,                1 ,          249.2089 ,                   1 ,               34.9154 ,-11.1928                ,-32768               ,                       3594.1112 ,               0.17997  , , , , ,
[2023-02-01T19:03:37.8010814] ,  2200.801  ,01-Feb-2023 19:02:17 ,                249.0748 ,          22.4565 ,             233.0852 ,              633.4655 ,         287.678  ,                36.6849 ,            3569.0824 ,          43.8199 ,-76.0649           ,               36.9081  ,-10.7295                 ,6.4434                ,         3568.8  ,     43.8199 ,-76.0649      ,            286.2096 ,                   38.436  ,         0 ,6.1714               ,21.8397          ,21.8397          ,       632.7087 ,                1 ,          249.1965 ,                   1 ,               34.9521 ,-11.1398                ,-32768               ,                       3600.8489 ,               0.18475  , , , , ,
[2023-02-01T19:03:37.8051696] ,  2201.801  ,01-Feb-2023 19:02:18 ,                249.0614 ,          23.434  ,             233.501  ,              632.9427 ,         287.5832 ,                36.7039 ,            3575.401  ,          43.8198 ,-76.0645           ,               37.2397  ,-11.8788                 ,6.6107                ,         3576.23 ,     43.8198 ,-76.0645      ,            287.6917 ,                   39.0884 ,         0 ,6.4434               ,22.1673          ,22.1673          ,       632.1011 ,                1 ,          249.1832 ,                   1 ,               34.9886 ,-11.0875                ,-32768               ,                       3607.3095 ,               0.19306  , , , , ,
[2023-02-01T19:03:37.8092704] ,  2202.801  ,01-Feb-2023 19:02:19 ,                249.0513 ,          24.6975 ,             234.0213 ,              632.4268 ,         287.4912 ,                36.7231 ,            3581.004  ,          43.8197 ,-76.064            ,               37.2901  ,-12.1296                 ,6.4953                ,         3581.15 ,     43.8197 ,-76.064       ,            288.0184 ,                   39.2132 ,         0 ,6.6107               ,23.256           ,23.256           ,       631.4833 ,                1 ,          249.1626 ,                   1 ,               35.0252 ,-11.0374                ,-32768               ,                       3612.7647 ,               0.20389  , , , , ,
[2023-02-01T19:03:46.0504933] ,  2203.801  ,01-Feb-2023 19:02:20 ,                249.0502 ,          25.7559 ,             234.4449 ,              631.9194 ,         287.4027 ,                36.7422 ,            3586.3742 ,          43.8196 ,-76.0636           ,               37.1706  ,-12.0666                 ,5.2532                ,         3585.74 ,     43.8196 ,-76.0636      ,            287.9849 ,                   39.0801 ,         0 ,6.4953               ,23.7698          ,23.7698          ,       631.0887 ,                1 ,          249.1751 ,                   1 ,               35.0607 ,-10.9893                ,-32768               ,                       3617.7654 ,               0.21313  , , , , ,
[2023-02-01T19:03:46.0559530] ,  2204.801  ,01-Feb-2023 19:02:21 ,                249.0417 ,          26.5427 ,             234.7427 ,              631.4197 ,         287.3182 ,                36.7609 ,            3591.9413 ,          43.8195 ,-76.0631           ,               36.4591  ,-11.6274                 ,5.2601                ,         3591.15 ,     43.8195 ,-76.0631      ,            287.6884 ,                   38.2684 ,         0 ,5.2532               ,25.4741          ,25.4741          ,       630.6527 ,                1 ,          249.1734 ,                   1 ,               35.0946 ,-10.943                 ,-32768               ,                       3623.4915 ,               0.21991  , , , , ,
[2023-02-01T19:03:46.0638335] ,  2205.801  ,01-Feb-2023 19:02:22 ,                249.019  ,          26.7237 ,             234.7916 ,              630.925  ,         287.2385 ,                36.7792 ,            3597.6733 ,          43.8194 ,-76.0627           ,               34.6649  ,-10.4857                 ,6.1959                ,         3599.07 ,     43.8194 ,-76.0627      ,            286.8299 ,                   36.2161 ,         0 ,5.2601               ,25.6903          ,25.6903          ,       630.0961 ,                1 ,          249.1393 ,                   1 ,               35.127  ,-10.8997                ,-32768               ,                       3629.6305 ,               0.22119  , , , , ,
[2023-02-01T19:03:46.0698495] ,  2206.801  ,01-Feb-2023 19:02:23 ,                248.9995 ,          26.573  ,             234.7168 ,              630.4315 ,         287.1646 ,                36.7973 ,            3603.1476 ,          43.8193 ,-76.0622           ,               33.6277  ,-9.73                    ,5.6603                ,         3602.23 ,     43.8193 ,-76.0623      ,            286.1375 ,                   35.0071 ,         0 ,6.1959               ,25.633           ,25.633           ,       629.6172 ,                1 ,          249.1225 ,                   1 ,               35.1585 ,-10.8596                ,-32768               ,                       3634.9457 ,               0.21967  , , , , ,
[2023-02-01T19:03:46.0766531] ,  2207.801  ,01-Feb-2023 19:02:24 ,                248.9838 ,          26.5288 ,             234.6859 ,              629.9357 ,         287.0974 ,                36.8158 ,            3608.6107 ,          43.8192 ,-76.0618           ,               33.6254  ,-10.1237                 ,5.4742                ,         3609.74 ,     43.8192 ,-76.0618      ,            286.7557 ,                   35.1163 ,         0 ,5.6603               ,26.3665          ,26.3665          ,       629.2157 ,                1 ,          249.116  ,                   1 ,               35.1889 ,-10.8237                ,-32768               ,                       3640.4526 ,               0.21915  , , , , ,
[2023-02-01T19:03:46.0826260] ,  2208.801  ,01-Feb-2023 19:02:25 ,                248.9604 ,          26.1622 ,             234.5239 ,              629.4341 ,         287.0382 ,                36.8349 ,            3614.0891 ,          43.8191 ,-76.0614           ,               34.1628  ,-10.5671                 ,5.6184                ,         3613.02 ,     43.8191 ,-76.0614      ,            287.1877 ,                   35.7597 ,         0 ,5.4742               ,26.5364          ,26.5364          ,       628.7403 ,                1 ,          249.0893 ,                   1 ,               35.2182 ,-10.793                 ,-32768               ,                       3645.5773 ,               0.21572  , , , , ,
[2023-02-01T19:03:46.0869149] ,  2209.801  ,01-Feb-2023 19:02:26 ,                248.9309 ,          25.43   ,             234.2103 ,              628.9265 ,         286.9879 ,                36.8553 ,            3620.0331 ,          43.819  ,-76.061            ,               34.0463  ,-11.5293                 ,5.8565                ,         3619.71 ,     43.819  ,-76.061       ,            288.7079 ,                   35.9454 ,         0 ,5.6184               ,25.8762          ,25.8762          ,       628.1666 ,                1 ,          249.0633 ,                   1 ,               35.247  ,-10.7677                ,-32768               ,                       3651.5318 ,               0.20905  , , , , ,
[2023-02-01T19:03:46.0933350] ,  2210.801  ,01-Feb-2023 19:02:27 ,                248.8972 ,          24.9217 ,             233.9764 ,              628.4136 ,         286.9478 ,                36.8776 ,            3626.3066 ,          43.8189 ,-76.0606           ,               33.9467  ,-12.1462                 ,6.9054                ,         3626.59 ,     43.8189 ,-76.0606      ,            289.6873 ,                   36.0543 ,         0 ,5.8565               ,24.9844          ,24.9844          ,       627.6183 ,                1 ,          249.0316 ,                   1 ,               35.2757 ,-10.7493                ,-32768               ,                       3658.1412 ,               0.20424  , , , , ,
[2023-02-01T19:03:46.0996314] ,  2211.801  ,01-Feb-2023 19:02:28 ,                248.8612 ,          24.8919 ,             233.9325 ,              627.8973 ,         286.9184 ,                36.9021 ,            3632.4814 ,          43.8188 ,-76.0601           ,               33.7774  ,-11.7715                 ,6.8512                ,         3633.09 ,     43.8188 ,-76.0601      ,            289.2136 ,                   35.7698 ,         0 ,6.9054               ,24.9335          ,24.9335          ,       627.0681 ,                1 ,          248.9891 ,                   1 ,               35.3047 ,-10.7386                ,-32768               ,                       3664.4089 ,               0.20349  , , , , ,
[2023-02-01T19:03:55.3311349] ,  2212.801  ,01-Feb-2023 19:02:29 ,                248.8309 ,          24.8678 ,             233.896  ,              627.3802 ,         286.9001 ,                36.9287 ,            3638.3401 ,          43.8187 ,-76.0597           ,               34.3269  ,-11.719                  ,5.5775                ,         3638.34 ,     43.8187 ,-76.0597      ,            288.8497 ,                   36.2722 ,         0 ,6.8512               ,24.9166          ,24.9166          ,       626.5467 ,                1 ,          248.9606 ,                   1 ,               35.3339 ,-10.7354                ,-32768               ,                       3670.0552 ,               0.20289  , , , , ,
[2023-02-01T19:03:55.3399643] ,  2213.801  ,01-Feb-2023 19:02:30 ,                248.8027 ,          24.5695 ,             233.7494 ,              626.8644 ,         286.8928 ,                36.9571 ,            3644.1185 ,          43.8186 ,-76.0593           ,               35.3739  ,-11.7293                 ,5.6444                ,         3643.87 ,     43.8186 ,-76.0593      ,            288.3445 ,                   37.2678 ,         0 ,5.5775               ,24.8021          ,24.8021          ,       626.074  ,                1 ,          248.9406 ,                   1 ,               35.3627 ,-10.7392                ,-32768               ,                       3675.6137 ,               0.2      , , , , ,
[2023-02-01T19:03:55.3480834] ,  2214.801  ,01-Feb-2023 19:02:31 ,                248.765  ,          24.1926 ,             233.5606 ,              626.351  ,         286.8962 ,                36.987  ,            3650.1003 ,          43.8185 ,-76.0588           ,               36.2395  ,-11.4531                 ,5.4683                ,         3649.57 ,     43.8185 ,-76.0588      ,            287.5386 ,                   38.0063 ,         0 ,5.6444               ,24.4495          ,24.4495          ,       625.6428 ,                1 ,          248.903  ,                   1 ,               35.3908 ,-10.7501                ,-32768               ,                       3681.5789 ,               0.1963   , , , , ,
[2023-02-01T19:03:55.3541317] ,  2215.801  ,01-Feb-2023 19:02:32 ,                248.7208 ,          23.9519 ,             233.421  ,              625.8412 ,         286.9104 ,                37.0182 ,            3656.3557 ,          43.8183 ,-76.0584           ,               36.8003  ,-11.8575                 ,6.4345                ,         3656.62 ,     43.8183 ,-76.0584      ,            287.8596 ,                   38.6635 ,         0 ,5.4683               ,24.0388          ,24.0388          ,       625.0294 ,                1 ,          248.853  ,                   1 ,               35.4179 ,-10.7679                ,-32768               ,                       3688.0312 ,               0.19364  , , , , ,
[2023-02-01T19:03:55.3596096] ,  2216.801  ,01-Feb-2023 19:02:33 ,                248.6814 ,          23.8689 ,             233.3515 ,              625.3369 ,         286.9353 ,                37.0513 ,            3662.5635 ,          43.8182 ,-76.0579           ,               37.2247  ,-11.9953                 ,6.393                 ,         3662.77 ,     43.8182 ,-76.0579      ,            287.861  ,                   39.1096 ,         0 ,6.4345               ,23.7935          ,23.7935          ,       624.4878 ,                1 ,          248.8143 ,                   1 ,               35.4446 ,-10.7929                ,-32768               ,                       3694.2718 ,               0.1924   , , , , ,
[2023-02-01T19:03:55.3664390] ,  2217.801  ,01-Feb-2023 19:02:34 ,                248.6535 ,          23.8677 ,             233.3265 ,              624.8397 ,         286.971  ,                37.0869 ,            3668.5306 ,          43.8182 ,-76.0574           ,               37.3252  ,-10.092                  ,5.6112                ,         3668.59 ,     43.8181 ,-76.0574      ,            285.1299 ,                   38.6654 ,         0 ,6.393                ,23.9165          ,23.9165          ,       623.9462 ,                1 ,          248.7714 ,                   1 ,               35.4717 ,-10.8252                ,-32768               ,                       3700.1102 ,               0.19205  , , , , ,
[2023-02-01T19:03:55.3714144] ,  2218.801  ,01-Feb-2023 19:02:35 ,                248.6463 ,          23.8381 ,             233.3077 ,              624.3496 ,         287.0176 ,                37.1258 ,            3674.2086 ,          43.8181 ,-76.057            ,               36.4451  ,-8.9014                  ,5.6689                ,         3674.03 ,     43.8181 ,-76.057       ,            283.7253 ,                   37.5164 ,         0 ,5.6112               ,23.4359          ,23.4359          ,       623.5353 ,                1 ,          248.7681 ,                   1 ,               35.5001 ,-10.8654                ,-32768               ,                       3705.7945 ,               0.19183  , , , , ,
[2023-02-01T19:03:55.3781102] ,  2219.801  ,01-Feb-2023 19:02:36 ,                248.6493 ,          24.1119 ,             233.425  ,              623.8654 ,         287.0754 ,                37.1688 ,            3679.6558 ,          43.818  ,-76.0565           ,               35.7396  ,-8.4425                  ,5.6108                ,         3680.19 ,     43.818  ,-76.0565      ,            283.2909 ,                   36.7232 ,         0 ,5.6689               ,23.5118          ,23.5118          ,       623.0957 ,                1 ,          248.7756 ,                   1 ,               35.5305 ,-10.9137                ,-32768               ,                       3711.3872 ,               0.19433  , , , , ,
[2023-02-01T19:03:55.3846030] ,  2220.801  ,01-Feb-2023 19:02:37 ,                248.6487 ,          24.636  ,             233.6407 ,              623.3842 ,         287.1442 ,                37.2165 ,            3684.9757 ,          43.8179 ,-76.0561           ,               35.6206  ,-8.0722                  ,5.1131                ,         3684.77 ,     43.8179 ,-76.0561      ,            282.7685 ,                   36.5237 ,         0 ,5.6108               ,23.9958          ,23.9958          ,       622.5956 ,                1 ,          248.7722 ,                   1 ,               35.5628 ,-10.9703                ,-32768               ,                       3716.5577 ,               0.19887  , , , , ,
[2023-02-01T19:04:04.6252870] ,  2221.801  ,01-Feb-2023 19:02:38 ,                248.6475 ,          24.8275 ,             233.7176 ,              622.9034 ,         287.2238 ,                37.2695 ,            3690.4245 ,          43.8178 ,-76.0557           ,               36.1193  ,-8.0224                  ,5.0093                ,         3690.2  ,     43.8179 ,-76.0557      ,            282.5227 ,                   36.9995 ,         0 ,5.1131               ,24.4524          ,24.4524          ,       622.1643 ,                1 ,          248.7643 ,                   1 ,               35.5982 ,-11.0355                ,-32768               ,                       3721.8129 ,               0.20062  , , , , ,
[2023-02-01T19:04:04.6314693] ,  2222.801  ,01-Feb-2023 19:02:39 ,                248.6579 ,          24.5331 ,             233.6067 ,              622.4218 ,         287.3134 ,                37.3285 ,            3696.2527 ,          43.8178 ,-76.0552           ,               36.2656  ,-8.4765                  ,6.1559                ,         3695.49 ,     43.8178 ,-76.0552      ,            283.1557 ,                   37.2431 ,         0 ,5.0093               ,24.9808          ,24.9808          ,       621.6899 ,                1 ,          248.7676 ,                   1 ,               35.6372 ,-11.1088                ,-32768               ,                       3727.5901 ,               0.19848  , , , , ,
[2023-02-01T19:04:04.6375322] ,  2223.801  ,01-Feb-2023 19:02:40 ,                248.6791 ,          23.6478 ,             233.2561 ,              621.9393 ,         287.4119 ,                37.394  ,            3702.3468 ,          43.8177 ,-76.0548           ,               36.062   ,-10.0649                 ,7.1799                ,         3702.71 ,     43.8177 ,-76.0548      ,            285.5945 ,                   37.4402 ,         0 ,6.1559               ,24.5038          ,24.5038          ,       621.1389 ,                1 ,          248.8052 ,                   1 ,               35.6807 ,-11.1897                ,-32768               ,                       3734.0833 ,               0.19155  , , , , ,
[2023-02-01T19:04:04.6448091] ,  2224.801  ,01-Feb-2023 19:02:41 ,                248.6863 ,          22.5513 ,             232.7871 ,              621.4554 ,         287.5181 ,                37.4666 ,            3708.1319 ,          43.8176 ,-76.0543           ,               35.4145  ,-11.3965                 ,6.0041                ,         3709.36 ,     43.8176 ,-76.0543      ,            287.8384 ,                   37.203  ,         0 ,7.1799               ,23.8105          ,23.8105          ,       620.634  ,                1 ,          248.8199 ,                   1 ,               35.7291 ,-11.2775                ,-32768               ,                       3740.0301 ,               0.18256  , , , , ,
[2023-02-01T19:04:04.6508334] ,  2225.801  ,01-Feb-2023 19:02:42 ,                248.6677 ,          21.7416 ,             232.406  ,              620.9712 ,         287.6305 ,                37.5469 ,            3713.3781 ,          43.8175 ,-76.0539           ,               34.798   ,-11.7306                 ,4.7297                ,         3712.66 ,     43.8175 ,-76.0539      ,            288.6293 ,                   36.722  ,         0 ,6.0041               ,23.0375          ,23.0375          ,       620.1616 ,                1 ,          248.8034 ,                   1 ,               35.7834 ,-11.3719                ,-32768               ,                       3744.8652 ,               0.17557  , , , , ,
[2023-02-01T19:04:04.6566617] ,  2226.801  ,01-Feb-2023 19:02:43 ,                248.6374 ,          21.2911 ,             232.1712 ,              620.4866 ,         287.7473 ,                37.6357 ,            3718.5816 ,          43.8174 ,-76.0535           ,               34.4049  ,-11.4788                 ,5.0794                ,         3718.7  ,     43.8174 ,-76.0535      ,            288.4507 ,                   36.2693 ,         0 ,4.7297               ,22.5573          ,22.5573          ,       619.7321 ,                1 ,          248.7587 ,                   1 ,               35.8443 ,-11.4718                ,-32768               ,                       3750.0368 ,               0.17144  , , , , ,
[2023-02-01T19:04:04.6628910] ,  2227.801  ,01-Feb-2023 19:02:44 ,                248.6179 ,          20.9066 ,             231.9732 ,              620.001  ,         287.8665 ,                37.7338 ,            3724.0433 ,          43.8173 ,-76.053            ,               34.8819  ,-10.9519                 ,5.7644                ,         3723.69 ,     43.8173 ,-76.053       ,            287.4309 ,                   36.5608 ,         0 ,5.0794               ,22.0656          ,22.0656          ,       619.226  ,                1 ,          248.747  ,                   1 ,               35.9131 ,-11.5769                ,-32768               ,                       3755.5036 ,               0.16804  , , , , ,
[2023-02-01T19:04:04.6677799] ,  2228.801  ,01-Feb-2023 19:02:45 ,                248.6089 ,          20.3492 ,             231.6976 ,              619.514  ,         287.9854 ,                37.8416 ,            3729.9168 ,          43.8172 ,-76.0526           ,               35.579   ,-10.5532                 ,6.0276                ,         3729.74 ,     43.8172 ,-76.0526      ,            286.521  ,                   37.1111 ,         0 ,5.7644               ,21.4899          ,21.4899          ,       618.7534 ,                1 ,          248.7253 ,                   1 ,               35.9912 ,-11.6849                ,-32768               ,                       3761.3936 ,               0.16336  , , , , ,
[2023-02-01T19:04:04.6748466] ,  2229.801  ,01-Feb-2023 19:02:46 ,                248.614  ,          19.5639 ,             231.313  ,              619.0248 ,         288.1022 ,                37.9584 ,            3736.0949 ,          43.8171 ,-76.0521           ,               36.7608  ,-10.5911                 ,5.9384                ,         3736.2  ,     43.8171 ,-76.0521      ,            286.0721 ,                   38.2561 ,         0 ,6.0276               ,20.2552          ,20.2552          ,       618.3184 ,                1 ,          248.7295 ,                   1 ,               36.0804 ,-11.7947                ,-32768               ,                       3767.6075 ,               0.15698  , , , , ,
[2023-02-01T19:04:12.9433600] ,  2230.801  ,01-Feb-2023 19:02:47 ,                248.6262 ,          18.9443 ,             231.0064 ,              618.5349 ,         288.2161 ,                38.0829 ,            3742.3176 ,          43.817  ,-76.0517           ,               37.5307  ,-11.2096                 ,6.1582                ,         3742.16 ,     43.817  ,-76.0517      ,            286.6297 ,                   39.169  ,         0 ,5.9384               ,19.9693          ,19.9693          ,       617.7691 ,                1 ,          248.7537 ,                   1 ,               36.175  ,-11.9052                ,-32768               ,                       3773.864  ,               0.15208  , , , , ,
[2023-02-01T19:04:12.9489943] ,  2231.801  ,01-Feb-2023 19:02:48 ,                248.6257 ,          18.6083 ,             230.8301 ,              618.046  ,         288.3265 ,                38.2143 ,            3748.3428 ,          43.8169 ,-76.0512           ,               36.8034  ,-11.8091                 ,6.6572                ,         3749.04 ,     43.8169 ,-76.0512      ,            287.7899 ,                   38.6516 ,         0 ,6.1582               ,19.4786          ,19.4786          ,       617.1681 ,                1 ,          248.7531 ,                   1 ,               36.2766 ,-12.016                 ,-32768               ,                       3780.017  ,               0.14938  , , , , ,
[2023-02-01T19:04:12.9552552] ,  2232.801  ,01-Feb-2023 19:02:49 ,                248.6125 ,          18.3072 ,             230.6586 ,              617.5584 ,         288.4333 ,                38.3525 ,            3753.954  ,          43.8168 ,-76.0508           ,               35.3791  ,-13.1571                 ,5.7116                ,         3753.97 ,     43.8168 ,-76.0508      ,            290.3997 ,                   37.7464 ,         0 ,6.6572               ,19.0211          ,19.0211          ,       616.707  ,                1 ,          248.7368 ,                   1 ,               36.3839 ,-12.1262                ,-32768               ,                       3785.4765 ,               0.14679  , , , , ,
[2023-02-01T19:04:12.9616788] ,  2233.801  ,01-Feb-2023 19:02:50 ,                248.6008 ,          17.8957 ,             230.4257 ,              617.0716 ,         288.5362 ,                38.4975 ,            3759.4195 ,          43.8166 ,-76.0503           ,               34.5355  ,-13.5676                 ,4.8695                ,         3759.08 ,     43.8166 ,-76.0503      ,            291.4479 ,                   37.105  ,         0 ,5.7116               ,18.9513          ,18.9513          ,       616.3256 ,                1 ,          248.7153 ,                   1 ,               36.5    ,-12.2379                ,-32768               ,                       3790.7575 ,               0.1433   , , , , ,
[2023-02-01T19:04:12.9687064] ,  2234.801  ,01-Feb-2023 19:02:51 ,                248.6106 ,          16.9766 ,             229.919  ,              616.5833 ,         288.634  ,                38.649  ,            3765.0544 ,          43.8165 ,-76.0499           ,               33.0647  ,-13.7354                 ,5.3071                ,         3764.86 ,     43.8165 ,-76.0499      ,            292.5585 ,                   35.8042 ,         0 ,4.8695               ,18.9157          ,18.9157          ,       615.8699 ,                1 ,          248.7061 ,                   1 ,               36.6228 ,-12.3498                ,-32768               ,                       3796.4203 ,               0.13585  , , , , ,
[2023-02-01T19:04:12.9735476] ,  2235.801  ,01-Feb-2023 19:02:52 ,                248.6515 ,          15.3679 ,             228.9874 ,              616.092  ,         288.7254 ,                38.8057 ,            3770.8266 ,          43.8164 ,-76.0495           ,               32.5988  ,-13.7285                 ,5.9764                ,         3770.93 ,     43.8164 ,-76.0495      ,            292.8376 ,                   35.3716 ,         0 ,5.3071               ,18.0655          ,18.0655          ,       615.3815 ,                1 ,          248.7604 ,                   1 ,               36.7511 ,-12.4582                ,-32768               ,                       3802.3204 ,               0.12296  , , , , ,
[2023-02-01T19:04:12.9803034] ,  2236.801  ,01-Feb-2023 19:02:53 ,                248.7003 ,          13.6687 ,             227.9009 ,              615.5962 ,         288.8095 ,                38.9662 ,            3776.6978 ,          43.8163 ,-76.0491           ,               32.4688  ,-14.5845                 ,6.084                 ,         3776.67 ,     43.8163 ,-76.0491      ,            294.1889 ,                   35.594  ,         0 ,5.9764               ,16.4031          ,16.4031          ,       614.8322 ,                1 ,          248.8043 ,                   1 ,               36.8849 ,-12.564                 ,-32768               ,                       3808.2494 ,               0.10933  , , , , ,
[2023-02-01T19:04:12.9845417] ,  2237.801  ,01-Feb-2023 19:02:54 ,                248.7451 ,          12.6873 ,             227.227  ,              615.0965 ,         288.8864 ,                39.1288 ,            3782.5617 ,          43.8161 ,-76.0487           ,               32.2829  ,-14.3465                 ,6.1742                ,         3782.97 ,     43.8161 ,-76.0487      ,            293.9603 ,                   35.3272 ,         0 ,6.084                ,14.9726          ,14.9726          ,       614.3163 ,                1 ,          248.8508 ,                   1 ,               37.0232 ,-12.6652                ,-32768               ,                       3814.1537 ,               0.10161  , , , , ,
[2023-02-01T19:04:12.9902448] ,  2238.801  ,01-Feb-2023 19:02:55 ,                248.7871 ,          12.4956 ,             227.117  ,              614.5955 ,         288.9563 ,                39.2916 ,            3788.3808 ,          43.816  ,-76.0483           ,               33.7549  ,-14.3438                 ,6.0548                ,         3788.33 ,     43.816  ,-76.0483      ,            293.0226 ,                   36.6762 ,         0 ,6.1742               ,14.1185          ,14.1185          ,       613.8422 ,                1 ,          248.8882 ,                   1 ,               37.1606 ,-12.7635                ,-32768               ,                       3819.6954 ,               0.10047  , , , , ,
[2023-02-01T19:04:23.2624304] ,  2239.801  ,01-Feb-2023 19:02:56 ,                248.8245 ,          12.6673 ,             227.2781 ,              614.0962 ,         289.0187 ,                39.453  ,            3794.4043 ,          43.8159 ,-76.0478           ,               36.4276  ,-14.1173                 ,6.4056                ,         3793.19 ,     43.8159 ,-76.0479      ,            291.1836 ,                   39.0675 ,         0 ,6.0548               ,13.7668          ,13.7668          ,       613.2995 ,                1 ,          248.9442 ,                   1 ,               37.2992 ,-12.8571                ,-32768               ,                       3825.578  ,               0.10235  , , , , ,
[2023-02-01T19:04:23.2668421] ,  2240.801  ,01-Feb-2023 19:02:57 ,                248.842  ,          12.7853 ,             227.3811 ,              613.6005 ,         289.0729 ,                39.6115 ,            3800.7388 ,          43.8158 ,-76.0474           ,               38.8692  ,-13.325                  ,6.4931                ,         3801.86 ,     43.8158 ,-76.0474      ,            288.9225 ,                   41.0898 ,         0 ,6.4056               ,13.5075          ,13.5075          ,       612.7941 ,                1 ,          248.9585 ,                   1 ,               37.4373 ,-12.9444                ,-32768               ,                       3832.3353 ,               0.1036   , , , , ,
[2023-02-01T19:04:23.2733388] ,  2241.801  ,01-Feb-2023 19:02:58 ,                248.847  ,          12.6109 ,             227.2545 ,              613.1106 ,         289.1186 ,                39.7655 ,            3806.805  ,          43.8156 ,-76.0469           ,               40.2155  ,-13.1352                 ,5.9075                ,         3806.79 ,     43.8156 ,-76.0469      ,            288.0882 ,                   42.3063 ,         0 ,6.4931               ,13.1767          ,13.1767          ,       612.2562 ,                1 ,          248.9568 ,                   1 ,               37.5727 ,-13.0246                ,-32768               ,                       3838.2778 ,               0.10225  , , , , ,
[2023-02-01T19:04:23.2780330] ,  2242.801  ,01-Feb-2023 19:02:59 ,                248.8631 ,          12.1956 ,             226.9494 ,              612.627  ,         289.1557 ,                39.9137 ,            3812.5548 ,          43.8155 ,-76.0463           ,               41.7853  ,-13.5721                 ,5.2085                ,         3812.28 ,     43.8155 ,-76.0463      ,            287.9941 ,                   43.9342 ,         0 ,5.9075               ,13.5188          ,13.5188          ,       611.8127 ,                1 ,          248.959  ,                   1 ,               37.704  ,-13.0975                ,-32768               ,                       3843.8428 ,               0.098939 , , , , ,
[2023-02-01T19:04:23.2831601] ,  2243.801  ,01-Feb-2023 19:03:00 ,                248.9035 ,          11.2627 ,             226.2294 ,              612.1486 ,         289.1847 ,                40.0553 ,            3818.1217 ,          43.8154 ,-76.0458           ,               43.4688  ,-12.8819                 ,5.2387                ,         3818.34 ,     43.8154 ,-76.0458      ,            286.5071 ,                   45.3374 ,         0 ,5.2085               ,12.5669          ,12.5669          ,       611.3641 ,                1 ,          249.0076 ,                   1 ,               37.8302 ,-13.163                 ,-32768               ,                       3849.5914 ,               0.091413 , , , , ,
[2023-02-01T19:04:23.2889272] ,  2244.801  ,01-Feb-2023 19:03:01 ,                248.9602 ,          10.2363 ,             225.3777 ,              611.6728 ,         289.2066 ,                40.1898 ,            3823.5168 ,          43.8153 ,-76.0453           ,               43.9664  ,-13.8573                 ,5.6214                ,         3823.96 ,     43.8153 ,-76.0453      ,            287.4938 ,                   46.0984 ,         0 ,5.2387               ,11.9308          ,11.9308          ,       610.9313 ,                1 ,          249.0451 ,                   1 ,               37.9515 ,-13.2214                ,-32768               ,                       3855.0232 ,               0.083171 , , , , ,
[2023-02-01T19:04:23.2935202] ,  2245.801  ,01-Feb-2023 19:03:02 ,                249.0385 ,           9.6103 ,             224.852  ,              611.1966 ,         289.2227 ,                40.3161 ,            3828.8845 ,          43.8152 ,-76.0447           ,               43.4118  ,-14.0346                 ,5.5362                ,         3828.4  ,     43.8152 ,-76.0447      ,            287.9155 ,                   45.6241 ,         0 ,5.6214               ,11.4017          ,11.4017          ,       610.4849 ,                1 ,          249.1258 ,                   1 ,               38.0692 ,-13.2737                ,-32768               ,                       3860.0789 ,               0.07845  , , , , ,
[2023-02-01T19:04:23.2988022] ,  2246.801  ,01-Feb-2023 19:03:03 ,                249.1291 ,           9.3545 ,             224.6745 ,              610.7189 ,         289.2351 ,                40.4325 ,            3834.6314 ,          43.815  ,-76.0442           ,               42.0569  ,-13.2184                 ,5.8236                ,         3833.91 ,     43.815  ,-76.0442      ,            287.4478 ,                   44.0853 ,         0 ,5.5362               ,10.5056          ,10.5056          ,       610.0284 ,                1 ,          249.2233 ,                   1 ,               38.1766 ,-13.3199                ,-32768               ,                       3865.7177 ,               0.076952 , , , , ,
[2023-02-01T19:04:23.3034028] ,  2247.801  ,01-Feb-2023 19:03:04 ,                249.2109 ,           9.616  ,             224.998  ,              610.2405 ,         289.2452 ,                40.5374 ,            3840.7921 ,          43.8149 ,-76.0437           ,               39.9716  ,-12.0801                 ,6.6263                ,         3840.97 ,     43.8149 ,-76.0437      ,            286.8157 ,                   41.7571 ,         0 ,5.8236               ,10.3037          ,10.3037          ,       609.4321 ,                1 ,          249.3127 ,                   1 ,               38.2727 ,-13.3609                ,-32768               ,                       3872.1747 ,               0.079879 , , , , ,
[2023-02-01T19:04:31.4897690] ,  2248.801  ,01-Feb-2023 19:03:05 ,                249.2684 ,           9.9945 ,             225.406  ,              609.763  ,         289.2538 ,                40.6305 ,            3846.8024 ,          43.8148 ,-76.0432           ,               37.4394  ,-11.1473                 ,6.8657                ,         3847.52 ,     43.8148 ,-76.0432      ,            286.5805 ,                   39.0637 ,         0 ,6.6263               ,10.2734          ,10.2734          ,       608.9225 ,                1 ,          249.3853 ,                   1 ,               38.3571 ,-13.3985                ,-32768               ,                       3878.3862 ,               0.083698 , , , , ,
[2023-02-01T19:04:31.4973951] ,  2249.801  ,01-Feb-2023 19:03:06 ,                249.2942 ,          10.1716 ,             225.5919 ,              609.2869 ,         289.2609 ,                40.7116 ,            3852.2787 ,          43.8147 ,-76.0428           ,               36.0067  ,-11.28                   ,5.6988                ,         3852.4  ,     43.8147 ,-76.0428      ,            287.3944 ,                   37.7322 ,         0 ,6.8657               ,10.5537          ,10.5537          ,       608.44   ,                1 ,          249.4112 ,                   1 ,               38.4336 ,-13.4296                ,-32768               ,                       3883.7462 ,               0.085528 , , , , ,
[2023-02-01T19:04:31.5041593] ,  2250.801  ,01-Feb-2023 19:03:07 ,                249.2972 ,          10.05   ,             225.4815 ,              608.8119 ,         289.2668 ,                40.7804 ,            3857.4181 ,          43.8146 ,-76.0423           ,               36.011   ,-12.0639                 ,4.8897                ,         3857.48 ,     43.8146 ,-76.0423      ,            288.5212 ,                   37.978  ,         0 ,5.6988               ,10.5976          ,10.5976          ,       608.0804 ,                1 ,          249.4241 ,                   1 ,               38.4966 ,-13.4559                ,-32768               ,                       3888.7886 ,               0.084542 , , , , ,
[2023-02-01T19:04:31.5105845] ,  2251.801  ,01-Feb-2023 19:03:08 ,                249.2833 ,           9.7034 ,             225.1416 ,              608.3365 ,         289.272  ,                40.837  ,            3862.5695 ,          43.8145 ,-76.0419           ,               36.4018  ,-12.837                  ,5.2656                ,         3862.52 ,     43.8145 ,-76.0419      ,            289.4251 ,                   38.5989 ,         0 ,4.8897               ,10.3381          ,10.3381          ,       607.6404 ,                1 ,          249.4109 ,                   1 ,               38.5485 ,-13.4782                ,-32768               ,                       3893.797  ,               0.081436 , , , , ,
[2023-02-01T19:04:31.5147367] ,  2252.801  ,01-Feb-2023 19:03:09 ,                249.2618 ,           9.3185 ,             224.7465 ,              607.859  ,         289.2764 ,                40.8815 ,            3868.1311 ,          43.8144 ,-76.0414           ,               36.6304  ,-14.319                  ,5.5589                ,         3867.23 ,     43.8144 ,-76.0414      ,            291.3507 ,                   39.3297 ,         0 ,5.2656               ,9.9604           ,9.9604           ,       607.1209 ,                1 ,          249.3859 ,                   1 ,               38.5899 ,-13.4964                ,-32768               ,                       3899.1809 ,               0.077946 , , , , ,
[2023-02-01T19:04:31.5190172] ,  2253.801  ,01-Feb-2023 19:03:10 ,                249.2483 ,           8.9984 ,             224.4104 ,              607.3793 ,         289.2797 ,                40.9143 ,            3874.3933 ,          43.8142 ,-76.041            ,               36.7255  ,-15.3036                 ,6.6884                ,         3874.22 ,     43.8142 ,-76.041       ,            292.6216 ,                   39.7864 ,         0 ,5.5589               ,9.7063           ,9.7063           ,       606.6265 ,                1 ,          249.3613 ,                   1 ,               38.6201 ,-13.5095                ,-32768               ,                       3905.6695 ,               0.075094 , , , , ,
[2023-02-01T19:04:31.5261302] ,  2254.801  ,01-Feb-2023 19:03:11 ,                249.2527 ,           8.6987 ,             224.0998 ,              606.9023 ,         289.2822 ,                40.9362 ,            3880.946  ,          43.8141 ,-76.0405           ,               37.2286  ,-15.9899                 ,6.2252                ,         3881.73 ,     43.8141 ,-76.0405      ,            293.2438 ,                   40.5172 ,         0 ,6.6884               ,9.1564           ,9.1564           ,       606.1439 ,                1 ,          249.3726 ,                   1 ,               38.6398 ,-13.5183                ,-32768               ,                       3912.4504 ,               0.072547 , , , , ,
[2023-02-01T19:04:31.5308283] ,  2255.801  ,01-Feb-2023 19:03:12 ,                249.2628 ,           8.4981 ,             223.8922 ,              606.4407 ,         289.2844 ,                40.9483 ,            3887.2434 ,          43.8139 ,-76.04             ,               38.7863  ,-16.0921                 ,5.7553                ,         3887.14 ,     43.8139 ,-76.04        ,            292.5331 ,                   41.992  ,         0 ,6.2252               ,8.719            ,8.719            ,       605.6815 ,                1 ,          249.3836 ,                   1 ,               38.6503 ,-13.5237                ,-32768               ,                       3918.4765 ,               0.070905 , , , , ,
[2023-02-01T19:04:31.5366902] ,  2256.801  ,01-Feb-2023 19:03:13 ,                249.2723 ,           8.4149 ,             223.8088 ,              606.0094 ,         289.2874 ,                40.9521 ,            3893.3543 ,          43.8138 ,-76.0395           ,               39.8775  ,-14.8934                 ,6.011                 ,         3892.88 ,     43.8138 ,-76.0395      ,            290.4796 ,                   42.5679 ,         0 ,5.7553               ,8.538            ,8.538            ,       605.0872 ,                1 ,          249.3831 ,                   1 ,               38.6529 ,-13.5259                ,-32768               ,                       3924.3334 ,               0.070284 , , , , ,
[2023-02-01T19:04:40.7907761] ,  2257.801  ,01-Feb-2023 19:03:14 ,                249.2879 ,           8.3005 ,             223.6951 ,              605.6332 ,         289.2923 ,                40.9485 ,            3899.3099 ,          43.8137 ,-76.039            ,               40.7859  ,-13.762                  ,5.8469                ,         3899.44 ,     43.8137 ,-76.039       ,            288.6455 ,                   43.0451 ,         0 ,6.011                ,8.5669           ,8.5669           ,       604.6135 ,                1 ,          249.4048 ,                   1 ,               38.6492 ,-13.5276                ,-32768               ,                       3930.1318 ,               0.06942  , , , , ,
[2023-02-01T19:04:40.8087636] ,  2258.801  ,01-Feb-2023 19:03:15 ,                249.3018 ,           8.0134 ,             223.3818 ,              605.3395 ,         289.2998 ,                40.9378 ,            3904.6521 ,          43.8136 ,-76.0385           ,               41.4716  ,-13.2035                 ,5.1032                ,         3903.89 ,     43.8136 ,-76.0385      ,            287.6601 ,                   43.5227 ,         0 ,5.8469               ,8.3314           ,8.3314           ,       604.191  ,                1 ,          249.4244 ,                   1 ,               38.6377 ,-13.5312                ,-32768               ,                       3935.1125 ,               0.067007 , , , , ,
[2023-02-01T19:04:40.8168309] ,  2259.801  ,01-Feb-2023 19:03:16 ,                249.3084 ,           7.6458 ,             222.9559 ,              605.1581 ,         289.3093 ,                40.9201 ,            3908.9056 ,          43.8134 ,-76.038            ,               42.4942  ,-13.3243                 ,4.5001                ,         3908.42 ,     43.8134 ,-76.038       ,            287.4092 ,                   44.5342 ,         0 ,5.1032               ,8.0343           ,8.0343           ,       603.7822 ,                1 ,          249.4169 ,                   1 ,               38.6183 ,-13.5304                ,-32768               ,                       3939.4957 ,               0.063825 , , , , ,
[2023-02-01T19:04:40.8231068] ,  2260.801  ,01-Feb-2023 19:03:17 ,                249.321  ,           7.3262 ,             222.5753 ,              605.1133 ,         289.3203 ,                40.8963 ,            3910.951  ,          43.8133 ,-76.0375           ,               43.0856  ,-12.949                  ,3.8487                ,         3912.87 ,     43.8133 ,-76.0375      ,            286.7277 ,                   44.9894 ,         0 ,4.5001               ,7.9191           ,7.9191           ,       603.4709 ,                1 ,          249.4349 ,                   1 ,               38.5934 ,-13.5301                ,-32768               ,                       3942.2491 ,               0.061087 , , , , ,
[2023-02-01T19:04:41.6202835] ,  2261.801  ,01-Feb-2023 19:03:18 ,                249.339  ,           7.0218 ,             222.2026 ,              605.2173 ,         289.332  ,                40.8671 ,            3909.6101 ,          43.8132 ,-76.0369           ,               42.6355  ,-13.5504                 ,-1.0325               ,         3911.17 ,     43.8132 ,-76.0369      ,            287.6313 ,                   44.737  ,         0 ,3.8487               ,7.5837           ,7.5837           ,       603.5436 ,                1 ,          249.4464 ,                   1 ,               38.5619 ,-13.5287                ,-32768               ,                       3940.7336 ,               0.058495 , , , , ,
[2023-02-01T19:04:41.6219731] ,  2262.801  ,01-Feb-2023 19:03:19 ,                249.3596 ,           6.861  ,             222.0082 ,              605.4681 ,         289.3426 ,                40.8333 ,            3905.0278 ,          43.8131 ,-76.0364           ,               40.9799  ,-11.6323                 ,-7.8196               ,         3903.84 ,     43.8131 ,-76.0364      ,            285.8468 ,                   42.5988 ,         0 ,-1.0325              ,7.202            ,7.202            ,       604.2537 ,                1 ,          249.4722 ,                   1 ,               38.5287 ,-13.5259                ,-32768               ,                       3935.4567 ,               0.057165 , , , , ,
[2023-02-01T19:04:41.6233091] ,  2263.801  ,01-Feb-2023 19:03:20 ,                249.3716 ,           6.9743 ,             222.1667 ,              605.8481 ,         289.3512 ,                40.7955 ,            3898.631  ,          43.813  ,-76.0359           ,               37.642   ,-11.1554                 ,-4.7134               ,         3898.53 ,     43.813  ,-76.036       ,            286.5074 ,                   39.2602 ,         0 ,-7.8196              ,7.1337           ,7.1337           ,       604.6464 ,                1 ,          249.4947 ,                   1 ,               38.4906 ,-13.5182                ,-32768               ,                       3929.1948 ,               0.058191 , , , , ,
[2023-02-01T19:04:41.6245384] ,  2264.801  ,01-Feb-2023 19:03:21 ,                249.365  ,           7.237  ,             222.4985 ,              606.3316 ,         289.3579 ,                40.7542 ,            3891.3187 ,          43.8129 ,-76.0355           ,               31.2855  ,-11.4382                 ,-7.3612               ,         3890.86 ,     43.8129 ,-76.0354      ,            290.0827 ,                   33.3109 ,         0 ,-4.7134              ,7.0907           ,7.0907           ,       605.4421 ,                1 ,          249.4792 ,                   1 ,               38.4495 ,-13.5091                ,-32768               ,                       3922.2434 ,               0.060425 , , , , ,
[2023-02-01T19:04:41.6257844] ,  2265.801  ,01-Feb-2023 19:03:22 ,                249.3541 ,           7.5361 ,             222.86   ,              606.8895 ,         289.3637 ,                40.7104 ,            3883.528  ,          43.8128 ,-76.035            ,               34.8213  ,-13.5793                 ,-9.8816               ,         3884.08 ,     43.8128 ,-76.0351      ,            291.3044 ,                   37.3754 ,         0 ,-7.3612              ,7.1115           ,7.1115           ,       606.0406 ,                1 ,          249.4646 ,                   1 ,               38.4066 ,-13.4978                ,-32768               ,                       3914.643  ,               0.062944 , , , , ,
[2023-02-01T19:04:49.0620428] ,  2266.801  ,01-Feb-2023 19:03:23 ,                249.3511 ,           7.8487 ,             223.2305 ,              607.4941 ,         289.37   ,                40.6643 ,            3875.6556 ,          43.8126 ,-76.0346           ,               36.0423  ,-15.8245                 ,-10.871               ,         3874.39 ,     43.8126 ,-76.0346      ,            293.7041 ,                   39.3632 ,         0 ,-9.8816              ,7.5782           ,7.5782           ,       606.6535 ,                1 ,          249.4586 ,                   1 ,               38.3623 ,-13.4855                ,-32768               ,                       3906.552  ,               0.065619 , , , , ,
[2023-02-01T19:04:49.0632212] ,  2267.801  ,01-Feb-2023 19:03:24 ,                249.3617 ,           7.9662 ,             223.3756 ,              608.1248 ,         289.378  ,                40.6154 ,            3868.038  ,          43.8125 ,-76.0341           ,               37.7259  ,-18.1692                 ,-7.1412               ,         3868.2  ,     43.8125 ,-76.0341      ,            295.716  ,                   41.8732 ,         0 ,-10.871              ,7.6466           ,7.6466           ,       607.3762 ,                1 ,          249.4554 ,                   1 ,               38.3155 ,-13.4757                ,-32768               ,                       3899.2232 ,               0.066652 , , , , ,
[2023-02-01T19:04:49.0643502] ,  2268.801  ,01-Feb-2023 19:03:25 ,                249.3905 ,           8.0014 ,             223.4393 ,              608.7674 ,         289.3877 ,                40.5626 ,            3860.3491 ,          43.8123 ,-76.0337           ,               34.3355  ,-15.1003                 ,-6.2154               ,         3860.96 ,     43.8123 ,-76.0337      ,            293.7393 ,                   37.5093 ,         0 ,-7.1412              ,7.7807           ,7.7807           ,       608.0235 ,                1 ,          249.4926 ,                   1 ,               38.2618 ,-13.4659                ,-32768               ,                       3891.6672 ,               0.06707  , , , , ,
[2023-02-01T19:04:49.0655614] ,  2269.801  ,01-Feb-2023 19:03:26 ,                249.423  ,           8.1371 ,             223.6204 ,              609.4125 ,         289.3982 ,                40.5054 ,            3852.271  ,          43.8122 ,-76.0332           ,               35.0635  ,-11.7323                 ,-7.9313               ,         3851.41 ,     43.8122 ,-76.0332      ,            288.5003 ,                   36.9743 ,         0 ,-6.2154              ,7.8787           ,7.8787           ,       608.7434 ,                1 ,          249.5226 ,                   1 ,               38.2065 ,-13.453                 ,-32768               ,                       3883.4987 ,               0.068402 , , , , ,
[2023-02-01T19:04:49.0666450] ,  2270.801  ,01-Feb-2023 19:03:27 ,                249.4465 ,           8.3939 ,             223.9262 ,              610.0541 ,         289.4092 ,                40.4429 ,            3843.8606 ,          43.8121 ,-76.0328           ,               36.8906  ,-13.8355                 ,-6.2026               ,         3845.25 ,     43.8121 ,-76.0328      ,            290.5582 ,                   39.3997 ,         0 ,-7.9313              ,7.9451           ,7.9451           ,       609.2262 ,                1 ,          249.5578 ,                   1 ,               38.1443 ,-13.4393                ,-32768               ,                       3875.44   ,               0.070759 , , , , ,
[2023-02-01T19:04:49.0683416] ,  2271.801  ,01-Feb-2023 19:03:28 ,                249.4369 ,           8.8574 ,             224.4165 ,              610.6931 ,         289.4202 ,                40.3747 ,            3834.9087 ,          43.8119 ,-76.0323           ,               37.0583  ,-13.7348                 ,-8.5258               ,         3834.62 ,     43.812  ,-76.0323      ,            290.3361 ,                   39.5217 ,         0 ,-6.2026              ,8.2279           ,8.2279           ,       609.8809 ,                1 ,          249.5835 ,                   1 ,               38.0776 ,-13.4249                ,-32768               ,                       3866.3355 ,               0.074739 , , , , ,
[2023-02-01T19:04:49.0694149] ,  2272.801  ,01-Feb-2023 19:03:29 ,                249.3666 ,           9.4903 ,             225.002  ,              611.3296 ,         289.4309 ,                40.3001 ,            3825.9967 ,          43.8118 ,-76.0318           ,               35.7908  ,-15.4902                 ,-9.3403               ,         3825.76 ,     43.8118 ,-76.0319      ,            293.4028 ,                   38.9991 ,         0 ,-8.5258              ,8.5246           ,8.5246           ,       610.6632 ,                1 ,          249.5034 ,                   1 ,               38.0046 ,-13.4076                ,-32768               ,                       3857.1901 ,               0.079773 , , , , ,
[2023-02-01T19:04:49.0705040] ,  2273.801  ,01-Feb-2023 19:03:30 ,                249.2685 ,          10.1933 ,             225.5908 ,              611.9661 ,         289.4413 ,                40.2188 ,            3817.6718 ,          43.8117 ,-76.0313           ,               42.3265  ,-12.0659                 ,-7.2483               ,         3816.87 ,     43.8117 ,-76.0313      ,            285.9111 ,                   44.0127 ,         0 ,-9.3403              ,9.0444           ,9.0444           ,       611.2099 ,                1 ,          249.3851 ,                   1 ,               37.9253 ,-13.3863                ,-32768               ,                       3848.821  ,               0.085144 , , , , ,
[2023-02-01T19:04:49.0715651] ,  2274.801  ,01-Feb-2023 19:03:31 ,                249.1946 ,          10.8444 ,             226.1125 ,              612.6072 ,         289.4527 ,                40.1303 ,            3810.2051 ,          43.8116 ,-76.0308           ,               42.3958  ,-10.5451                 ,-7.482                ,         3810.15 ,     43.8116 ,-76.0308      ,            283.9677 ,                   43.6876 ,         0 ,-7.2483              ,9.8758           ,9.8758           ,       611.7916 ,                1 ,          249.3037 ,                   1 ,               37.8392 ,-13.3636                ,-32768               ,                       3841.4815 ,               0.090163 , , , , ,
[2023-02-01T19:04:58.3374661] ,  2275.801  ,01-Feb-2023 19:03:32 ,                249.1563 ,          11.23   ,             226.4108 ,              613.2558 ,         289.4662 ,                40.034  ,            3803.197  ,          43.8115 ,-76.0303           ,               42.0205  ,-10.5386                 ,-6.7019               ,         3803.1  ,     43.8115 ,-76.0303      ,            284.0791 ,                   43.3219 ,         0 ,-7.482               ,10.3948          ,10.3948          ,       612.4541 ,                1 ,          249.2674 ,                   1 ,               37.7465 ,-13.341                 ,-32768               ,                       3834.5627 ,               0.093109 , , , , ,
[2023-02-01T19:04:58.3392864] ,  2276.801  ,01-Feb-2023 19:03:33 ,                249.1403 ,          11.4269 ,             226.5619 ,              613.9166 ,         289.482  ,                39.929  ,            3796.0457 ,          43.8114 ,-76.0298           ,               41.7553  ,-11.1129                 ,-7.1462               ,         3796.57 ,     43.8114 ,-76.0298      ,            284.9034 ,                   43.2089 ,         0 ,-6.7019              ,10.7027          ,10.7027          ,       613.0811 ,                1 ,          249.2388 ,                   1 ,               37.643  ,-13.3174                ,-32768               ,                       3827.51   ,               0.094583 , , , , ,
[2023-02-01T19:04:58.3408191] ,  2277.801  ,01-Feb-2023 19:03:34 ,                249.1372 ,          11.711  ,             226.7921 ,              614.593  ,         289.4996 ,                39.8146 ,            3788.1972 ,          43.8113 ,-76.0292           ,               41.8982  ,-11.8628                 ,-6.9515               ,         3788.43 ,     43.8113 ,-76.0292      ,            285.8087 ,                   43.5452 ,         0 ,-7.1462              ,10.9572          ,10.9572          ,       613.6472 ,                1 ,          249.2546 ,                   1 ,               37.5316 ,-13.2899                ,-32768               ,                       3819.7525 ,               0.096921 , , , , ,
[2023-02-01T19:04:58.3424893] ,  2278.801  ,01-Feb-2023 19:03:35 ,                249.1157 ,          12.1983 ,             227.1616 ,              615.2838 ,         289.5188 ,                39.6907 ,            3779.3901 ,          43.8112 ,-76.0287           ,               41.83    ,-13.8486                 ,-8.5393               ,         3780.42 ,     43.8112 ,-76.0287      ,            288.3181 ,                   44.0628 ,         0 ,-6.9515              ,11.2265          ,11.2265          ,       614.2885 ,                1 ,          249.248  ,                   1 ,               37.4088 ,-13.2613                ,-32768               ,                       3811.1413 ,               0.10085  , , , , ,
[2023-02-01T19:04:58.3439347] ,  2279.801  ,01-Feb-2023 19:03:36 ,                249.0655 ,          12.8659 ,             227.6278 ,              615.9813 ,         289.5394 ,                39.5574 ,            3770.1268 ,          43.811  ,-76.0283           ,               39.3853  ,-15.3666                 ,-11.1667              ,         3769.93 ,     43.811  ,-76.0283      ,            291.3138 ,                   42.2769 ,         0 ,-8.5393              ,11.7452          ,11.7452          ,       615.2495 ,                1 ,          249.1711 ,                   1 ,               37.2793 ,-13.2304                ,-32768               ,                       3801.5327 ,               0.10604  , , , , ,
[2023-02-01T19:04:58.3453213] ,  2280.801  ,01-Feb-2023 19:03:37 ,                249.027  ,          13.5877 ,             228.1182 ,              616.6757 ,         289.5615 ,                39.4145 ,            3761.2482 ,          43.8109 ,-76.0279           ,               30.9158  ,-15.9797                 ,-7.8726               ,         3760.17 ,     43.8109 ,-76.0279      ,            297.3334 ,                   34.8014 ,         0 ,-11.1667             ,12.2856          ,12.2856          ,       616.0023 ,                1 ,          249.1281 ,                   1 ,               37.1394 ,-13.1965                ,-32768               ,                       3792.2558 ,               0.11176  , , , , ,
[2023-02-01T19:04:58.3469030] ,  2281.801  ,01-Feb-2023 19:03:38 ,                249.0178 ,          14.2774 ,             228.5865 ,              617.3581 ,         289.5853 ,                39.2613 ,            3753.5474 ,          43.8108 ,-76.0274           ,               32.8992  ,-16.5937                 ,-7.4079               ,         3752.66 ,     43.8107 ,-76.0274      ,            296.7655 ,                   36.8471 ,         0 ,-7.8726              ,13.0916          ,13.0916          ,       616.923  ,                1 ,          249.1182 ,                   1 ,               36.9902 ,-13.1603                ,-32768               ,                       3784.4949 ,               0.11749  , , , , ,
[2023-02-01T19:04:58.3483630] ,  2282.801  ,01-Feb-2023 19:03:39 ,                249.0351 ,          14.8008 ,             228.9486 ,              618.0229 ,         289.6111 ,                39.0975 ,            3746.9504 ,          43.8106 ,-76.027            ,               35.4314  ,-14.819                  ,-6.6045               ,         3746.01 ,     43.8106 ,-76.027       ,            292.6968 ,                   38.4056 ,         0 ,-7.4079              ,13.829           ,13.829           ,       617.3792 ,                1 ,          249.1142 ,                   1 ,               36.8304 ,-13.1227                ,-32768               ,                       3778.4941 ,               0.12206  , , , , ,
[2023-02-01T19:04:58.3502924] ,  2283.801  ,01-Feb-2023 19:03:40 ,                249.0729 ,          15.2057 ,             229.2418 ,              618.6709 ,         289.6386 ,                38.9227 ,            3740.4329 ,          43.8105 ,-76.0266           ,               38.2854  ,-10.3595                 ,-4.7529               ,         3743.94 ,     43.8105 ,-76.0266      ,            285.1408 ,                   39.6622 ,         0 ,-6.6045              ,14.3035          ,14.3035          ,       617.8291 ,                1 ,          249.1895 ,                   1 ,               36.659  ,-13.0821                ,-32768               ,                       3772.7224 ,               0.12587  , , , , ,
[2023-02-01T19:05:07.6023336] ,  2284.801  ,01-Feb-2023 19:03:41 ,                249.0889 ,          15.6706 ,             229.5476 ,              619.3085 ,         289.6675 ,                38.7373 ,            3732.7309 ,          43.8104 ,-76.0261           ,               33.5366  ,-12.6166                 ,-10.2038              ,         3731.56 ,     43.8104 ,-76.0261      ,            290.6165 ,                   35.8313 ,         0 ,-4.7529              ,14.5969          ,14.5969          ,       618.52   ,                1 ,          249.1956 ,                   1 ,               36.4777 ,-13.0372                ,-32768               ,                       3764.1242 ,               0.12995  , , , , ,
[2023-02-01T19:05:07.6037328] ,  2285.801  ,01-Feb-2023 19:03:42 ,                249.0801 ,          16.3274 ,             229.9397 ,              619.9457 ,         289.6976 ,                38.5425 ,            3724.7253 ,          43.8103 ,-76.0256           ,               38.7043  ,-11.9961                 ,-6.8368               ,         3724.01 ,     43.8103 ,-76.0256      ,            287.2205 ,                   40.5207 ,         0 ,-10.2038             ,15.1711          ,15.1711          ,       619.139  ,                1 ,          249.1809 ,                   1 ,               36.287  ,-12.9907                ,-32768               ,                       3755.7289 ,               0.13541  , , , , ,
[2023-02-01T19:05:07.6048480] ,  2286.801  ,01-Feb-2023 19:03:43 ,                249.0941 ,          17.1107 ,             230.4095 ,              620.5911 ,         289.7286 ,                38.3397 ,            3716.8165 ,          43.8102 ,-76.0252           ,               39.0526  ,-11.9492                 ,-7.2577               ,         3717.09 ,     43.8102 ,-76.0252      ,            287.0129 ,                   40.8398 ,         0 ,-6.8368              ,15.8383          ,15.8383          ,       619.6935 ,                1 ,          249.1914 ,                   1 ,               36.0893 ,-12.942                 ,-32768               ,                       3748.1923 ,               0.14224  , , , , ,
[2023-02-01T19:05:07.6059142] ,  2287.801  ,01-Feb-2023 19:03:44 ,                249.1256 ,          17.852  ,             230.8524 ,              621.2506 ,         289.7598 ,                38.1303 ,            3708.8564 ,          43.8101 ,-76.0247           ,               38.5816  ,-12.433                  ,-7.8686               ,         3708.84 ,     43.8101 ,-76.0247      ,            287.8616 ,                   40.5354 ,         0 ,-7.2577              ,16.3751          ,16.3751          ,       620.3877 ,                1 ,          249.2156 ,                   1 ,               35.8849 ,-12.8922                ,-32768               ,                       3740.2501 ,               0.14896  , , , , ,
[2023-02-01T19:05:07.6070475] ,  2288.801  ,01-Feb-2023 19:03:45 ,                249.1831 ,          18.5147 ,             231.2607 ,              621.9304 ,         289.7903 ,                37.9154 ,            3700.7164 ,          43.81   ,-76.0242           ,               39.176   ,-13.8033                 ,-7.9436               ,         3700.28 ,     43.81   ,-76.0242      ,            289.4095 ,                   41.5367 ,         0 ,-7.8686              ,16.9311          ,16.9311          ,       621.0323 ,                1 ,          249.2709 ,                   1 ,               35.6758 ,-12.8369                ,-32768               ,                       3732.2218 ,               0.15539  , , , , ,
[2023-02-01T19:05:07.6083393] ,  2289.801  ,01-Feb-2023 19:03:46 ,                249.2537 ,          19.0972 ,             231.6276 ,              622.6296 ,         289.8205 ,                37.6967 ,            3692.2958 ,          43.8098 ,-76.0237           ,               38.7481  ,-15.1721                 ,-7.5389               ,         3693.78 ,     43.8098 ,-76.0237      ,            291.3832 ,                   41.6126 ,         0 ,-7.9436              ,17.3441          ,17.3441          ,       621.7476 ,                1 ,          249.3473 ,                   1 ,               35.4629 ,-12.7811                ,-32768               ,                       3724.064  ,               0.16135  , , , , ,
[2023-02-01T19:05:07.6096832] ,  2290.801  ,01-Feb-2023 19:03:47 ,                249.2767 ,          19.5642 ,             231.8867 ,              623.3484 ,         289.8504 ,                37.4752 ,            3683.2827 ,          43.8097 ,-76.0233           ,               36.7487  ,-16.0051                 ,-9.5705               ,         3682.53 ,     43.8097 ,-76.0232      ,            293.5344 ,                   40.0828 ,         0 ,-7.5389              ,18.1813          ,18.1813          ,       622.4855 ,                1 ,          249.3751 ,                   1 ,               35.2485 ,-12.7256                ,-32768               ,                       3714.7017 ,               0.16562  , , , , ,
[2023-02-01T19:05:07.6108572] ,  2291.801  ,01-Feb-2023 19:03:48 ,                249.2619 ,          19.6834 ,             231.9343 ,              624.0814 ,         289.8793 ,                37.2513 ,            3674.3693 ,          43.8095 ,-76.0229           ,               34.0016  ,-17.1175                 ,-9.6045               ,         3674.08 ,     43.8095 ,-76.0228      ,            296.7222 ,                   38.0673 ,         0 ,-9.5705              ,18.7721          ,18.7721          ,       623.2352 ,                1 ,          249.3601 ,                   1 ,               35.0324 ,-12.6679                ,-32768               ,                       3705.6659 ,               0.16626  , , , , ,
[2023-02-01T19:05:07.6120913] ,  2292.801  ,01-Feb-2023 19:03:49 ,                249.267  ,          19.4248 ,             231.8075 ,              624.8225 ,         289.9067 ,                37.026  ,            3665.7737 ,          43.8094 ,-76.0225           ,               30.4495  ,-13.7003                 ,-8.6952               ,         3665.52 ,     43.8094 ,-76.0225      ,            294.2247 ,                   33.3897 ,         0 ,-9.6045              ,18.886           ,18.886           ,       624.0879 ,                1 ,          249.3621 ,                   1 ,               34.8138 ,-12.6063                ,-32768               ,                       3697.3174 ,               0.16386  , , , , ,
[2023-02-01T19:05:15.8919733] ,  2293.801  ,01-Feb-2023 19:03:50 ,                249.3108 ,          19.1156 ,             231.6865 ,              625.5652 ,         289.9328 ,                36.8008 ,            3657.4505 ,          43.8093 ,-76.0221           ,               31.0081  ,-6.1057                  ,-7.0868               ,         3658.14 ,     43.8093 ,-76.0221      ,            281.1395 ,                   31.6035 ,         0 ,-8.6952              ,18.8699          ,18.8699          ,       624.8203 ,                1 ,          249.4037 ,                   1 ,               34.596  ,-12.5465                ,-32768               ,                       3689.1185 ,               0.16159  , , , , ,
[2023-02-01T19:05:15.8944960] ,  2294.801  ,01-Feb-2023 19:03:51 ,                249.348  ,          19.0464 ,             231.6827 ,              626.3058 ,         289.9574 ,                36.5775 ,            3649.3205 ,          43.8092 ,-76.0217           ,               33.3824  ,-12.2032                 ,-8.3322               ,         3648.29 ,     43.8092 ,-76.0217      ,            290.0803 ,                   35.543  ,         0 ,-7.0868              ,18.8574          ,18.8574          ,       625.5296 ,                1 ,          249.4356 ,                   1 ,               34.3801 ,-12.4848                ,-32768               ,                       3680.8386 ,               0.16134  , , , , ,
[2023-02-01T19:05:15.8996195] ,  2295.801  ,01-Feb-2023 19:03:52 ,                249.3993 ,          19.1182 ,             231.7642 ,              627.0417 ,         289.9806 ,                36.358  ,            3641.3982 ,          43.8092 ,-76.0212           ,               32.6445  ,-9.2494                  ,-6.8742               ,         3642.66 ,     43.8092 ,-76.0212      ,            285.8194 ,                   33.9295 ,         0 ,-8.3322              ,18.9038          ,18.9038          ,       626.3773 ,                1 ,          249.4827 ,                   1 ,               34.169  ,-12.4229                ,-32768               ,                       3673.0285 ,               0.16254  , , , , ,
[2023-02-01T19:05:15.9009326] ,  2296.801  ,01-Feb-2023 19:03:53 ,                249.473  ,          19.2326 ,             231.8869 ,              627.7709 ,         290.0032 ,                36.1435 ,            3633.3718 ,          43.8091 ,-76.0208           ,               35.4699  ,-8.7253                  ,-12.446               ,         3632.02 ,     43.8091 ,-76.0208      ,            283.8198 ,                   36.5273 ,         0 ,-6.8742              ,18.935           ,18.935           ,       626.9325 ,                1 ,          249.5533 ,                   1 ,               33.9624 ,-12.3626                ,-32768               ,                       3664.6891 ,               0.16446  , , , , ,
[2023-02-01T19:05:15.9045985] ,  2297.801  ,01-Feb-2023 19:03:54 ,                249.5609 ,          19.3287 ,             232.0125 ,              628.4951 ,         290.0251 ,                35.9345 ,            3625.4114 ,          43.809  ,-76.0204           ,               30.352   ,-8.4564                  ,-5.0152               ,         3625.84 ,     43.809  ,-76.0204      ,            285.5685 ,                   31.508  ,         0 ,-12.446              ,19.0076          ,19.0076          ,       627.6858 ,                1 ,          249.6416 ,                   1 ,               33.7617 ,-12.3058                ,-32768               ,                       3657.1534 ,               0.16645  , , , , ,
[2023-02-01T19:05:15.9059658] ,  2298.801  ,01-Feb-2023 19:03:55 ,                249.6334 ,          19.3851 ,             232.104  ,              629.2147 ,         290.0457 ,                35.7305 ,            3617.1542 ,          43.8089 ,-76.02             ,               33.2728  ,-14.7593                 ,-6.5063               ,         3618.7  ,     43.8089 ,-76.02        ,            293.9213 ,                   36.3994 ,         0 ,-5.0152              ,19.2308          ,19.2308          ,       628.4128 ,                1 ,          249.7137 ,                   1 ,               33.5663 ,-12.2486                ,-32768               ,                       3649.1827 ,               0.16787  , , , , ,
[2023-02-01T19:05:15.9070616] ,  2299.801  ,01-Feb-2023 19:03:56 ,                249.6982 ,          19.4443 ,             232.1903 ,              629.929  ,         290.0654 ,                35.5314 ,            3608.4546 ,          43.8087 ,-76.0196           ,               33.9004  ,-14.903                  ,-9.8236               ,         3607.45 ,     43.8087 ,-76.0196      ,            293.7308 ,                   37.0316 ,         0 ,-6.5063              ,19.1227          ,19.1227          ,       629.2493 ,                1 ,          249.7808 ,                   1 ,               33.3767 ,-12.191                 ,-32768               ,                       3639.804  ,               0.16921  , , , , ,
[2023-02-01T19:05:15.9082178] ,  2300.801  ,01-Feb-2023 19:03:57 ,                249.7719 ,          19.5446 ,             232.3052 ,              630.6396 ,         290.0857 ,                35.3378 ,            3600.0618 ,          43.8086 ,-76.0192           ,               32.883   ,-17.0346                 ,-8.0582               ,         3599.13 ,     43.8086 ,-76.0192      ,            297.3859 ,                   37.0334 ,         0 ,-9.8236              ,19.0878          ,19.0878          ,       629.7955 ,                1 ,          249.8613 ,                   1 ,               33.1875 ,-12.1349                ,-32768               ,                       3631.2339 ,               0.17106  , , , , ,
[2023-02-01T19:05:15.9097079] ,  2301.801  ,01-Feb-2023 19:03:58 ,                249.7987 ,          19.6622 ,             232.3882 ,              631.3464 ,         290.1082 ,                35.1513 ,            3592.2262 ,          43.8085 ,-76.0188           ,               31.2862  ,-16.9457                 ,-7.2149               ,         3592.31 ,     43.8084 ,-76.0188      ,            298.4415 ,                   35.5807 ,         0 ,-8.0582              ,19.2392          ,19.2392          ,       630.5775 ,                1 ,          249.8868 ,                   1 ,               33.008  ,-12.084                 ,-32768               ,                       3623.9557 ,               0.17236  , , , , ,
[2023-02-01T19:05:25.1573338] ,  2302.801  ,01-Feb-2023 19:03:59 ,                249.8284 ,          19.7348 ,             232.4506 ,              632.0486 ,         290.1335 ,                34.9732 ,            3584.4948 ,          43.8083 ,-76.0184           ,               29.7791  ,-10.2336                 ,-6.8577               ,         3585.74 ,     43.8083 ,-76.0184      ,            288.9652 ,                   31.4884 ,         0 ,-7.2149              ,19.5204          ,19.5204          ,       631.3633 ,                1 ,          249.9153 ,                   1 ,               32.8351 ,-12.0377                ,-32768               ,                       3616.5389 ,               0.1733   , , , , ,
[2023-02-01T19:05:25.1589420] ,  2303.801  ,01-Feb-2023 19:04:00 ,                249.8994 ,          19.531  ,             232.4087 ,              632.7482 ,         290.1613 ,                34.8037 ,            3576.3395 ,          43.8082 ,-76.018            ,               35.2338  ,-8.0804                  ,-8.6389               ,         3576.16 ,     43.8083 ,-76.018       ,            282.9167 ,                   36.1484 ,         0 ,-6.8577              ,19.6518          ,19.6518          ,       631.8362 ,                1 ,          249.989  ,                   1 ,               32.6718 ,-11.9952                ,-32768               ,                       3607.937  ,               0.17235  , , , , ,
[2023-02-01T19:05:25.1606415] ,  2304.801  ,01-Feb-2023 19:04:01 ,                249.9429 ,          18.7812 ,             232.0568 ,              633.4467 ,         290.1913 ,                34.6419 ,            3568.1723 ,          43.8082 ,-76.0176           ,               30.9594  ,-11.014                  ,-9.9603               ,         3567.15 ,     43.8081 ,-76.0176      ,            289.5834 ,                   32.8602 ,         0 ,-8.6389              ,19.6156          ,19.6156          ,       632.6584 ,                1 ,          250.0333 ,                   1 ,               32.5128 ,-11.9576                ,-32768               ,                       3599.4709 ,               0.16592  , , , , ,
[2023-02-01T19:05:25.1622279] ,  2305.801  ,01-Feb-2023 19:04:02 ,                249.9753 ,          17.407  ,             231.3325 ,              634.1438 ,         290.2227 ,                34.4873 ,            3560.2888 ,          43.8081 ,-76.0172           ,               34.0967  ,-9.8596                  ,-5.5855               ,         3560.55 ,     43.8081 ,-76.0172      ,            286.1281 ,                   35.4936 ,         0 ,-9.9603              ,19.5065          ,19.5065          ,       633.4128 ,                1 ,          250.0684 ,                   1 ,               32.3609 ,-11.9215                ,-32768               ,                       3592.0705 ,               0.15355  , , , , ,
[2023-02-01T19:05:25.1636733] ,  2306.801  ,01-Feb-2023 19:04:03 ,                249.9948 ,          15.6335 ,             230.2935 ,              634.8398 ,         290.2554 ,                34.3394 ,            3552.2947 ,          43.808  ,-76.0168           ,               32.4429  ,-7.736                   ,-8.0196               ,         3553.61 ,     43.808  ,-76.0168      ,            283.4117 ,                   33.3525 ,         0 ,-5.5855              ,17.5459          ,17.5459          ,       633.9207 ,                1 ,          250.0853 ,                   1 ,               32.2166 ,-11.8885                ,-32768               ,                       3584.3085 ,               0.13734  , , , , ,
[2023-02-01T19:05:25.1661075] ,  2307.801  ,01-Feb-2023 19:04:04 ,                250.0403 ,          14.4766 ,             229.5824 ,              635.5352 ,         290.2902 ,                34.1979 ,            3544.1575 ,          43.8079 ,-76.0164           ,               32.9606  ,-10.9767                 ,-9.0544               ,         3542.92 ,     43.8079 ,-76.0164      ,            288.419  ,                   34.7403 ,         0 ,-8.0196              ,15.8625          ,15.8625          ,       634.862  ,                1 ,          250.1313 ,                   1 ,               32.0764 ,-11.8577                ,-32768               ,                       3575.6197 ,               0.12711  , , , , ,
[2023-02-01T19:05:25.1677872] ,  2308.801  ,01-Feb-2023 19:04:05 ,                250.0895 ,          14.3628 ,             229.5472 ,              636.2321 ,         290.3269 ,                34.0627 ,            3536.3958 ,          43.8078 ,-76.016            ,               31.2164  ,-15.5309                 ,-7.5792               ,         3536.31 ,     43.8078 ,-76.016       ,            296.4514 ,                   34.8665 ,         0 ,-9.0544              ,15.3384          ,15.3384          ,       635.5173 ,                1 ,          250.182  ,                   1 ,               31.9406 ,-11.8333                ,-32768               ,                       3567.8567 ,               0.12649  , , , , ,
[2023-02-01T19:05:25.1693231] ,  2309.801  ,01-Feb-2023 19:04:06 ,                250.1212 ,          14.6339 ,             229.7557 ,              636.9305 ,         290.3644 ,                33.9338 ,            3528.937  ,          43.8076 ,-76.0156           ,               30.344   ,-15.2984                 ,-7.9696               ,         3528.91 ,     43.8076 ,-76.0156      ,            296.7557 ,                   33.9823 ,         0 ,-7.5792              ,15.0409          ,15.0409          ,       635.9528 ,                1 ,          250.2123 ,                   1 ,               31.8121 ,-11.8086                ,-32768               ,                       3560.5187 ,               0.12922  , , , , ,
[2023-02-01T19:05:25.1706239] ,  2310.801  ,01-Feb-2023 19:04:07 ,                250.1452 ,          14.8167 ,             229.897  ,              637.6323 ,         290.4019 ,                33.8106 ,            3521.4214 ,          43.8075 ,-76.0152           ,               28.8427  ,-11.5609                 ,-7.1593               ,         3521.18 ,     43.8075 ,-76.0153      ,            291.8422 ,                   31.0734 ,         0 ,-7.9696              ,14.8653          ,14.8653          ,       636.8046 ,                1 ,          250.2306 ,                   1 ,               31.6901 ,-11.7862                ,-32768               ,                       3553.1791 ,               0.13105  , , , , ,
[2023-02-01T19:05:34.4104116] ,  2311.801  ,01-Feb-2023 19:04:08 ,                250.2231 ,          14.8756 ,             230.0015 ,              638.3386 ,         290.4392 ,                33.6921 ,            3513.4332 ,          43.8074 ,-76.0148           ,               34.1099  ,-9.0096                  ,-6.041                ,         3514.95 ,     43.8074 ,-76.0148      ,            284.7959 ,                   35.2797 ,         0 ,-7.1593              ,14.9078          ,14.9078          ,       637.5065 ,                1 ,          250.3084 ,                   1 ,               31.5715 ,-11.7665                ,-32768               ,                       3545.5173 ,               0.13238  , , , , ,
[2023-02-01T19:05:34.4136916] ,  2312.801  ,01-Feb-2023 19:04:09 ,                250.2949 ,          14.7182 ,             229.9583 ,              639.0477 ,         290.4759 ,                33.577  ,            3504.7107 ,          43.8073 ,-76.0144           ,               31.7558  ,-12.2372                 ,-9.22                 ,         3504.38 ,     43.8073 ,-76.0144      ,            291.0743 ,                   34.0321 ,         0 ,-6.041               ,14.8155          ,14.8155          ,       638.2461 ,                1 ,          250.3776 ,                   1 ,               31.4551 ,-11.7455                ,-32768               ,                       3536.469  ,               0.13162  , , , , ,
[2023-02-01T19:05:34.4146895] ,  2313.801  ,01-Feb-2023 19:04:10 ,                250.3577 ,          14.241  ,             229.6902 ,              639.7581 ,         290.5122 ,                33.4646 ,            3495.8181 ,          43.8072 ,-76.014            ,               35.5888  ,-10.8102                 ,-9.5561               ,         3495.51 ,     43.8072 ,-76.014       ,            286.8963 ,                   37.1944 ,         0 ,-9.22                ,14.7316          ,14.7316          ,       638.9595 ,                1 ,          250.4388 ,                   1 ,               31.3426 ,-11.7258                ,-32768               ,                       3527.331  ,               0.12775  , , , , ,
[2023-02-01T19:05:34.4158200] ,  2314.801  ,01-Feb-2023 19:04:11 ,                250.4264 ,          13.3977 ,             229.1555 ,              640.4674 ,         290.5486 ,                33.3539 ,            3487.3862 ,          43.8071 ,-76.0136           ,               30.6021  ,-10.3261                 ,-8.9529               ,         3486.71 ,     43.8071 ,-76.0136      ,            288.646  ,                   32.2973 ,         0 ,-9.5561              ,14.2397          ,14.2397          ,       639.723  ,                1 ,          250.5084 ,                   1 ,               31.2322 ,-11.7068                ,-32768               ,                       3518.8398 ,               0.12045  , , , , ,
[2023-02-01T19:05:34.4171165] ,  2315.801  ,01-Feb-2023 19:04:12 ,                250.5107 ,          12.3566 ,             228.4449 ,              641.1738 ,         290.5846 ,                33.2436 ,            3479.5658 ,          43.807  ,-76.0132           ,               31.1567  ,-12.7246                 ,-8.5361               ,         3479.2  ,     43.807  ,-76.0132      ,            292.2154 ,                   33.6549 ,         0 ,-8.9529              ,13.6866          ,13.6866          ,       640.4682 ,                1 ,          250.5999 ,                   1 ,               31.1239 ,-11.6876                ,-32768               ,                       3511.2646 ,               0.11139  , , , , ,
[2023-02-01T19:05:34.4182400] ,  2316.801  ,01-Feb-2023 19:04:13 ,                250.5383 ,          11.2951 ,             227.6066 ,              641.881  ,         290.6185 ,                33.1325 ,            3472.0829 ,          43.8069 ,-76.0129           ,               28.8626  ,-13.1356                 ,-7.2823               ,         3472.94 ,     43.8069 ,-76.0129      ,            294.4706 ,                   31.7111 ,         0 ,-8.5361              ,12.8556          ,12.8556          ,       641.0527 ,                1 ,          250.6267 ,                   1 ,               31.0098 ,-11.6672                ,-32768               ,                       3504.0705 ,               0.10152  , , , , ,
[2023-02-01T19:05:34.4200801] ,  2317.801  ,01-Feb-2023 19:04:14 ,                250.5607 ,          10.406  ,             226.8444 ,              642.5925 ,         290.6469 ,                33.0213 ,            3464.3498 ,          43.8068 ,-76.0125           ,               28.8591  ,-10.4771                 ,-7.5087               ,         3464.28 ,     43.8068 ,-76.0125      ,            289.953  ,                   30.7021 ,         0 ,-7.2823              ,11.836           ,11.836           ,       641.6638 ,                1 ,          250.6475 ,                   1 ,               30.8991 ,-11.644                 ,-32768               ,                       3496.2115 ,               0.093235 , , , , ,
[2023-02-01T19:05:34.4211664] ,  2318.801  ,01-Feb-2023 19:04:15 ,                250.6333 ,           9.8576 ,             226.3911 ,              643.3084 ,         290.6662 ,                32.9103 ,            3456.233  ,          43.8067 ,-76.0121           ,               31.0522  ,-10.2199                 ,-8.1429               ,         3456.63 ,     43.8067 ,-76.0121      ,            288.2175 ,                   32.6907 ,         0 ,-7.5087              ,11.0567          ,11.0567          ,       642.3478 ,                1 ,          250.7198 ,                   1 ,               30.7919 ,-11.6169                ,-32768               ,                       3487.9366 ,               0.088564 , , , , ,
[2023-02-01T19:05:34.4228208] ,  2319.801  ,01-Feb-2023 19:04:16 ,                250.6841 ,           9.5697 ,             226.1527 ,              644.0287 ,         290.674  ,                32.7993 ,            3447.9194 ,          43.8066 ,-76.0117           ,               30.7858  ,-12.415                  ,-9.8971               ,         3446.95 ,     43.8066 ,-76.0118      ,            291.9628 ,                   33.1949 ,         0 ,-8.1429              ,10.3434          ,10.3434          ,       643.2427 ,                1 ,          250.7661 ,                   1 ,               30.6884 ,-11.579                 ,-32768               ,                       3479.5256 ,               0.086148 , , , , ,
[2023-02-01T19:05:43.6646651] ,  2320.801  ,01-Feb-2023 19:04:17 ,                250.7623 ,           9.4818 ,             226.1292 ,              644.7509 ,         290.6707 ,                32.6878 ,            3439.518  ,          43.8065 ,-76.0114           ,               31.6773  ,-10.6292                 ,-6.1318               ,         3440.61 ,     43.8065 ,-76.0113      ,            288.549  ,                   33.413  ,         0 ,-9.8971              ,10.027           ,10.027           ,       644.0696 ,                1 ,          250.8516 ,                   1 ,               30.5826 ,-11.5387                ,-32768               ,                       3471.4767 ,               0.085827 , , , , ,
[2023-02-01T19:05:43.6684542] ,  2321.801  ,01-Feb-2023 19:04:18 ,                250.7994 ,           9.533  ,             226.2103 ,              645.4711 ,         290.6557 ,                32.5761 ,            3430.8064 ,          43.8064 ,-76.011            ,               30.9355  ,-10.7101                 ,-9.1289               ,         3430.61 ,     43.8064 ,-76.011       ,            289.0963 ,                   32.7371 ,         0 ,-6.1318              ,9.7462           ,9.7462           ,       644.6434 ,                1 ,          250.8935 ,                   1 ,               30.4817 ,-11.491                 ,-32768               ,                       3462.6322 ,               0.086509 , , , , ,
[2023-02-01T19:05:43.6718661] ,  2322.801  ,01-Feb-2023 19:04:19 ,                250.8029 ,           9.6795 ,             226.3571 ,              646.1835 ,         290.6288 ,                32.4635 ,            3422.1669 ,          43.8063 ,-76.0106           ,               31.9247  ,-8.5234                  ,-9.3163               ,         3421.49 ,     43.8064 ,-76.0106      ,            284.9484 ,                   33.0429 ,         0 ,-9.1289              ,9.5917           ,9.5917           ,       645.3376 ,                1 ,          250.9015 ,                   1 ,               30.3827 ,-11.4377                ,-32768               ,                       3453.9841 ,               0.087837 , , , , ,
[2023-02-01T19:05:43.6754846] ,  2323.801  ,01-Feb-2023 19:04:20 ,                250.796  ,           9.8544 ,             226.5208 ,              646.8837 ,         290.5895 ,                32.3496 ,            3413.8522 ,          43.8062 ,-76.0102           ,               30.6378  ,-16.0659                 ,-7.8294               ,         3415.12 ,     43.8062 ,-76.0102      ,            297.6717 ,                   34.5947 ,         0 ,-9.3163              ,9.9015           ,9.9015           ,       646.1497 ,                1 ,          250.8938 ,                   1 ,               30.2838 ,-11.3769                ,-32768               ,                       3445.9207 ,               0.089353 , , , , ,
[2023-02-01T19:05:43.6789897] ,  2324.801  ,01-Feb-2023 19:04:21 ,                250.8073 ,           9.777  ,             226.4554 ,              647.5716 ,         290.5377 ,                32.2341 ,            3405.8096 ,          43.8061 ,-76.0098           ,               29.3218  ,-14.2734                 ,-9.5767               ,         3404.52 ,     43.8061 ,-76.0098      ,            295.9562 ,                   32.6113 ,         0 ,-7.8294              ,9.9116           ,9.9116           ,       646.9411 ,                1 ,          250.9064 ,                   1 ,               30.1847 ,-11.3074                ,-32768               ,                       3437.4497 ,               0.088612 , , , , ,
[2023-02-01T19:05:43.6823610] ,  2325.801  ,01-Feb-2023 19:04:22 ,                250.8322 ,           9.4389 ,             226.1434 ,              648.2474 ,         290.473  ,                32.1173 ,            3398.5915 ,          43.806  ,-76.0095           ,               26.5088  ,-11.1158                 ,-7.448                ,         3398.14 ,     43.806  ,-76.0095      ,            292.7495 ,                   28.745  ,         0 ,-9.5767              ,9.7822           ,9.7822           ,       647.5953 ,                1 ,          250.9374 ,                   1 ,               30.0886 ,-11.2327                ,-32768               ,                       3430.3415 ,               0.085499 , , , , ,
[2023-02-01T19:05:43.6854632] ,  2326.801  ,01-Feb-2023 19:04:23 ,                250.8028 ,           9.0834 ,             225.758  ,              648.9147 ,         290.3944 ,                31.9989 ,            3392.0835 ,          43.8059 ,-76.0091           ,               26.774   ,-12.2574                 ,-6.8767               ,         3392.91 ,     43.8059 ,-76.0092      ,            294.5987 ,                   29.4464 ,         0 ,-7.448               ,9.4118           ,9.4118           ,       648.0084 ,                1 ,          250.9056 ,                   1 ,               29.9939 ,-11.1511                ,-32768               ,                       3424.1608 ,               0.081813 , , , , ,
[2023-02-01T19:05:43.6873431] ,  2327.801  ,01-Feb-2023 19:04:24 ,                250.7787 ,           8.9472 ,             225.5966 ,              649.5797 ,         290.2997 ,                31.8786 ,            3385.5976 ,          43.8057 ,-76.0088           ,               31.3616  ,-16.6304                 ,-6.222                ,         3385.46 ,     43.8057 ,-76.0088      ,            297.936  ,                   35.4981 ,         0 ,-6.8767              ,9.1474           ,9.1474           ,       648.6384 ,                1 ,          250.876  ,                   1 ,               29.8995 ,-11.0614                ,-32768               ,                       3417.3614 ,               0.080265 , , , , ,
[2023-02-01T19:05:43.6884654] ,  2328.801  ,01-Feb-2023 19:04:25 ,                250.816  ,           9.0441 ,             225.728  ,              650.2484 ,         290.1868 ,                31.7565 ,            3378.9942 ,          43.8056 ,-76.0084           ,               31.8539  ,-10.5524                 ,-8.6807               ,         3378.24 ,     43.8056 ,-76.0084      ,            288.3286 ,                   33.5563 ,         0 ,-6.222               ,9.0746           ,9.0746           ,       649.4078 ,                1 ,          250.9112 ,                   1 ,               29.8053 ,-10.9596                ,-32768               ,                       3410.5658 ,               0.081371 , , , , ,
[2023-02-01T19:05:53.0150308] ,  2329.801  ,01-Feb-2023 19:04:26 ,                250.8647 ,           9.1792 ,             225.9069 ,              650.9249 ,         290.0553 ,                31.634  ,            3372.0488 ,          43.8055 ,-76.008            ,               32.3264  ,-12.6845                 ,-5.7987               ,         3372.82 ,     43.8055 ,-76.008       ,            291.4244 ,                   34.726  ,         0 ,-8.6807              ,9.1062           ,9.1062           ,       650.0151 ,                1 ,          250.9575 ,                   1 ,               29.7155 ,-10.8473                ,-32768               ,                       3404.1499 ,               0.082929 , , , , ,
[2023-02-01T19:05:53.0189305] ,  2330.801  ,01-Feb-2023 19:04:27 ,                250.8828 ,           9.2302 ,             225.9737 ,              651.6073 ,         289.9064 ,                31.5126 ,            3364.1287 ,          43.8054 ,-76.0076           ,               30.1906  ,-13.3133                 ,-7.5098               ,         3365.74 ,     43.8054 ,-76.0076      ,            293.7963 ,                   32.9957 ,         0 ,-5.7987              ,9.0308           ,9.0308           ,       650.6496 ,                1 ,          250.9693 ,                   1 ,               29.6296 ,-10.7297                ,-32768               ,                       3396.3736 ,               0.083463 , , , , ,
[2023-02-01T19:05:53.0224297] ,  2331.801  ,01-Feb-2023 19:04:28 ,                250.9457 ,           9.252  ,             226.0469 ,              652.2919 ,         289.7411 ,                31.3931 ,            3355.2949 ,          43.8053 ,-76.0072           ,               29.8984  ,-10.8689                 ,-8.0106               ,         3354.04 ,     43.8053 ,-76.0072      ,            289.9775 ,                   31.8127 ,         0 ,-7.5098              ,9.1507           ,9.1507           ,       651.6258 ,                1 ,          251.0314 ,                   1 ,               29.5476 ,-10.6036                ,-32768               ,                       3386.9126 ,               0.08406  , , , , ,
[2023-02-01T19:05:53.0254810] ,  2332.801  ,01-Feb-2023 19:04:29 ,                251.0153 ,           9.1758 ,             226.0255 ,              652.9741 ,         289.5604 ,                31.2766 ,            3346.6178 ,          43.8052 ,-76.0069           ,               28.0595  ,-6.482                   ,-8.0937               ,         3346.32 ,     43.8053 ,-76.0069      ,            283.0077 ,                   28.7985 ,         0 ,-8.0106              ,9.169            ,9.169            ,       652.309  ,                1 ,          251.1008 ,                   1 ,               29.472  ,-10.4716                ,-32768               ,                       3378.199  ,               0.083771 , , , , ,
[2023-02-01T19:05:53.0285389] ,  2333.801  ,01-Feb-2023 19:04:30 ,                251.0767 ,           9.0113 ,             225.9049 ,              653.6523 ,         289.3655 ,                31.1637 ,            3338.4329 ,          43.8052 ,-76.0065           ,               27.4239  ,-7.4322                  ,-8.0969               ,         3338.16 ,     43.8052 ,-76.0065      ,            285.1637 ,                   28.4131 ,         0 ,-8.0937              ,9.1151           ,9.1151           ,       652.8743 ,                1 ,          251.1672 ,                   1 ,               29.3996 ,-10.3331                ,-32768               ,                       3370.2354 ,               0.082565 , , , , ,
[2023-02-01T19:05:53.0313674] ,  2334.801  ,01-Feb-2023 19:04:31 ,                251.0993 ,           8.8939 ,             225.7999 ,              654.3286 ,         289.158  ,                31.0548 ,            3330.7749 ,          43.8051 ,-76.0062           ,               25.2849  ,-11.2053                 ,-7.006                ,         3330.62 ,     43.8051 ,-76.0062      ,            293.9011 ,                   27.6566 ,         0 ,-8.0969              ,8.9575           ,8.9575           ,       653.4594 ,                1 ,          251.1918 ,                   1 ,               29.3349 ,-10.1918                ,-32768               ,                       3362.6991 ,               0.081517 , , , , ,
[2023-02-01T19:05:53.0343807] ,  2335.801  ,01-Feb-2023 19:04:32 ,                251.1219 ,           8.9169 ,             225.8424 ,              655.0037 ,         288.9389 ,                30.9501 ,            3323.3067 ,          43.805  ,-76.0058           ,               30.9017  ,-13.009                  ,-5.7057               ,         3323.73 ,     43.805  ,-76.0058      ,            292.8301 ,                   33.5284 ,         0 ,-7.006               ,8.8618           ,8.8618           ,       654.0522 ,                1 ,          251.2181 ,                   1 ,               29.2756 ,-10.0448                ,-32768               ,                       3355.3723 ,               0.081821 , , , , ,
[2023-02-01T19:05:53.0370981] ,  2336.801  ,01-Feb-2023 19:04:33 ,                251.1428 ,           9.0428 ,             225.9913 ,              655.6818 ,         288.7098 ,                30.8497 ,            3315.5753 ,          43.8049 ,-76.0055           ,               29.2163  ,-10.2683                 ,-8.1462               ,         3315.93 ,     43.8049 ,-76.0055      ,            289.3644 ,                   30.9682 ,         0 ,-5.7057              ,8.8993           ,8.8993           ,       654.8143 ,                1 ,          251.2398 ,                   1 ,               29.2201 ,-9.8956                 ,-32768               ,                       3347.5388 ,               0.083107 , , , , ,
[2023-02-01T19:05:53.0418337] ,  2337.801  ,01-Feb-2023 19:04:34 ,                251.151  ,           9.1686 ,             226.1281 ,              656.3638 ,         288.4717 ,                30.7545 ,            3307.5217 ,          43.8048 ,-76.0051           ,               31.743   ,-9.5013                  ,-9.1572               ,         3306.84 ,     43.8048 ,-76.0051      ,            286.6635 ,                   33.1344 ,         0 ,-8.1462              ,8.9242           ,8.9242           ,       655.5155 ,                1 ,          251.2476 ,                   1 ,               29.1698 ,-9.7453                 ,-32768               ,                       3339.4458 ,               0.084297 , , , , ,
[2023-02-01T19:06:01.2877670] ,  2338.801  ,01-Feb-2023 19:04:35 ,                251.1755 ,           9.272  ,             226.2538 ,              657.0498 ,         288.225  ,                30.666  ,            3299.3291 ,          43.8047 ,-76.0047           ,               28.4394  ,-11.1875                 ,-6.6039               ,         3300.62 ,     43.8047 ,-76.0047      ,            291.4738 ,                   30.5608 ,         0 ,-9.1572              ,9.0932           ,9.0932           ,       656.3344 ,                1 ,          251.2743 ,                   1 ,               29.1261 ,-9.591                  ,-32768               ,                       3331.5597 ,               0.085397 , , , , ,
[2023-02-01T19:06:01.2902691] ,  2339.801  ,01-Feb-2023 19:04:36 ,                251.181  ,           9.3765 ,             226.3642 ,              657.7391 ,         287.9719 ,                30.5854 ,            3290.9394 ,          43.8046 ,-76.0044           ,               29.6602  ,-5.6733                  ,-8.6458               ,         3290.45 ,     43.8046 ,-76.0044      ,            280.8286 ,                   30.1979 ,         0 ,-6.6039              ,9.0169           ,9.0169           ,       656.9019 ,                1 ,          251.2786 ,                   1 ,               29.0932 ,-9.4364                 ,-32768               ,                       3322.7876 ,               0.086362 , , , , ,
[2023-02-01T19:06:01.2915352] ,  2340.801  ,01-Feb-2023 19:04:37 ,                251.1965 ,           9.6484 ,             226.6471 ,              658.4328 ,         287.7159 ,                30.5132 ,            3282.9884 ,          43.8046 ,-76.004            ,               28.8567  ,-5.9896                  ,-8.1363               ,         3281.75 ,     43.8046 ,-76.004       ,            281.7261 ,                   29.4717 ,         0 ,-8.6458              ,9.1529           ,9.1529           ,       657.5665 ,                1 ,          251.2973 ,                   1 ,               29.0657 ,-9.2855                 ,-32768               ,                       3314.5531 ,               0.089025 , , , , ,
[2023-02-01T19:06:01.2928222] ,  2341.801  ,01-Feb-2023 19:04:38 ,                251.201  ,          10.1304 ,             227.1135 ,              659.1334 ,         287.4602 ,                30.4494 ,            3275.7692 ,          43.8045 ,-76.0037           ,               27.3195  ,-9.0196                  ,-7.3131               ,         3276    ,     43.8045 ,-76.0037      ,            288.2707 ,                   28.77   ,         0 ,-8.1363              ,9.4518           ,9.4518           ,       658.2728 ,                1 ,          251.3018 ,                   1 ,               29.0467 ,-9.1369                 ,-32768               ,                       3307.778  ,               0.09364  , , , , ,
[2023-02-01T19:06:01.2939741] ,  2342.801  ,01-Feb-2023 19:04:39 ,                251.191  ,          10.7226 ,             227.647  ,              659.8412 ,         287.2086 ,                30.3938 ,            3268.7304 ,          43.8044 ,-76.0033           ,               29.8676  ,-11.3186                 ,-7.0259               ,         3269.5  ,     43.8044 ,-76.0033      ,            290.7546 ,                   31.9404 ,         0 ,-7.3131              ,9.9642           ,9.9642           ,       658.8503 ,                1 ,          251.2915 ,                   1 ,               29.0332 ,-8.9916                 ,-32768               ,                       3300.9331 ,               0.099197 , , , , ,
[2023-02-01T19:06:01.2952082] ,  2343.801  ,01-Feb-2023 19:04:40 ,                251.2055 ,          11.3278 ,             228.1848 ,              660.5563 ,         286.9656 ,                30.3462 ,            3261.2806 ,          43.8043 ,-76.0029           ,               29.5054  ,-7.577                   ,-9.1044               ,         3261.04 ,     43.8043 ,-76.0029      ,            284.4024 ,                   30.4627 ,         0 ,-7.0259              ,10.1676          ,10.1676          ,       659.7612 ,                1 ,          251.312  ,                   1 ,               29.0261 ,-8.8539                 ,-32768               ,                       3293.2848 ,               0.1051   , , , , ,
[2023-02-01T19:06:01.2963854] ,  2344.801  ,01-Feb-2023 19:04:41 ,                251.1833 ,          12.0676 ,             228.7755 ,              661.2756 ,         286.7355 ,                30.3067 ,            3253.5481 ,          43.8043 ,-76.0026           ,               30.5016  ,-10.0784                 ,-6.2941               ,         3253.78 ,     43.8042 ,-76.0025      ,            288.2847 ,                   32.1235 ,         0 ,-9.1044              ,10.6792          ,10.6792          ,       660.3884 ,                1 ,          251.2901 ,                   1 ,               29.0236 ,-8.7265                 ,-32768               ,                       3285.518  ,               0.11196  , , , , ,
[2023-02-01T19:06:01.2975326] ,  2345.801  ,01-Feb-2023 19:04:42 ,                251.148  ,          12.9471 ,             229.427  ,              661.9968 ,         286.5204 ,                30.2753 ,            3245.4728 ,          43.8042 ,-76.0022           ,               26.2396  ,-8.4109                  ,-8.1631               ,         3245.51 ,     43.8042 ,-76.0022      ,            287.7729 ,                   27.5547 ,         0 ,-6.2941              ,11.4904          ,11.4904          ,       661.201  ,                1 ,          251.2526 ,                   1 ,               29.0255 ,-8.6093                 ,-32768               ,                       3277.4749 ,               0.12     , , , , ,
[2023-02-01T19:06:01.2998333] ,  2346.801  ,01-Feb-2023 19:04:43 ,                251.1395 ,          13.8644 ,             230.0862 ,              662.715  ,         286.3217 ,                30.2525 ,            3237.264  ,          43.8041 ,-76.0019           ,               26.1243  ,-6.1613                  ,-7.5787               ,         3237.32 ,     43.8041 ,-76.0019      ,            283.2705 ,                   26.841  ,         0 ,-8.1631              ,12.2891          ,12.2891          ,       662.0158 ,                1 ,          251.2419 ,                   1 ,               29.0319 ,-8.502                  ,-32768               ,                       3269.0842 ,               0.12867  , , , , ,
[2023-02-01T19:06:11.5865402] ,  2347.801  ,01-Feb-2023 19:04:44 ,                251.154  ,          14.9163 ,             230.8145 ,              663.4288 ,         286.1415 ,                30.2387 ,            3229.0455 ,          43.804  ,-76.0016           ,               28.058   ,-10.6969                 ,-7.557                ,         3227.91 ,     43.804  ,-76.0015      ,            290.869  ,                   30.0279 ,         0 ,-7.5787              ,12.5487          ,12.5487          ,       662.5788 ,                1 ,          251.2577 ,                   1 ,               29.0463 ,-8.4059                 ,-32768               ,                       3260.8735 ,               0.13893  , , , , ,
[2023-02-01T19:06:11.5884028] ,  2348.801  ,01-Feb-2023 19:04:45 ,                251.1455 ,          16.3943 ,             231.7393 ,              664.1387 ,         285.9823 ,                30.2334 ,            3220.903  ,          43.8039 ,-76.0012           ,               26.5526  ,-9.007                   ,-5.9613               ,         3222.43 ,     43.8039 ,-76.0012      ,            288.7377 ,                   28.0386 ,         0 ,-7.557               ,13.6957          ,13.6957          ,       663.3591 ,                1 ,          251.2469 ,                   1 ,               29.0641 ,-8.3246                 ,-32768               ,                       3253.1993 ,               0.15305  , , , , ,
[2023-02-01T19:06:11.5895164] ,  2349.801  ,01-Feb-2023 19:04:46 ,                251.1294 ,          17.9092 ,             232.604  ,              664.845  ,         285.8462 ,                30.2351 ,            3212.3099 ,          43.8039 ,-76.0009           ,               28.0038  ,-8.3896                  ,-8.0755               ,         3211.82 ,     43.8039 ,-76.0009      ,            286.6776 ,                   29.2335 ,         0 ,-5.9613              ,15.9001          ,15.9001          ,       663.9539 ,                1 ,          251.2247 ,                   1 ,               29.0872 ,-8.2558                 ,-32768               ,                       3244.6094 ,               0.16741  , , , , ,
[2023-02-01T19:06:11.5906837] ,  2350.801  ,01-Feb-2023 19:04:47 ,                251.1693 ,          18.4928 ,             232.9586 ,              665.553  ,         285.7353 ,                30.2423 ,            3203.7981 ,          43.8038 ,-76.0005           ,               26.2191  ,-7.1709                  ,-8.7544               ,         3204.64 ,     43.8038 ,-76.0005      ,            285.2962 ,                   27.182  ,         0 ,-8.0755              ,16.7676          ,16.7676          ,       664.6754 ,                1 ,          251.2578 ,                   1 ,               29.1093 ,-8.2007                 ,-32768               ,                       3235.9482 ,               0.17354  , , , , ,
[2023-02-01T19:06:11.5920015] ,  2351.801  ,01-Feb-2023 19:04:48 ,                251.2162 ,          18.426  ,             232.9628 ,              666.2613 ,         285.6513 ,                30.2536 ,            3195.6473 ,          43.8037 ,-76.0001           ,               32.6534  ,-5.6215                  ,-9.3895               ,         3194.14 ,     43.8037 ,-76.0001      ,            279.7681 ,                   33.1338 ,         0 ,-8.7544              ,16.9876          ,16.9876          ,       665.3588 ,                1 ,          251.296  ,                   1 ,               29.1325 ,-8.1614                 ,-32768               ,                       3227.3477 ,               0.17343  , , , , ,
[2023-02-01T19:06:11.5935398] ,  2352.801  ,01-Feb-2023 19:04:49 ,                251.3298 ,          18.6229 ,             233.167  ,              666.9728 ,         285.594  ,                30.2685 ,            3188.4594 ,          43.8037 ,-75.9998           ,               31.3217  ,-5.5365                  ,-6.4233               ,         3188.14 ,     43.8037 ,-75.9997      ,            280.0242 ,                   31.8073 ,         0 ,-9.3895              ,17.3323          ,17.3323          ,       666.2516 ,                1 ,          251.4165 ,                   1 ,               29.1543 ,-8.1369                 ,-32768               ,                       3220.1646 ,               0.17696  , , , , ,
[2023-02-01T19:06:11.5963856] ,  2353.801  ,01-Feb-2023 19:04:50 ,                251.357  ,          19.3241 ,             233.5616 ,              667.6883 ,         285.5625 ,                30.2865 ,            3181.9727 ,          43.8036 ,-75.9994           ,               30.0259  ,-3.6769                  ,-7.4706               ,         3181.27 ,     43.8037 ,-75.9994      ,            276.9815 ,                   30.2502 ,         0 ,-6.4233              ,18.0327          ,18.0327          ,       666.8179 ,                1 ,          251.4381 ,                   1 ,               29.1755 ,-8.1253                 ,-32768               ,                       3214.2434 ,               0.18416  , , , , ,
[2023-02-01T19:06:11.5979468] ,  2354.801  ,01-Feb-2023 19:04:51 ,                251.4131 ,          20.264  ,             234.089  ,              668.4053 ,         285.5557 ,                30.307  ,            3175.3325 ,          43.8036 ,-75.999            ,               28.1802  ,-10.5378                 ,-6.0672               ,         3178.55 ,     43.8036 ,-75.999       ,            290.503  ,                   30.0861 ,         0 ,-7.4706              ,18.3957          ,18.3957          ,       667.4501 ,                1 ,          251.4977 ,                   1 ,               29.1967 ,-8.1268                 ,-32768               ,                       3208.1761 ,               0.19426  , , , , ,
[2023-02-01T19:06:11.5995976] ,  2355.801  ,01-Feb-2023 19:04:52 ,                251.4734 ,          21.2873 ,             234.6403 ,              669.1243 ,         285.5721 ,                30.3289 ,            3167.7032 ,          43.8035 ,-75.9987           ,               29.738   ,-7.0463                  ,-9.5177               ,         3166.3  ,     43.8035 ,-75.9987      ,            283.3301 ,                   30.5614 ,         0 ,-6.0672              ,19.747           ,19.747           ,       668.3206 ,                1 ,          251.5531 ,                   1 ,               29.2155 ,-8.1421                 ,-32768               ,                       3199.5695 ,               0.20535  , , , , ,
[2023-02-01T19:06:20.9009674] ,  2356.801  ,01-Feb-2023 19:04:53 ,                251.5418 ,          21.7814 ,             234.9332 ,              669.8422 ,         285.6096 ,                30.3507 ,            3159.9569 ,          43.8034 ,-75.9983           ,               27.4267  ,-8.7078                  ,-8.5297               ,         3159.03 ,     43.8034 ,-75.9983      ,            287.6143 ,                   28.7758 ,         0 ,-9.5177              ,20.4944          ,20.4944          ,       668.8878 ,                1 ,          251.6184 ,                   1 ,               29.2315 ,-8.1671                 ,-32768               ,                       3191.5181 ,               0.21137  , , , , ,
[2023-02-01T19:06:20.9048802] ,  2357.801  ,01-Feb-2023 19:04:54 ,                251.6372 ,          21.6163 ,             234.9389 ,              670.5567 ,         285.6659 ,                30.3711 ,            3152.5303 ,          43.8033 ,-75.998            ,               26.4913  ,-6.1612                  ,-6.4594               ,         3152.85 ,     43.8034 ,-75.998       ,            283.0928 ,                   27.1984 ,         0 ,-8.5297              ,20.812           ,20.812           ,       669.9758 ,                1 ,          251.7144 ,                   1 ,               29.2428 ,-8.2013                 ,-32768               ,                       3184.6251 ,               0.21127  , , , , ,
[2023-02-01T19:06:20.9074337] ,  2358.801  ,01-Feb-2023 19:04:55 ,                251.7093 ,          21.2168 ,             234.8119 ,              671.2656 ,         285.7393 ,                30.3885 ,            3144.9561 ,          43.8033 ,-75.9976           ,               28.5313  ,-6.6256                  ,-7.6555               ,         3145.49 ,     43.8033 ,-75.9976      ,            283.0737 ,                   29.2905 ,         0 ,-6.4594              ,20.7965          ,20.7965          ,       670.4044 ,                1 ,          251.784  ,                   1 ,               29.2493 ,-8.2418                 ,-32768               ,                       3177.3368 ,               0.20833  , , , , ,
[2023-02-01T19:06:20.9088716] ,  2359.801  ,01-Feb-2023 19:04:56 ,                251.7916 ,          20.8936 ,             234.7275 ,              671.9686 ,         285.828  ,                30.4016 ,            3137.0369 ,          43.8032 ,-75.9972           ,               32.6464  ,-9.824                   ,-7.6791               ,         3137.42 ,     43.8032 ,-75.9972      ,            286.7477 ,                   34.0925 ,         0 ,-7.6555              ,20.6609          ,20.6609          ,       671.1047 ,                1 ,          251.8678 ,                   1 ,               29.2495 ,-8.2923                 ,-32768               ,                       3169.2367 ,               0.20632  , , , , ,
[2023-02-01T19:06:20.9104431] ,  2360.801  ,01-Feb-2023 19:04:57 ,                251.8686 ,          20.7038 ,             234.7017 ,              672.669  ,         285.9284 ,                30.4089 ,            3128.9393 ,          43.8032 ,-75.9969           ,               30.6765  ,-6.0053                  ,-9.2025               ,         3128.14 ,     43.8032 ,-75.9969      ,            281.0763 ,                   31.2587 ,         0 ,-7.6791              ,20.7473          ,20.7473          ,       671.9637 ,                1 ,          251.9448 ,                   1 ,               29.2424 ,-8.3461                 ,-32768               ,                       3160.8875 ,               0.20556  , , , , ,
[2023-02-01T19:06:20.9118581] ,  2361.801  ,01-Feb-2023 19:04:58 ,                251.9421 ,          20.4686 ,             234.6494 ,              673.3734 ,         286.0368 ,                30.4096 ,            3121.087  ,          43.8031 ,-75.9965           ,               30.5541  ,-4.5243                  ,-6.8205               ,         3121.37 ,     43.8031 ,-75.9965      ,            278.4229 ,                   30.8873 ,         0 ,-9.2025              ,20.6157          ,20.6157          ,       672.3353 ,                1 ,          252.0212 ,                   1 ,               29.2264 ,-8.4006                 ,-32768               ,                       3153.1006 ,               0.20425  , , , , ,
[2023-02-01T19:06:20.9132348] ,  2362.801  ,01-Feb-2023 19:04:59 ,                252.0003 ,          20.0417 ,             234.486  ,              674.0872 ,         286.1498 ,                30.4038 ,            3113.4405 ,          43.803  ,-75.9961           ,               31.9919  ,-5.7946                  ,-6.445                ,         3112.74 ,     43.8031 ,-75.9961      ,            280.2665 ,                   32.5124 ,         0 ,-6.8205              ,20.3959          ,20.3959          ,       673.1082 ,                1 ,          252.0835 ,                   1 ,               29.2032 ,-8.4561                 ,-32768               ,                       3145.5017 ,               0.20064  , , , , ,
[2023-02-01T19:06:20.9146739] ,  2363.801  ,01-Feb-2023 19:05:00 ,                252.0346 ,          19.4028 ,             234.1877 ,              674.8152 ,         286.2638 ,                30.3917 ,            3106.0809 ,          43.803  ,-75.9957           ,               33.3948  ,-10.2681                 ,-5.77                 ,         3106.75 ,     43.803  ,-75.9957      ,            287.0914 ,                   34.9378 ,         0 ,-6.445               ,20.2023          ,20.2023          ,       673.9753 ,                1 ,          252.1228 ,                   1 ,               29.1753 ,-8.5125                 ,-32768               ,                       3138.2447 ,               0.19438  , , , , ,
[2023-02-01T19:06:20.9161047] ,  2364.801  ,01-Feb-2023 19:05:01 ,                252.0491 ,          18.7492 ,             233.8541 ,              675.5643 ,         286.3742 ,                30.3729 ,            3098.5675 ,          43.8029 ,-75.9953           ,               31.0192  ,-8.005                   ,-9.6492               ,         3098.12 ,     43.8029 ,-75.9953      ,            284.4703 ,                   32.0355 ,         0 ,-5.77                ,19.6205          ,19.6205          ,       674.6979 ,                1 ,          252.143  ,                   1 ,               29.141  ,-8.5622                 ,-32768               ,                       3130.5208 ,               0.1876   , , , , ,
[2023-02-01T19:06:29.1711335] ,  2365.801  ,01-Feb-2023 19:05:02 ,                252.0369 ,          18.6195 ,             233.7736 ,              676.3381 ,         286.4776 ,                30.3466 ,            3090.7249 ,          43.8028 ,-75.9949           ,               32.4068  ,-9.6505                  ,-7.363                ,         3090.73 ,     43.8028 ,-75.9949      ,            286.5832 ,                   33.8132 ,         0 ,-9.6492              ,18.353           ,18.353           ,       675.4187 ,                1 ,          252.1335 ,                   1 ,               29.1005 ,-8.6073                 ,-32768               ,                       3122.606  ,               0.18583  , , , , ,
[2023-02-01T19:06:29.1727334] ,  2366.801  ,01-Feb-2023 19:05:03 ,                252.0118 ,          19.8416 ,             234.3943 ,              677.145  ,         286.5705 ,                30.3121 ,            3082.2267 ,          43.8027 ,-75.9945           ,               31.529   ,-9.3391                  ,-7.2329               ,         3082.14 ,     43.8027 ,-75.9945      ,            286.4996 ,                   32.8831 ,         0 ,-7.363               ,18.2821          ,18.2821          ,       676.009  ,                1 ,          252.1102 ,                   1 ,               29.0533 ,-8.6456                 ,-32768               ,                       3114.4288 ,               0.19787  , , , , ,
[2023-02-01T19:06:29.1739505] ,  2367.801  ,01-Feb-2023 19:05:04 ,                251.9944 ,          22.1354 ,             235.4927 ,              677.9864 ,         286.6489 ,                30.2692 ,            3072.671  ,          43.8027 ,-75.9942           ,               30.1399  ,-7.3326                  ,-9.2211               ,         3074.6  ,     43.8026 ,-75.9941      ,            283.6736 ,                   31.019  ,         0 ,-7.2329              ,19.1842          ,19.1842          ,       676.8602 ,                1 ,          252.0936 ,                   1 ,               29.0006 ,-8.6736                 ,-32768               ,                       3105.2469 ,               0.22108  , , , , ,
[2023-02-01T19:06:29.1766387] ,  2368.801  ,01-Feb-2023 19:05:05 ,                251.9548 ,          24.2052 ,             236.3755 ,              678.8618 ,         286.7099 ,                30.2176 ,            3061.9623 ,          43.8026 ,-75.9938           ,               27.3438  ,-7.3271                  ,-11.5004              ,         3061.33 ,     43.8026 ,-75.9938      ,            285.0007 ,                   28.3084 ,         0 ,-9.2211              ,21.4215          ,21.4215          ,       677.8499 ,                1 ,          252.048  ,                   1 ,               28.9418 ,-8.6886                 ,-32768               ,                       3093.9946 ,               0.24142  , , , , ,
[2023-02-01T19:06:29.1782907] ,  2369.801  ,01-Feb-2023 19:05:06 ,                251.9588 ,          24.6667 ,             236.5737 ,              679.7656 ,         286.7518 ,                30.1579 ,            3051.0889 ,          43.8025 ,-75.9935           ,               24.9985  ,-9.3589                  ,-11.7233              ,         3050.13 ,     43.8025 ,-75.9935      ,            290.5248 ,                   26.6929 ,         0 ,-11.5004             ,23.1076          ,23.1076          ,       678.8789 ,                1 ,          252.0509 ,                   1 ,               28.8783 ,-8.6919                 ,-32768               ,                       3082.8209 ,               0.24596  , , , , ,
[2023-02-01T19:06:29.1799195] ,  2370.801  ,01-Feb-2023 19:05:07 ,                251.9641 ,          23.3889 ,             236.0308 ,              680.6877 ,         286.7738 ,                30.0909 ,            3040.843  ,          43.8024 ,-75.9932           ,               25.6236  ,-12.4694                 ,-10.623               ,         3040.48 ,     43.8024 ,-75.9932      ,            295.9493 ,                   28.4965 ,         0 ,-11.7233             ,23.257           ,23.257           ,       679.8604 ,                1 ,          252.0486 ,                   1 ,               28.8095 ,-8.6841                 ,-32768               ,                       3072.8425 ,               0.23254  , , , , ,
[2023-02-01T19:06:29.1814064] ,  2371.801  ,01-Feb-2023 19:05:08 ,                251.9833 ,          21.5274 ,             235.1985 ,              681.6185 ,         286.774  ,                30.0173 ,            3031.1298 ,          43.8023 ,-75.9928           ,               28.7228  ,-13.513                  ,-8.9003               ,         3031.23 ,     43.8023 ,-75.9928      ,            295.1953 ,                   31.7427 ,         0 ,-10.623              ,22.5826          ,22.5826          ,       680.8265 ,                1 ,          252.0586 ,                   1 ,               28.7401 ,-8.6637                 ,-32768               ,                       3063.4949 ,               0.21342  , , , , ,
[2023-02-01T19:06:29.1826562] ,  2372.801  ,01-Feb-2023 19:05:09 ,                252.0602 ,          19.9714 ,             234.5023 ,              682.5496 ,         286.7509 ,                29.9372 ,            3021.5313 ,          43.8022 ,-75.9925           ,               29.4698  ,-12.6092                 ,-8.5687               ,         3022.28 ,     43.8021 ,-75.9925      ,            293.1646 ,                   32.0541 ,         0 ,-8.9003              ,21.6321          ,21.6321          ,       681.6978 ,                1 ,          252.131  ,                   1 ,               28.6666 ,-8.6287                 ,-32768               ,                       3054.041  ,               0.19849  , , , , ,
[2023-02-01T19:06:29.1840440] ,  2373.801  ,01-Feb-2023 19:05:10 ,                252.1508 ,          18.7091 ,             233.92   ,              683.4753 ,         286.7044 ,                29.8509 ,            3011.7632 ,          43.802  ,-75.9921           ,               28.1209  ,-12.3712                 ,-9.3654               ,         3011.51 ,     43.802  ,-75.9921      ,            293.746  ,                   30.7218 ,         0 ,-8.5687              ,20.8927          ,20.8927          ,       682.6727 ,                1 ,          252.2188 ,                   1 ,               28.5918 ,-8.5803                 ,-32768               ,                       3044.0897 ,               0.18669  , , , , ,
[2023-02-01T19:06:38.4485845] ,  2374.801  ,01-Feb-2023 19:05:11 ,                252.23   ,          17.1902 ,             233.1365 ,              684.3942 ,         286.6353 ,                29.7586 ,            3002.0073 ,          43.8019 ,-75.9918           ,               26.053   ,-11.7699                 ,-10.1893              ,         3002.23 ,     43.8019 ,-75.9918      ,            294.3118 ,                   28.5883 ,         0 ,-9.3654              ,19.8948          ,19.8948          ,       683.584  ,                1 ,          252.2995 ,                   1 ,               28.5129 ,-8.5205                 ,-32768               ,                       3034.2188 ,               0.17191  , , , , ,
[2023-02-01T19:06:38.4523436] ,  2375.801  ,01-Feb-2023 19:05:12 ,                252.2991 ,          15.1462 ,             231.933  ,              685.306  ,         286.5447 ,                29.6611 ,            2992.4346 ,          43.8018 ,-75.9915           ,               24.7998  ,-11.2775                 ,-10.1115              ,         2991.71 ,     43.8018 ,-75.9915      ,            294.4532 ,                   27.2436 ,         0 ,-10.1893             ,18.361           ,18.361           ,       684.541  ,                1 ,          252.3734 ,                   1 ,               28.4332 ,-8.4466                 ,-32768               ,                       3024.5154 ,               0.15138  , , , , ,
[2023-02-01T19:06:38.4556990] ,  2376.801  ,01-Feb-2023 19:05:13 ,                252.3357 ,          13.1335 ,             230.5578 ,              686.2141 ,         286.4354 ,                29.5597 ,            2983.2503 ,          43.8017 ,-75.9912           ,               25.161   ,-11.6854                 ,-9.4768               ,         2983.27 ,     43.8017 ,-75.9912      ,            294.9113 ,                   27.7421 ,         0 ,-10.1115             ,16.693           ,16.693           ,       685.2388 ,                1 ,          252.4126 ,                   1 ,               28.3522 ,-8.3627                 ,-32768               ,                       3015.4892 ,               0.13069  , , , , ,
[2023-02-01T19:06:38.4601190] ,  2377.801  ,01-Feb-2023 19:05:14 ,                252.3613 ,          12.0755 ,             229.7586 ,              687.1218 ,         286.3107 ,                29.4558 ,            2974.1754 ,          43.8016 ,-75.9908           ,               26.4754  ,-11.8927                 ,-9.2221               ,         2974.54 ,     43.8016 ,-75.9908      ,            294.1895 ,                   29.0238 ,         0 ,-9.4768              ,13.8806          ,13.8806          ,       686.2017 ,                1 ,          252.4441 ,                   1 ,               28.2697 ,-8.2721                 ,-32768               ,                       3006.5887 ,               0.11982  , , , , ,
[2023-02-01T19:06:38.4614546] ,  2378.801  ,01-Feb-2023 19:05:15 ,                252.3738 ,          13.2909 ,             230.7064 ,              688.0323 ,         286.1728 ,                29.3507 ,            2964.9253 ,          43.8015 ,-75.9905           ,               27.9519  ,-11.9299                 ,-9.1366               ,         2965.06 ,     43.8015 ,-75.9905      ,            293.1129 ,                   30.3913 ,         0 ,-9.2221              ,12.4482          ,12.4482          ,       687.2346 ,                1 ,          252.4671 ,                   1 ,               28.1889 ,-8.1759                 ,-32768               ,                       2997.2359 ,               0.13243  , , , , ,
[2023-02-01T19:06:38.4627144] ,  2379.801  ,01-Feb-2023 19:05:16 ,                252.3226 ,          17.2664 ,             233.26   ,              688.949  ,         286.0239 ,                29.2455 ,            2955.4262 ,          43.8014 ,-75.9901           ,               30.0091  ,-11.3237                 ,-9.2759               ,         2955.23 ,     43.8014 ,-75.9901      ,            290.6736 ,                   32.0745 ,         0 ,-9.1366              ,13.8791          ,13.8791          ,       688.0666 ,                1 ,          252.4256 ,                   1 ,               28.1088 ,-8.0724                 ,-32768               ,                       2987.6025 ,               0.17298  , , , , ,
[2023-02-01T19:06:38.4638624] ,  2380.801  ,01-Feb-2023 19:05:17 ,                252.2253 ,          22.7244 ,             235.9636 ,              689.8724 ,         285.867  ,                29.1408 ,            2945.7327 ,          43.8013 ,-75.9897           ,               31.91    ,-9.0519                  ,-10.0358              ,         2945.77 ,     43.8013 ,-75.9897      ,            285.8371 ,                   33.1691 ,         0 ,-9.2759              ,15.7667          ,15.7667          ,       688.9149 ,                1 ,          252.3389 ,                   1 ,               28.031  ,-7.9674                 ,-32768               ,                       2977.9121 ,               0.22789  , , , , ,
[2023-02-01T19:06:38.4651016] ,  2381.801  ,01-Feb-2023 19:05:18 ,                252.0927 ,          28.5797 ,             238.2228 ,              690.8023 ,         285.705  ,                29.0372 ,            2935.7641 ,          43.8013 ,-75.9893           ,               32.0168  ,-5.8498                  ,-10.6654              ,         2935.65 ,     43.8013 ,-75.9893      ,            280.3544 ,                   32.5468 ,         0 ,-10.0358             ,20.0651          ,20.0651          ,       689.8473 ,                1 ,          252.2071 ,                   1 ,               27.953  ,-7.8601                 ,-32768               ,                       2968.0668 ,               0.2853   , , , , ,
[2023-02-01T19:06:38.4664972] ,  2382.801  ,01-Feb-2023 19:05:19 ,                251.9484 ,          33.2952 ,             239.7011 ,              691.7368 ,         285.5412 ,                28.9352 ,            2925.4643 ,          43.8013 ,-75.989            ,               30.663   ,-3.2531                  ,-10.6056              ,         2926.1  ,     43.8013 ,-75.9889      ,            276.0559 ,                   30.8351 ,         0 ,-10.6654             ,26.2113          ,26.2113          ,       690.7814 ,                1 ,          252.0507 ,                   1 ,               27.8769 ,-7.7517                 ,-32768               ,                       2957.9568 ,               0.32946  , , , , ,
[2023-02-01T19:06:47.6714948] ,  2383.801  ,01-Feb-2023 19:05:20 ,                251.9105 ,          34.9638 ,             240.1858 ,              692.6707 ,         285.379  ,                28.8356 ,            2914.7836 ,          43.8012 ,-75.9886           ,               28.7361  ,-1.9901                  ,-10.1005              ,         2914.78 ,     43.8012 ,-75.9886      ,            273.9617 ,                   28.805  ,         0 ,-10.6056             ,29.9556          ,29.9556          ,       691.9106 ,                1 ,          252.0062 ,                   1 ,               27.8033 ,-7.6472                 ,-32768               ,                       2947.2088 ,               0.34491  , , , , ,
[2023-02-01T19:06:47.6796337] ,  2384.801  ,01-Feb-2023 19:05:21 ,                251.9073 ,          34.0547 ,             239.903  ,              693.6006 ,         285.221  ,                28.7387 ,            2904.1165 ,          43.8012 ,-75.9882           ,               27.8326  ,-1.9474                  ,-9.6734               ,         2903.94 ,     43.8012 ,-75.9882      ,            274.0025 ,                   27.9007 ,         0 ,-10.1005             ,31.378           ,31.378           ,       692.8627 ,                1 ,          251.9923 ,                   1 ,               27.7305 ,-7.5449                 ,-32768               ,                       2936.3794 ,               0.3351   , , , , ,
[2023-02-01T19:06:47.6831941] ,  2385.801  ,01-Feb-2023 19:05:22 ,                251.9183 ,          32.492  ,             239.4154 ,              694.5232 ,         285.0692 ,                28.6449 ,            2893.9186 ,          43.8012 ,-75.9879           ,               28.0171  ,-2.0979                  ,-9.5542               ,         2893.23 ,     43.8012 ,-75.9879      ,            274.2822 ,                   28.0955 ,         0 ,-9.6734              ,31.3658          ,31.3658          ,       693.7122 ,                1 ,          251.9937 ,                   1 ,               27.6602 ,-7.4471                 ,-32768               ,                       2926.1165 ,               0.3191   , , , , ,
[2023-02-01T19:06:47.6865633] ,  2386.801  ,01-Feb-2023 19:05:23 ,                251.9735 ,          31.4288 ,             239.1141 ,              695.4398 ,         284.9259 ,                28.5546 ,            2884.384  ,          43.8012 ,-75.9875           ,               28.236   ,-2.2433                  ,-9.3043               ,         2884.45 ,     43.8012 ,-75.9875      ,            274.5425 ,                   28.325  ,         0 ,-9.5542              ,31.0673          ,31.0673          ,       694.6391 ,                1 ,          252.043  ,                   1 ,               27.5902 ,-7.3547                 ,-32768               ,                       2916.732  ,               0.30941  , , , , ,
[2023-02-01T19:06:47.6900210] ,  2387.801  ,01-Feb-2023 19:05:24 ,                252.0595 ,          30.9352 ,             239.0246 ,              696.3551 ,         284.7929 ,                28.4683 ,            2875.2821 ,          43.8012 ,-75.9872           ,               28.2438  ,-2.5423                  ,-9.089                ,         2875.12 ,     43.8012 ,-75.9872      ,            275.1436 ,                   28.3579 ,         0 ,-9.3043              ,30.8442          ,30.8442          ,       695.3664 ,                1 ,          252.1264 ,                   1 ,               27.5249 ,-7.2684                 ,-32768               ,                       2907.7055 ,               0.3063   , , , , ,
[2023-02-01T19:06:47.6933950] ,  2388.801  ,01-Feb-2023 19:05:25 ,                252.1359 ,          30.7206 ,             239.0199 ,              697.2747 ,         284.6723 ,                28.3859 ,            2866.1597 ,          43.8011 ,-75.9869           ,               27.1052  ,-3.0248                  ,-9.1927               ,         2866.7  ,     43.8011 ,-75.9869      ,            276.3676 ,                   27.2735 ,         0 ,-9.089               ,30.6501          ,30.6501          ,       696.2816 ,                1 ,          252.2012 ,                   1 ,               27.4604 ,-7.1896                 ,-32768               ,                       2898.7525 ,               0.30576  , , , , ,
[2023-02-01T19:06:47.6973189] ,  2389.801  ,01-Feb-2023 19:05:26 ,                252.2147 ,          30.6837 ,             239.078  ,              698.2031 ,         284.5657 ,                28.3069 ,            2856.797  ,          43.8011 ,-75.9865           ,               25.4028  ,-4.1118                  ,-9.2846               ,         2857.07 ,     43.8011 ,-75.9865      ,            279.1944 ,                   25.7334 ,         0 ,-9.1927              ,30.4537          ,30.4537          ,       697.306  ,                1 ,          252.2794 ,                   1 ,               27.3973 ,-7.1174                 ,-32768               ,                       2889.2946 ,               0.3071   , , , , ,
[2023-02-01T19:06:47.7007324] ,  2390.801  ,01-Feb-2023 19:05:27 ,                252.2862 ,          30.8075 ,             239.1848 ,              699.1415 ,         284.4737 ,                28.2313 ,            2847.1561 ,          43.801  ,-75.9862           ,               24.1965  ,-5.2041                  ,-9.4454               ,         2846.87 ,     43.801  ,-75.9862      ,            282.1382 ,                   24.7498 ,         0 ,-9.2846              ,30.3388          ,30.3388          ,       698.1763 ,                1 ,          252.3452 ,                   1 ,               27.335  ,-7.0563                 ,-32768               ,                       2879.4542 ,               0.30991  , , , , ,
[2023-02-01T19:06:47.7040949] ,  2391.801  ,01-Feb-2023 19:05:28 ,                252.3954 ,          30.9712 ,             239.339  ,              700.0883 ,         284.395  ,                28.1587 ,            2837.4594 ,          43.801  ,-75.9859           ,               23.5609  ,-7.1869                  ,-9.8659               ,         2837.5  ,     43.801  ,-75.9859      ,            286.9636 ,                   24.6326 ,         0 ,-9.4454              ,30.3812          ,30.3812          ,       699.1636 ,                1 ,          252.4534 ,                   1 ,               27.2751 ,-7.0003                 ,-32768               ,                       2869.6286 ,               0.3142   , , , , ,
[2023-02-01T19:06:55.9971970] ,  2392.801  ,01-Feb-2023 19:05:29 ,                252.5192 ,          31.0569 ,             239.4795 ,              701.0416 ,         284.3278 ,                28.0885 ,            2827.854  ,          43.8009 ,-75.9857           ,               23.7155  ,-9.4114                  ,-10.1567              ,         2826.67 ,     43.8009 ,-75.9857      ,            291.6455 ,                   25.5147 ,         0 ,-9.8659              ,30.5054          ,30.5054          ,       700.1738 ,                1 ,          252.5795 ,                   1 ,               27.2152 ,-6.9514                 ,-32768               ,                       2860.1283 ,               0.31812  , , , , ,
[2023-02-01T19:06:56.0004521] ,  2393.801  ,01-Feb-2023 19:05:30 ,                252.6077 ,          31.1006 ,             239.5739 ,              701.9965 ,         284.2704 ,                28.0203 ,            2818.2342 ,          43.8008 ,-75.9853           ,               24.5657  ,-11.1532                 ,-10.4079              ,         2820.24 ,     43.8008 ,-75.9854      ,            294.4187 ,                   26.979  ,         0 ,-10.1567             ,30.6878          ,30.6878          ,       701.1783 ,                1 ,          252.6687 ,                   1 ,               27.1553 ,-6.9067                 ,-32768               ,                       2851.039  ,               0.32063  , , , , ,
[2023-02-01T19:06:56.0018351] ,  2394.801  ,01-Feb-2023 19:05:31 ,                252.6826 ,          31.3066 ,             239.7113 ,              702.9507 ,         284.2208 ,                27.9543 ,            2807.9932 ,          43.8007 ,-75.985            ,               25.293   ,-12.0882                 ,-10.2156              ,         2807.41 ,     43.8007 ,-75.985       ,            295.5443 ,                   28.0332 ,         0 ,-10.4079             ,30.6623          ,30.6623          ,       702.0872 ,                1 ,          252.7434 ,                   1 ,               27.0969 ,-6.8666                 ,-32768               ,                       2840.3774 ,               0.32452  , , , , ,
[2023-02-01T19:06:56.0029250] ,  2395.801  ,01-Feb-2023 19:05:32 ,                252.7722 ,          31.9403 ,             240.0046 ,              703.9037 ,         284.1772 ,                27.8901 ,            2797.6361 ,          43.8006 ,-75.9847           ,               27.0201  ,-12.4201                 ,-9.9321               ,         2796.91 ,     43.8006 ,-75.9847      ,            294.6864 ,                   29.738  ,         0 ,-10.2156             ,30.9448          ,30.9448          ,       703.0305 ,                1 ,          252.8357 ,                   1 ,               27.0412 ,-6.8316                 ,-32768               ,                       2829.786  ,               0.33348  , , , , ,
[2023-02-01T19:06:56.0039185] ,  2396.801  ,01-Feb-2023 19:05:33 ,                252.8607 ,          33.1052 ,             240.4657 ,              704.856  ,         284.1366 ,                27.8268 ,            2787.4554 ,          43.8005 ,-75.9843           ,               29.0346  ,-11.7666                 ,-9.9959               ,         2787.87 ,     43.8005 ,-75.9843      ,            292.0608 ,                   31.3283 ,         0 ,-9.9321              ,31.1153          ,31.1153          ,       704.0344 ,                1 ,          252.9318 ,                   1 ,               26.9845 ,-6.7967                 ,-32768               ,                       2819.936  ,               0.34827  , , , , ,
[2023-02-01T19:06:56.0049278] ,  2397.801  ,01-Feb-2023 19:05:34 ,                252.8901 ,          34.8185 ,             241.0316 ,              705.8104 ,         284.0969 ,                27.7637 ,            2777.1957 ,          43.8004 ,-75.984            ,               30.5731  ,-10.4419                 ,-10.1029              ,         2777.34 ,     43.8004 ,-75.984       ,            288.857  ,                   32.3071 ,         0 ,-9.9959              ,32.2537          ,32.2537          ,       704.848  ,                1 ,          252.9661 ,                   1 ,               26.9274 ,-6.762                  ,-32768               ,                       2809.6902 ,               0.36735  , , , , ,
[2023-02-01T19:06:56.0059932] ,  2398.801  ,01-Feb-2023 19:05:35 ,                252.8915 ,          36.548  ,             241.5534 ,              706.771  ,         284.0565 ,                27.7009 ,            2766.8346 ,          43.8003 ,-75.9836           ,               31.3475  ,-8.3827                  ,-10.3315              ,         2766.39 ,     43.8003 ,-75.9836      ,            284.9714 ,                   32.449  ,         0 ,-10.1029             ,34.206           ,34.206           ,       705.7751 ,                1 ,          252.9697 ,                   1 ,               26.8712 ,-6.7272                 ,-32768               ,                       2799.2467 ,               0.38572  , , , , ,
[2023-02-01T19:06:56.0070274] ,  2399.801  ,01-Feb-2023 19:05:36 ,                252.8948 ,          37.4945 ,             241.8318 ,              707.7404 ,         284.0133 ,                27.638  ,            2756.4056 ,          43.8002 ,-75.9832           ,               31.4114  ,-6.5076                  ,-10.3098              ,         2756.97 ,     43.8002 ,-75.9832      ,            281.7046 ,                   32.0784 ,         0 ,-10.3315             ,35.1705          ,35.1705          ,       706.8104 ,                1 ,          252.9693 ,                   1 ,               26.8158 ,-6.6928                 ,-32768               ,                       2789.0381 ,               0.3956   , , , , ,
[2023-02-01T19:06:56.0088623] ,  2400.801  ,01-Feb-2023 19:05:37 ,                252.9341 ,          37.6509 ,             241.9126 ,              708.7188 ,         283.9641 ,                27.5747 ,            2745.803  ,          43.8002 ,-75.9828           ,               30.9     ,-4.8747                  ,-10.2768              ,         2745.94 ,     43.8002 ,-75.9828      ,            278.965  ,                   31.2821 ,         0 ,-10.3098             ,35.9133          ,35.9133          ,       707.7083 ,                1 ,          253.0046 ,                   1 ,               26.7593 ,-6.6541                 ,-32768               ,                       2778.3609 ,               0.39812  , , , , ,
[2023-02-01T19:07:05.2886305] ,  2401.801  ,01-Feb-2023 19:05:38 ,                252.9943 ,          37.3697 ,             241.8868 ,              709.7034 ,         283.9057 ,                27.5104 ,            2735.2152 ,          43.8002 ,-75.9824           ,               29.1406  ,-3.1109                  ,-10.4919              ,         2734.63 ,     43.8002 ,-75.9824      ,            276.0935 ,                   29.3062 ,         0 ,-10.2768             ,36.5919          ,36.5919          ,       708.8594 ,                1 ,          253.0603 ,                   1 ,               26.7037 ,-6.6119                 ,-32768               ,                       2767.5832 ,               0.39658  , , , , ,
[2023-02-01T19:07:05.2935969] ,  2402.801  ,01-Feb-2023 19:05:39 ,                253.0676 ,          37.0185 ,             241.8519 ,              710.6932 ,         283.8351 ,                27.4444 ,            2724.9811 ,          43.8002 ,-75.9821           ,               27.3155  ,-2.1589                  ,-10.3416              ,         2724.99 ,     43.8002 ,-75.9821      ,            274.519  ,                   27.4007 ,         0 ,-10.4919             ,36.4002          ,36.4002          ,       709.8846 ,                1 ,          253.131  ,                   1 ,               26.6481 ,-6.5639                 ,-32768               ,                       2757.3982 ,               0.39471  , , , , ,
[2023-02-01T19:07:05.2979217] ,  2403.801  ,01-Feb-2023 19:05:40 ,                253.1487 ,          36.947  ,             241.9051 ,              711.6862 ,         283.7503 ,                27.3754 ,            2714.9898 ,          43.8001 ,-75.9818           ,               25.6745  ,-1.9153                  ,-9.9325               ,         2714.74 ,     43.8002 ,-75.9818      ,            274.2663 ,                   25.7459 ,         0 ,-10.3416             ,36.2629          ,36.2629          ,       710.8293 ,                1 ,          253.2103 ,                   1 ,               26.5914 ,-6.5077                 ,-32768               ,                       2747.4777 ,               0.39617  , , , , ,
[2023-02-01T19:07:05.2991040] ,  2404.801  ,01-Feb-2023 19:05:41 ,                253.2277 ,          37.1936 ,             242.0491 ,              712.6797 ,         283.6516 ,                27.3028 ,            2705.0329 ,          43.8001 ,-75.9815           ,               23.7105  ,-2.6418                  ,-9.8329               ,         2705.4  ,     43.8001 ,-75.9815      ,            276.3577 ,                   23.8572 ,         0 ,-9.9325              ,36.3293          ,36.3293          ,       711.7169 ,                1 ,          253.2888 ,                   1 ,               26.5321 ,-6.4438                 ,-32768               ,                       2737.6489 ,               0.4011   , , , , ,
[2023-02-01T19:07:05.3001916] ,  2405.801  ,01-Feb-2023 19:05:42 ,                253.3179 ,          37.7284 ,             242.286  ,              713.6763 ,         283.5398 ,                27.226  ,            2694.7814 ,          43.8001 ,-75.9812           ,               22.0744  ,-4.3364                  ,-10.1683              ,         2694.94 ,     43.8001 ,-75.9812      ,            281.1139 ,                   22.4963 ,         0 ,-9.8329              ,36.9302          ,36.9302          ,       712.6533 ,                1 ,          253.3849 ,                   1 ,               26.4693 ,-6.3738                 ,-32768               ,                       2727.4656 ,               0.40968  , , , , ,
[2023-02-01T19:07:05.3015469] ,  2406.801  ,01-Feb-2023 19:05:43 ,                253.3631 ,          38.5927 ,             242.5728 ,              714.6751 ,         283.4158 ,                27.1454 ,            2684.1698 ,          43.8    ,-75.9809           ,               21.2742  ,-6.5726                  ,-10.3557              ,         2684.62 ,     43.8    ,-75.9809      ,            287.1685 ,                   22.2664 ,         0 ,-10.1683             ,37.0296          ,37.0296          ,       713.7885 ,                1 ,          253.4366 ,                   1 ,               26.404  ,-6.2985                 ,-32768               ,                       2716.8226 ,               0.42042  , , , , ,
[2023-02-01T19:07:05.3040013] ,  2407.801  ,01-Feb-2023 19:05:44 ,                253.3811 ,          39.9282 ,             242.9591 ,              715.673  ,         283.2799 ,                27.0609 ,            2673.3574 ,          43.7999 ,-75.9807           ,               21.2235  ,-8.3249                  ,-10.5174              ,         2672.89 ,     43.7999 ,-75.9807      ,            291.4174 ,                   22.7979 ,         0 ,-10.3557             ,38.0242          ,38.0242          ,       714.8436 ,                1 ,          253.4659 ,                   1 ,               26.3371 ,-6.2168                 ,-32768               ,                       2705.8411 ,               0.4355   , , , , ,
[2023-02-01T19:07:05.3055636] ,  2408.801  ,01-Feb-2023 19:05:45 ,                253.328  ,          41.4309 ,             243.3129 ,              716.6683 ,         283.1334 ,                26.972  ,            2662.8209 ,          43.7998 ,-75.9804           ,               22.0778  ,-9.8497                  ,-10.3317              ,         2662.68 ,     43.7998 ,-75.9804      ,            294.0432 ,                   24.1753 ,         0 ,-10.5174             ,39.2666          ,39.2666          ,       715.7222 ,                1 ,          253.4138 ,                   1 ,               26.2666 ,-6.1289                 ,-32768               ,                       2695.2715 ,               0.44968  , , , , ,
[2023-02-01T19:07:05.3083174] ,  2409.801  ,01-Feb-2023 19:05:46 ,                253.2871 ,          42.6547 ,             243.5932 ,              717.6584 ,         282.9789 ,                26.8783 ,            2652.66   ,          43.7997 ,-75.9801           ,               23.9542  ,-11.1008                 ,-10.1972              ,         2652.31 ,     43.7998 ,-75.9801      ,            294.8638 ,                   26.4014 ,         0 ,-10.3317             ,40.1757          ,40.1757          ,       716.8874 ,                1 ,          253.3754 ,                   1 ,               26.1918 ,-6.0364                 ,-32768               ,                       2685.1688 ,               0.46107  , , , , ,
[2023-02-01T19:07:15.5780111] ,  2410.801  ,01-Feb-2023 19:05:47 ,                253.2607 ,          43.7125 ,             243.8371 ,              718.6455 ,         282.8195 ,                26.7793 ,            2642.8389 ,          43.7996 ,-75.9798           ,               25.4726  ,-11.4359                 ,-9.9654               ,         2642.98 ,     43.7996 ,-75.9798      ,            294.1777 ,                   27.922  ,         0 ,-10.1972             ,40.6942          ,40.6942          ,       717.9274 ,                1 ,          253.346  ,                   1 ,               26.1125 ,-5.9415                 ,-32768               ,                       2675.4643 ,               0.47111  , , , , ,
[2023-02-01T19:07:15.5819175] ,  2411.801  ,01-Feb-2023 19:05:48 ,                253.2288 ,          45.1189 ,             244.1551 ,              719.6326 ,         282.6584 ,                26.6749 ,            2633.031  ,          43.7995 ,-75.9794           ,               27.1812  ,-11.1065                 ,-9.7566               ,         2633.15 ,     43.7995 ,-75.9794      ,            292.2254 ,                   29.3627 ,         0 ,-9.9654              ,41.787           ,41.787           ,       718.4809 ,                1 ,          253.3106 ,                   1 ,               26.0269 ,-5.8457                 ,-32768               ,                       2665.7714 ,               0.4847   , , , , ,
[2023-02-01T19:07:15.5852508] ,  2412.801  ,01-Feb-2023 19:05:49 ,                253.2522 ,          47.0913 ,             244.6482 ,              720.6234 ,         282.498  ,                26.5653 ,            2622.9858 ,          43.7995 ,-75.9791           ,               29.4284  ,-9.813                   ,-10.0821              ,         2623.64 ,     43.7995 ,-75.9791      ,            288.4412 ,                   31.0214 ,         0 ,-9.7566              ,42.8859          ,42.8859          ,       719.6569 ,                1 ,          253.3416 ,                   1 ,               25.936  ,-5.7487                 ,-32768               ,                       2655.6802 ,               0.50684  , , , , ,
[2023-02-01T19:07:15.5886197] ,  2413.801  ,01-Feb-2023 19:05:50 ,                253.1939 ,          49.734  ,             245.1976 ,              721.6223 ,         282.3409 ,                26.4512 ,            2612.6296 ,          43.7994 ,-75.9787           ,               30.5538  ,-8.3771                  ,-10.3277              ,         2611.84 ,     43.7994 ,-75.9787      ,            285.3324 ,                   31.6814 ,         0 ,-10.0821             ,45.0152          ,45.0152          ,       720.75   ,                1 ,          253.2742 ,                   1 ,               25.8395 ,-5.6521                 ,-32768               ,                       2645.1106 ,               0.53265  , , , , ,
[2023-02-01T19:07:15.5919411] ,  2414.801  ,01-Feb-2023 19:05:51 ,                253.1741 ,          52.8738 ,             245.8595 ,              722.6299 ,         282.1892 ,                26.3333 ,            2602.296  ,          43.7993 ,-75.9783           ,               31.0703  ,-6.9891                  ,-9.9736               ,         2602.74 ,     43.7993 ,-75.9783      ,            282.6774 ,                   31.8467 ,         0 ,-10.3277             ,47.5039          ,47.5039          ,       721.6091 ,                1 ,          253.2537 ,                   1 ,               25.7388 ,-5.56                   ,-32768               ,                       2634.9245 ,               0.56546  , , , , ,
[2023-02-01T19:07:15.5952957] ,  2415.801  ,01-Feb-2023 19:05:52 ,                253.2148 ,          56.1486 ,             246.5698 ,              723.6461 ,         282.0435 ,                26.2117 ,            2591.905  ,          43.7993 ,-75.9779           ,               30.426   ,-4.243                   ,-10.3357              ,         2591.77 ,     43.7993 ,-75.9779      ,            277.9388 ,                   30.7204 ,         0 ,-9.9736              ,49.8446          ,49.8446          ,       722.6643 ,                1 ,          253.3017 ,                   1 ,               25.6347 ,-5.4695                 ,-32768               ,                       2624.5408 ,               0.60273  , , , , ,
[2023-02-01T19:07:15.5986333] ,  2416.801  ,01-Feb-2023 19:05:53 ,                253.1768 ,          59.7584 ,             247.2341 ,              724.666  ,         281.9042 ,                26.0859 ,            2581.5003 ,          43.7993 ,-75.9776           ,               29.0964  ,-2.1002                  ,-10.4659              ,         2581.48 ,     43.7993 ,-75.9776      ,            274.1285 ,                   29.1721 ,         0 ,-10.3357             ,53.7791          ,53.7791          ,       723.6943 ,                1 ,          253.2649 ,                   1 ,               25.5251 ,-5.3811                 ,-32768               ,                       2614.0631 ,               0.6395   , , , , ,
[2023-02-01T19:07:15.6020314] ,  2417.801  ,01-Feb-2023 19:05:54 ,                253.1129 ,          63.1254 ,             247.7922 ,              725.6827 ,         281.7726 ,                25.9552 ,            2571.1161 ,          43.7993 ,-75.9772           ,               27.5495  ,-0.77654                 ,-10.6857              ,         2570.78 ,     43.7993 ,-75.9772      ,            271.6146 ,                   27.5605 ,         0 ,-10.4659             ,57.3639          ,57.3639          ,       724.9259 ,                1 ,          253.2039 ,                   1 ,               25.4091 ,-5.296                  ,-32768               ,                       2603.777  ,               0.67178  , , , , ,
[2023-02-01T19:07:15.6032651] ,  2418.801  ,01-Feb-2023 19:05:55 ,                253.0628 ,          65.2881 ,             248.1261 ,              726.6909 ,         281.6505 ,                25.8191 ,            2560.7147 ,          43.7993 ,-75.9769           ,               26.9774  ,-0.38734                 ,-10.6167              ,         2561.53 ,     43.7993 ,-75.9769      ,            270.8226 ,                   26.9802 ,         0 ,-10.6857             ,59.9506          ,59.9506          ,       725.9512 ,                1 ,          253.155  ,                   1 ,               25.2879 ,-5.2134                 ,-32768               ,                       2593.6193 ,               0.6914   , , , , ,
[2023-02-01T19:07:23.7806131] ,  2419.801  ,01-Feb-2023 19:05:56 ,                253.0179 ,          66.1437 ,             248.2307 ,              727.688  ,         281.5402 ,                25.6776 ,            2550.1476 ,          43.7993 ,-75.9766           ,               26.023   ,-0.44243                 ,-10.2663              ,         2550.03 ,     43.7993 ,-75.9766      ,            270.974  ,                   26.0268 ,         0 ,-10.6167             ,62.2809          ,62.2809          ,       726.7802 ,                1 ,          253.1086 ,                   1 ,               25.1592 ,-5.1368                 ,-32768               ,                       2582.8814 ,               0.697    , , , , ,
[2023-02-01T19:07:23.7843972] ,  2420.801  ,01-Feb-2023 19:05:57 ,                252.9699 ,          66.0479 ,             248.1681 ,              728.6702 ,         281.443  ,                25.5307 ,            2539.7381 ,          43.7992 ,-75.9763           ,               24.7743  ,-0.49774                 ,-9.7036               ,         2539.26 ,     43.7992 ,-75.9763      ,            271.151  ,                   24.7793 ,         0 ,-10.2663             ,64.0378          ,64.0378          ,       727.7928 ,                1 ,          253.0537 ,                   1 ,               25.023  ,-5.0642                 ,-32768               ,                       2572.294  ,               0.69213  , , , , ,
[2023-02-01T19:07:23.7880319] ,  2421.801  ,01-Feb-2023 19:05:58 ,                252.9623 ,          65.4888 ,             248.0643 ,              729.6407 ,         281.3596 ,                25.3794 ,            2529.8192 ,          43.7992 ,-75.976            ,               24.1594  ,-0.67822                 ,-9.5255               ,         2529.62 ,     43.7992 ,-75.976       ,            271.608  ,                   24.1689 ,         0 ,-9.7036              ,64.6142          ,64.6142          ,       728.712  ,                1 ,          253.0383 ,                   1 ,               24.8809 ,-4.9978                 ,-32768               ,                       2562.4998 ,               0.68477  , , , , ,
[2023-02-01T19:07:23.7914035] ,  2422.801  ,01-Feb-2023 19:05:59 ,                253.0022 ,          64.9412 ,             248.0074 ,              730.603  ,         281.2886 ,                25.224  ,            2520.3463 ,          43.7992 ,-75.9757           ,               23.9911  ,-1.1316                  ,-9.3262               ,         2520.59 ,     43.7992 ,-75.9757      ,            272.7005 ,                   24.0178 ,         0 ,-9.5255              ,64.5172          ,64.5172          ,       729.7448 ,                1 ,          253.0713 ,                   1 ,               24.7355 ,-4.9381                 ,-32768               ,                       2553.1552 ,               0.68036  , , , , ,
[2023-02-01T19:07:23.7950705] ,  2423.801  ,01-Feb-2023 19:06:00 ,                253.0727 ,          64.6281 ,             248.0202 ,              731.5594 ,         281.2274 ,                25.064  ,            2511.0876 ,          43.7992 ,-75.9754           ,               23.3157  ,-1.6512                  ,-9.2464               ,         2510.99 ,     43.7992 ,-75.9754      ,            274.0509 ,                   23.3741 ,         0 ,-9.3262              ,64.2591          ,64.2591          ,       730.6566 ,                1 ,          253.1383 ,                   1 ,               24.5851 ,-4.8805                 ,-32768               ,                       2543.7865 ,               0.68026  , , , , ,
[2023-02-01T19:07:23.7984445] ,  2424.801  ,01-Feb-2023 19:06:01 ,                253.1374 ,          64.5518 ,             248.069  ,              732.5142 ,         281.1738 ,                24.8984 ,            2501.9234 ,          43.7992 ,-75.9751           ,               22.0395  ,-2.5179                  ,-9.3858               ,         2501.71 ,     43.7992 ,-75.9751      ,            276.5176 ,                   22.1829 ,         0 ,-9.2464              ,64.0594          ,64.0594          ,       731.6136 ,                1 ,          253.201  ,                   1 ,               24.427  ,-4.8245                 ,-32768               ,                       2534.5633 ,               0.68237  , , , , ,
[2023-02-01T19:07:23.8038624] ,  2425.801  ,01-Feb-2023 19:06:02 ,                253.2102 ,          64.7721 ,             248.1776 ,              733.4717 ,         281.1262 ,                24.7268 ,            2492.6751 ,          43.7992 ,-75.9749           ,               20.8885  ,-3.9188                  ,-9.4767               ,         2492.96 ,     43.7992 ,-75.9748      ,            280.6255 ,                   21.253  ,         0 ,-9.3858              ,63.8764          ,63.8764          ,       732.5114 ,                1 ,          253.2794 ,                   1 ,               24.2623 ,-4.7721                 ,-32768               ,                       2525.455  ,               0.68819  , , , , ,
[2023-02-01T19:07:23.8076555] ,  2426.801  ,01-Feb-2023 19:06:03 ,                253.2551 ,          65.3198 ,             248.3165 ,              734.4365 ,         281.0823 ,                24.5493 ,            2483.0432 ,          43.7991 ,-75.9746           ,               20.1654  ,-5.804                   ,-9.8397               ,         2483.43 ,     43.7991 ,-75.9746      ,            286.0569 ,                   20.984  ,         0 ,-9.4767              ,64.2534          ,64.2534          ,       733.437  ,                1 ,          253.3304 ,                   1 ,               24.091  ,-4.7191                 ,-32768               ,                       2515.8671 ,               0.69594  , , , , ,
[2023-02-01T19:07:23.8114257] ,  2427.801  ,01-Feb-2023 19:06:04 ,                253.2464 ,          66.0476 ,             248.4342 ,              735.412  ,         281.0402 ,                24.3664 ,            2472.97   ,          43.799  ,-75.9743           ,               20.0952  ,-7.6232                  ,-10.239               ,         2472.9  ,     43.799  ,-75.9744      ,            290.7746 ,                   21.4925 ,         0 ,-9.8397              ,64.811           ,64.811           ,       734.3374 ,                1 ,          253.3217 ,                   1 ,               23.9152 ,-4.6652                 ,-32768               ,                       2505.6633 ,               0.70242  , , , , ,
[2023-02-01T19:07:32.1356505] ,  2428.801  ,01-Feb-2023 19:06:05 ,                253.2533 ,          66.7657 ,             248.5639 ,              736.3974 ,         280.9987 ,                24.1784 ,            2462.65   ,          43.799  ,-75.9741           ,               21.1653  ,-9.1758                  ,-10.3111              ,         2462.52 ,     43.799  ,-75.9741      ,            293.4383 ,                   23.0687 ,         0 ,-10.239              ,65.8778          ,65.8778          ,       735.4522 ,                1 ,          253.3273 ,                   1 ,               23.7346 ,-4.6128                 ,-32768               ,                       2495.3203 ,               0.70972  , , , , ,
[2023-02-01T19:07:32.1370837] ,  2429.801  ,01-Feb-2023 19:06:06 ,                253.2841 ,          67.3585 ,             248.6943 ,              737.3915 ,         280.955  ,                23.9853 ,            2452.3118 ,          43.7989 ,-75.9738           ,               22.3262  ,-10.0317                 ,-10.1036              ,         2452.31 ,     43.7989 ,-75.9738      ,            294.1955 ,                   24.4764 ,         0 ,-10.3111             ,66.3964          ,66.3964          ,       736.4998 ,                1 ,          253.3548 ,                   1 ,               23.5481 ,-4.5578                 ,-32768               ,                       2485.0576 ,               0.71711  , , , , ,
[2023-02-01T19:07:32.1409925] ,  2430.801  ,01-Feb-2023 19:06:07 ,                253.3326 ,          68.2002 ,             248.8828 ,              738.3904 ,         280.9053 ,                23.7873 ,            2442.0613 ,          43.7988 ,-75.9735           ,               23.3563  ,-10.2914                 ,-9.9122               ,         2442.01 ,     43.7988 ,-75.9735      ,            293.7796 ,                   25.5231 ,         0 ,-10.1036             ,66.9252          ,66.9252          ,       737.4497 ,                1 ,          253.4052 ,                   1 ,               23.3576 ,-4.5008                 ,-32768               ,                       2474.8533 ,               0.72836  , , , , ,
[2023-02-01T19:07:32.1433422] ,  2431.801  ,01-Feb-2023 19:06:08 ,                253.3671 ,          69.5135 ,             249.1343 ,              739.3915 ,         280.8453 ,                23.5847 ,            2431.9897 ,          43.7987 ,-75.9732           ,               25.1789  ,-9.701                   ,-10.0323              ,         2432    ,     43.7987 ,-75.9732      ,            291.0708 ,                   26.9831 ,         0 ,-9.9122              ,67.4118          ,67.4118          ,       738.4196 ,                1 ,          253.4452 ,                   1 ,               23.1631 ,-4.4374                 ,-32768               ,                       2464.7454 ,               0.74393  , , , , ,
[2023-02-01T19:07:32.1447900] ,  2432.801  ,01-Feb-2023 19:06:09 ,                253.3535 ,          71.2196 ,             249.3989 ,              740.3919 ,         280.7712 ,                23.3777 ,            2422.1571 ,          43.7986 ,-75.9729           ,               26.8149  ,-8.084                   ,-10.0386              ,         2421.74 ,     43.7986 ,-75.9729      ,            286.7768 ,                   28.0069 ,         0 ,-10.0323             ,68.2035          ,68.2035          ,       739.5284 ,                1 ,          253.4347 ,                   1 ,               22.9654 ,-4.3693                 ,-32768               ,                       2454.8479 ,               0.76069  , , , , ,
[2023-02-01T19:07:32.1459984] ,  2433.801  ,01-Feb-2023 19:06:10 ,                253.3323 ,          72.8649 ,             249.6405 ,              741.3907 ,         280.6792 ,                23.166  ,            2412.5282 ,          43.7986 ,-75.9725           ,               27.6466  ,-6.552                   ,-9.7651               ,         2412.72 ,     43.7986 ,-75.9725      ,            283.3326 ,                   28.4124 ,         0 ,-10.0386             ,68.7333          ,68.7333          ,       740.5065 ,                1 ,          253.4138 ,                   1 ,               22.7649 ,-4.2938                 ,-32768               ,                       2445.3121 ,               0.7762   , , , , ,
[2023-02-01T19:07:32.1472040] ,  2434.801  ,01-Feb-2023 19:06:11 ,                253.3129 ,          73.7728 ,             249.7641 ,              742.3868 ,         280.566  ,                22.9493 ,            2402.835  ,          43.7985 ,-75.9722           ,               27.7663  ,-4.6548                  ,-9.4896               ,         2402.86 ,     43.7985 ,-75.9722      ,            279.5167 ,                   28.1538 ,         0 ,-9.7651              ,70.0868          ,70.0868          ,       741.4911 ,                1 ,          253.3864 ,                   1 ,               22.5604 ,-4.2084                 ,-32768               ,                       2435.6516 ,               0.78373  , , , , ,
[2023-02-01T19:07:32.1483386] ,  2435.801  ,01-Feb-2023 19:06:12 ,                253.3528 ,          73.8321 ,             249.8121 ,              743.3831 ,         280.4297 ,                22.7274 ,            2392.8664 ,          43.7985 ,-75.9719           ,               27.0873  ,-2.4878                  ,-9.5205               ,         2393.08 ,     43.7985 ,-75.9719      ,            275.2476 ,                   27.2013 ,         0 ,-9.4896              ,70.8978          ,70.8978          ,       742.4234 ,                1 ,          253.4235 ,                   1 ,               22.3518 ,-4.1139                 ,-32768               ,                       2425.7365 ,               0.78602  , , , , ,
[2023-02-01T19:07:32.1494608] ,  2436.801  ,01-Feb-2023 19:06:13 ,                253.4063 ,          73.7465 ,             249.8507 ,              744.3809 ,         280.2688 ,                22.5005 ,            2382.5028 ,          43.7985 ,-75.9716           ,               25.4097  ,-0.46682                 ,-9.8708               ,         2382.81 ,     43.7985 ,-75.9715      ,            271.0525 ,                   25.4139 ,         0 ,-9.5205              ,71.9696          ,71.9696          ,       743.3742 ,                1 ,          253.4909 ,                   1 ,               22.1397 ,-4.0112                 ,-32768               ,                       2415.4127 ,               0.78767  , , , , ,
[2023-02-01T19:07:40.3475414] ,  2437.801  ,01-Feb-2023 19:06:14 ,                253.4098 ,          74.2812 ,             249.9374 ,              745.38   ,         280.0808 ,                22.2685 ,            2371.8387 ,          43.7985 ,-75.9713           ,               22.785   ,0.19915                  ,-10.4433              ,         2371.79 ,     43.7985 ,-75.9713      ,            269.4992 ,                   22.7858 ,         0 ,-9.8708              ,71.9212          ,71.9212          ,       744.3107 ,                1 ,          253.5312 ,                   1 ,               21.9247 ,-3.8988                 ,-32768               ,                       2404.6847 ,               0.79269  , , , , ,
[2023-02-01T19:07:40.3495979] ,  2438.801  ,01-Feb-2023 19:06:15 ,                253.1342 ,          75.8003 ,             249.9022 ,              746.376  ,         279.8642 ,                22.0314 ,            2361.1831 ,          43.7985 ,-75.971            ,               20.4871  ,-0.60268                 ,-10.6592              ,         2361.06 ,     43.7985 ,-75.971       ,            271.685  ,                   20.4959 ,         0 ,-10.4433             ,73.2903          ,73.2903          ,       745.4384 ,                1 ,          253.2722 ,                   1 ,               21.706  ,-3.7749                 ,-32768               ,                       2393.988  ,               0.78916  , , , , ,
[2023-02-01T19:07:40.3509553] ,  2439.801  ,01-Feb-2023 19:06:16 ,                252.8115 ,          78.025  ,             249.9204 ,              747.3613 ,         279.6192 ,                21.7892 ,            2350.87   ,          43.7985 ,-75.9708           ,               18.9877  ,-1.9378                  ,-10.4928              ,         2350.56 ,     43.7985 ,-75.9708      ,            275.8273 ,                   19.0863 ,         0 ,-10.6592             ,75.391           ,75.391           ,       746.5821 ,                1 ,          252.9681 ,                   1 ,               21.4832 ,-3.6406                 ,-32768               ,                       2383.6642 ,               0.7894   , , , , ,
[2023-02-01T19:07:40.3521771] ,  2440.801  ,01-Feb-2023 19:06:17 ,                252.4834 ,          80.1355 ,             249.9068 ,              748.3269 ,         279.347  ,                21.5422 ,            2341.0086 ,          43.7984 ,-75.9705           ,               18.5002  ,-2.6249                  ,-9.8986               ,         2340.92 ,     43.7984 ,-75.9705      ,            278.0755 ,                   18.6854 ,         0 ,-10.4928             ,77.3781          ,77.3781          ,       747.6406 ,                1 ,          252.6351 ,                   1 ,               21.2566 ,-3.4984                 ,-32768               ,                       2373.9307 ,               0.78742  , , , , ,
[2023-02-01T19:07:40.3535905] ,  2441.801  ,01-Feb-2023 19:06:18 ,                252.189  ,          81.6652 ,             249.8358 ,              749.2648 ,         279.0486 ,                21.2911 ,            2331.5273 ,          43.7984 ,-75.9703           ,               18.2725  ,-3.5463                  ,-9.1578               ,         2331.78 ,     43.7984 ,-75.9703      ,            280.9834 ,                   18.6135 ,         0 ,-9.8986              ,79.6111          ,79.6111          ,       748.3378 ,                1 ,          252.3221 ,                   1 ,               21.026  ,-3.3479                 ,-32768               ,                       2364.6163 ,               0.78149  , , , , ,
[2023-02-01T19:07:40.3554373] ,  2442.801  ,01-Feb-2023 19:06:19 ,                252.0316 ,          82.6267 ,             249.8159 ,              750.171  ,         278.7237 ,                21.037  ,            2322.3081 ,          43.7984 ,-75.9701           ,               18.7514  ,-5.4081                  ,-8.9216               ,         2322.46 ,     43.7984 ,-75.9701      ,            286.0881 ,                   19.5157 ,         0 ,-9.1578              ,81.09            ,81.09            ,       749.3757 ,                1 ,          252.1521 ,                   1 ,               20.7928 ,-3.1909                 ,-32768               ,                       2355.4504 ,               0.77917  , , , , ,
[2023-02-01T19:07:40.3571908] ,  2443.801  ,01-Feb-2023 19:06:20 ,                251.9448 ,          83.2474 ,             249.8167 ,              751.0444 ,         278.3711 ,                20.7807 ,            2313.4865 ,          43.7983 ,-75.9698           ,               19.7372  ,-6.8824                  ,-8.9095               ,         2313.66 ,     43.7983 ,-75.9698      ,            289.2237 ,                   20.9027 ,         0 ,-8.9216              ,81.4766          ,81.4766          ,       750.343  ,                1 ,          252.0493 ,                   1 ,               20.5593 ,-3.0261                 ,-32768               ,                       2346.4086 ,               0.77832  , , , , ,
[2023-02-01T19:07:40.3604558] ,  2444.801  ,01-Feb-2023 19:06:21 ,                251.8566 ,          83.7446 ,             249.7986 ,              751.8894 ,         277.9904 ,                20.5224 ,            2305.233  ,          43.7982 ,-75.9696           ,               19.7998  ,-7.3377                  ,-8.7917               ,         2304.11 ,     43.7982 ,-75.9696      ,            290.3344 ,                   21.1157 ,         0 ,-8.9095              ,82.6313          ,82.6313          ,       751.1298 ,                1 ,          251.9448 ,                   1 ,               20.3234 ,-2.8526                 ,-32768               ,                       2337.7861 ,               0.77619  , , , , ,
[2023-02-01T19:07:40.3618277] ,  2445.801  ,01-Feb-2023 19:06:22 ,                251.8979 ,          84.1712 ,             249.8977 ,              752.7151 ,         277.5828 ,                20.2627 ,            2297.6617 ,          43.7982 ,-75.9693           ,               18.131   ,-5.1462                  ,-6.6454               ,         2297.44 ,     43.7982 ,-75.9694      ,            285.8456 ,                   18.8472 ,         0 ,-8.7917              ,83.2733          ,83.2733          ,       751.7839 ,                1 ,          252.0047 ,                   1 ,               20.086  ,-2.6735                 ,-32768               ,                       2330.4269 ,               0.78219  , , , , ,
[2023-02-01T19:07:49.6358229] ,  2446.801  ,01-Feb-2023 19:06:23 ,                251.8169 ,          85.2104 ,             249.9592 ,              753.5326 ,         277.1495 ,                20.0022 ,            2290.2343 ,          43.7982 ,-75.9691           ,               19.9187  ,-2.1488                  ,-6.9831               ,         2290.92 ,     43.7982 ,-75.9691      ,            276.1571 ,                   20.0343 ,         0 ,-6.6454              ,84.3514          ,84.3514          ,       752.4543 ,                1 ,          251.9409 ,                   1 ,               19.8467 ,-2.4901                 ,-32768               ,                       2323.543  ,               0.78562  , , , , ,
[2023-02-01T19:07:49.6407371] ,  2447.801  ,01-Feb-2023 19:06:24 ,                251.5686 ,          88.311  ,             250.1263 ,              754.353  ,         276.6916 ,                19.7419 ,            2282.2579 ,          43.7981 ,-75.9688           ,               20.5694  ,-3.1217                  ,-7.6503               ,         2283.77 ,     43.7981 ,-75.9688      ,            278.6295 ,                   20.805  ,         0 ,-6.9831              ,84.9325          ,84.9325          ,       753.284  ,                1 ,          251.7136 ,                   1 ,               19.6067 ,-2.3004                 ,-32768               ,                       2315.5574 ,               0.79648  , , , , ,
[2023-02-01T19:07:49.6425168] ,  2448.801  ,01-Feb-2023 19:06:25 ,                251.2933 ,          93.6884 ,             250.5364 ,              755.1842 ,         276.2119 ,                19.4831 ,            2273.4246 ,          43.7981 ,-75.9686           ,               22.1619  ,-3.4414                  ,-10.9489              ,         2272.51 ,     43.7981 ,-75.9686      ,            278.8267 ,                   22.4275 ,         0 ,-7.6503              ,86.5031          ,86.5031          ,       754.0402 ,                1 ,          251.4631 ,                   1 ,               19.3687 ,-2.1075                 ,-32768               ,                       2305.9689 ,               0.825    , , , , ,
[2023-02-01T19:07:49.6438370] ,  2449.801  ,01-Feb-2023 19:06:26 ,                250.9211 ,          99.283  ,             250.8376 ,              756.0294 ,         275.7133 ,                19.2264 ,            2264.6078 ,          43.7981 ,-75.9683           ,               20.8055  ,1.9648                   ,-9.416                ,         2263.31 ,     43.7981 ,-75.9683      ,            264.6052 ,                   20.8981 ,         0 ,-10.9489             ,91.6454          ,91.6454          ,       755.0976 ,                1 ,          251.0734 ,                   1 ,               19.1313 ,-1.9137                 ,-32768               ,                       2297.0535 ,               0.84626  , , , , ,
[2023-02-01T19:07:49.6479445] ,  2450.801  ,01-Feb-2023 19:06:27 ,                250.5916 ,         100      ,             250.5915 ,              756.8851 ,         275.1977 ,                18.9725 ,            2256.0965 ,          43.7981 ,-75.9681           ,               18.135   ,0.30509                  ,-6.8437               ,         2257.03 ,     43.7981 ,-75.9681      ,            269.0362 ,                   18.1376 ,         0 ,-9.416               ,99.8142          ,99.8142          ,       755.9495 ,                1 ,          250.698  ,                   1 ,               18.8941 ,-1.7188                 ,-32768               ,                       2289.4156 ,               0.82717  , , , , ,
[2023-02-01T19:07:49.6495946] ,  2451.801  ,01-Feb-2023 19:06:28 ,                250.6618 ,         100      ,             250.6618 ,              757.7476 ,         274.6667 ,                18.7221 ,            2247.3641 ,          43.7981 ,-75.9679           ,               18.6929  ,-0.81352                 ,-8.0172               ,         2249.04 ,     43.7981 ,-75.9679      ,            272.492  ,                   18.7106 ,        15 ,-6.8437              ,-32768           ,-32768           ,       756.8224 ,                1 ,          250.489  ,                   1 ,               18.6605 ,-1.524                  ,-32768               ,                       2280.6473 ,               0.83136  , , , , ,
[2023-02-01T19:07:49.6524479] ,  2452.801  ,01-Feb-2023 19:06:29 ,                250.7402 ,         100      ,             250.7401 ,              758.6133 ,         274.1223 ,                18.4759 ,            2238.4527 ,          43.7981 ,-75.9676           ,               19.6415  ,-0.29041                 ,-11.5815              ,         2235.83 ,     43.7981 ,-75.9676      ,            270.8471 ,                   19.6437 ,        15 ,-8.0172              ,-32768           ,-32768           ,       757.9481 ,                1 ,          250.3782 ,                   1 ,               18.4286 ,-1.3281                 ,-32768               ,                       2270.705  ,               0.83617  , , , , ,
[2023-02-01T19:07:49.6540667] ,  2453.801  ,01-Feb-2023 19:06:30 ,                250.7976 ,         100      ,             250.7976 ,              759.4797 ,         273.5681 ,                18.2348 ,            2230.2098 ,          43.7981 ,-75.9674           ,               16.8182  ,-2.5835                  ,-6.847                ,         2230.14 ,     43.7981 ,-75.9674      ,            278.7332 ,                   17.0155 ,        15 ,-11.5815             ,-32768           ,-32768           ,       758.6884 ,                1 ,          250.4218 ,                   1 ,               18.1993 ,-1.134                  ,-32768               ,                       2262.8048 ,               0.83945  , , , , ,
[2023-02-01T19:07:49.6554193] ,  2454.801  ,01-Feb-2023 19:06:31 ,                250.8541 ,         100      ,             250.8541 ,              760.345  ,         273.0082 ,                18      ,            2222.0096 ,          43.7981 ,-75.9672           ,               17.3594  ,-0.023846                ,-7.4683               ,         2222.91 ,     43.7981 ,-75.9672      ,            270.0787 ,                   17.3595 ,        15 ,-6.847               ,-32768           ,-32768           ,       759.4427 ,                1 ,          250.4708 ,                   1 ,               17.9748 ,-0.94413                ,-32768               ,                       2255.4086 ,               0.84268  , , , , ,
[2023-02-01T19:07:58.9238852] ,  2455.801  ,01-Feb-2023 19:06:32 ,                250.9105 ,         100      ,             250.9105 ,              761.2086 ,         272.4454 ,                17.7728 ,            2213.0087 ,          43.7981 ,-75.9669           ,               19.2634  ,-2.2255                  ,-9.6156               ,         2214.51 ,     43.7981 ,-75.9669      ,            276.5903 ,                   19.3916 ,        15 ,-7.4683              ,-32768           ,-32768           ,       760.4554 ,                1 ,          250.6055 ,                   1 ,               17.7563 ,-0.75865                ,-32768               ,                       2246.5145 ,               0.84591  , , , , ,
[2023-02-01T19:07:58.9277542] ,  2456.801  ,01-Feb-2023 19:06:33 ,                250.967  ,         100      ,             250.967  ,              762.0714 ,         271.8812 ,                17.5538 ,            2203.1663 ,          43.7981 ,-75.9667           ,               19.6207  ,0.061455                 ,-11.6942              ,         2202.7  ,     43.7981 ,-75.9667      ,            269.8205 ,                   19.6208 ,        15 ,-9.6156              ,-32768           ,-32768           ,       761.6382 ,                1 ,          250.6976 ,                   1 ,               17.5447 ,-0.57674                ,-32768               ,                       2236.0096 ,               0.84916  , , , , ,
[2023-02-01T19:07:58.9314406] ,  2457.801  ,01-Feb-2023 19:06:34 ,                251.0234 ,          99.9861 ,             251.0218 ,              762.9329 ,         271.3182 ,                17.3434 ,            2193.4145 ,          43.7981 ,-75.9665           ,               15.2495  ,4.399                    ,-8.7621               ,         2192.24 ,     43.7981 ,-75.9665      ,            253.9088 ,                   15.8714 ,        15 ,-11.6942             ,-32768           ,-32768           ,       762.5764 ,                1 ,          250.7722 ,                   1 ,               17.3386 ,-0.39865                ,-32768               ,                       2225.8805 ,               0.8523   , , , , ,
[2023-02-01T19:07:58.9349801] ,  2458.801  ,01-Feb-2023 19:06:35 ,                251.0798 ,          99.8588 ,             251.0633 ,              763.7945 ,         270.7602 ,                17.142  ,            2184.5157 ,          43.7981 ,-75.9663           ,               13.6355  ,1.5966                   ,-8.0423               ,         2183.88 ,     43.7981 ,-75.9663      ,            263.3216 ,                   13.7286 ,        15 ,-8.7621              ,-32768           ,-32768           ,       763.3942 ,                1 ,          250.865  ,                   1 ,               17.1407 ,-0.22704                ,-32768               ,                       2217.386  ,               0.85445  , , , , ,
[2023-02-01T19:07:58.9385880] ,  2459.801  ,01-Feb-2023 19:06:36 ,                251.1361 ,          99.7319 ,             251.1049 ,              764.6561 ,         270.2106 ,                16.9501 ,            2176.2722 ,          43.7981 ,-75.9661           ,               16.5499  ,-0.9192                  ,-7.7667               ,         2177.44 ,     43.7981 ,-75.9661      ,            273.179  ,                   16.5754 ,        15 ,-8.0423              ,-32768           ,-32768           ,       764.2007 ,                1 ,          250.8723 ,                   1 ,               16.9504 ,-0.062804               ,-32768               ,                       2209.7356 ,               0.85661  , , , , ,
[2023-02-01T19:07:58.9422262] ,  2460.801  ,01-Feb-2023 19:06:37 ,                251.1924 ,          99.6053 ,             251.1464 ,              765.5176 ,         269.6722 ,                16.768  ,            2168.1316 ,          43.7981 ,-75.9659           ,               16.9288  ,1.7725                   ,-9.6387               ,         2168.41 ,     43.7981 ,-75.9659      ,            264.0228 ,                   17.0213 ,        15 ,-7.7667              ,-32768           ,-32768           ,       764.9742 ,                1 ,          250.9362 ,                   1 ,               16.7674 ,0.095634                ,-32768               ,                       2201.2757 ,               0.85877  , , , , ,
[2023-02-01T19:07:58.9456219] ,  2461.801  ,01-Feb-2023 19:06:38 ,                251.2487 ,          99.4794 ,             251.188  ,              766.3792 ,         269.1449 ,                16.5949 ,            2160.0207 ,          43.7981 ,-75.9657           ,               18.1914  ,-1.3113                  ,-9.5601               ,         2158.89 ,     43.7981 ,-75.9657      ,            274.123  ,                   18.2386 ,        15 ,-9.6387              ,-32768           ,-32768           ,       766.1564 ,                1 ,          250.9854 ,                   1 ,               16.5944 ,0.24667                 ,-32768               ,                       2192.7278 ,               0.86094  , , , , ,
[2023-02-01T19:07:58.9473731] ,  2462.801  ,01-Feb-2023 19:06:39 ,                251.305  ,          99.3538 ,             251.2295 ,              767.2408 ,         268.6383 ,                16.4329 ,            2152.2707 ,          43.7981 ,-75.9655           ,               16.0035  ,-3.8242                  ,-6.3251               ,         2152.52 ,     43.7981 ,-75.9655      ,            283.4394 ,                   16.454  ,        15 ,-9.5601              ,-32768           ,-32768           ,       766.8046 ,                1 ,          251.0439 ,                   1 ,               16.4314 ,0.38861                 ,-32768               ,                       2185.2802 ,               0.86312  , , , , ,
[2023-02-01T19:07:58.9500317] ,  2463.801  ,01-Feb-2023 19:06:40 ,                251.3614 ,          99.2274 ,             251.271  ,              768.1024 ,         268.1615 ,                16.2838 ,            2144.4736 ,          43.7981 ,-75.9653           ,               14.9518  ,0.22836                  ,-6.951                ,         2145.03 ,     43.7981 ,-75.9653      ,            269.125  ,                   14.9535 ,        15 ,-6.3251              ,-32768           ,-32768           ,       767.5978 ,                1 ,          251.1165 ,                   1 ,               16.2782 ,0.52033                 ,-32768               ,                       2177.8609 ,               0.86529  , , , , ,
[2023-02-01T19:08:07.2189108] ,  2464.801  ,01-Feb-2023 19:06:41 ,                251.4176 ,          99.1012 ,             251.3124 ,              768.9639 ,         267.7326 ,                16.1522 ,            2136.2894 ,          43.7981 ,-75.9651           ,               16.9354  ,-0.83578                 ,-8.5752               ,         2137.29 ,     43.7981 ,-75.9651      ,            272.8253 ,                   16.956  ,        15 ,-6.951               ,-32768           ,-32768           ,       768.3737 ,                1 ,          251.204  ,                   1 ,               16.1355 ,0.64205                 ,-32768               ,                       2169.4905 ,               0.86746  , , , , ,
[2023-02-01T19:08:07.2217534] ,  2465.801  ,01-Feb-2023 19:06:42 ,                251.4739 ,          98.9754 ,             251.3538 ,              769.8256 ,         267.3734 ,                16.0442 ,            2127.9641 ,          43.7981 ,-75.9649           ,               15.5405  ,2.5251                   ,-9.6473               ,         2126.23 ,     43.7981 ,-75.9649      ,            260.771  ,                   15.7443 ,        15 ,-8.5752              ,-32768           ,-32768           ,       769.3472 ,                1 ,          251.2733 ,                   1 ,               16.0048 ,0.75473                 ,-32768               ,                       2160.5593 ,               0.86964  , , , , ,
[2023-02-01T19:08:07.2228903] ,  2466.801  ,01-Feb-2023 19:06:42 ,                251.5303 ,          98.8495 ,             251.3953 ,              770.6871 ,         267.0881 ,                15.96   ,            2120.2168 ,          43.7981 ,-75.9647           ,               15.5405  ,2.5251                   ,-9.6473               ,         2126.23 ,     43.7981 ,-75.9649      ,            260.771  ,                   15.7443 ,        15 ,-8.5752              ,-32768           ,-32768           ,       769.3472 ,                1 ,          251.2733 ,                   1 ,               16.0048 ,0.75473                 ,-32768               ,                       2160.5593 ,               0.87184  , , , , ,
[2023-02-01T19:08:07.2235497] ,  2467.801  ,01-Feb-2023 19:06:44 ,                251.5866 ,          98.7235 ,             251.4367 ,              771.5487 ,         266.8293 ,                15.8852 ,            2112.7389 ,          43.7981 ,-75.9646           ,               15.4025  ,-0.35757                 ,-7.4162               ,         2114.03 ,     43.7981 ,-75.9645      ,            271.3299 ,                   15.4066 ,        15 ,-9.6473              ,-32768           ,-32768           ,       770.9929 ,                1 ,          251.425  ,                   1 ,               15.8859 ,0.85722                 ,-32768               ,                       2146.1752 ,               0.87403  , , , , ,
[2023-02-01T19:08:07.2245870] ,  2468.801  ,01-Feb-2023 19:06:45 ,                251.643  ,          98.5973 ,             251.4782 ,              772.4103 ,         266.5459 ,                15.8051 ,            2105.2485 ,          43.7981 ,-75.9644           ,               14.3527  ,2.8506                   ,-8.9771               ,         2104.61 ,     43.7981 ,-75.9644      ,            258.7667 ,                   14.6331 ,        15 ,-7.4162              ,-32768           ,-32768           ,       771.6572 ,                1 ,          251.4755 ,                   1 ,               15.7792 ,0.94872                 ,-32768               ,                       2138.0903 ,               0.87622  , , , , ,
[2023-02-01T19:08:07.2256173] ,  2469.801  ,01-Feb-2023 19:06:46 ,                251.6995 ,          98.4709 ,             251.5196 ,              773.2719 ,         266.2443 ,                15.7222 ,            2098.0856 ,          43.7981 ,-75.9642           ,               12.9083  ,2.8844                   ,-7.5321               ,         2096.81 ,     43.7982 ,-75.9642      ,            257.404  ,                   13.2267 ,        15 ,-8.9771              ,-32768           ,-32768           ,       772.4663 ,                1 ,          251.5341 ,                   1 ,               15.6852 ,1.0324                  ,-32768               ,                       2130.6248 ,               0.87843  , , , , ,
[2023-02-01T19:08:07.2267170] ,  2470.801  ,01-Feb-2023 19:06:47 ,                251.756  ,          98.3444 ,             251.561  ,              774.1335 ,         265.9523 ,                15.6435 ,            2091.1206 ,          43.7982 ,-75.964            ,               13.6812  ,0.75731                  ,-6.0426               ,         2091.77 ,     43.7982 ,-75.964       ,            266.8317 ,                   13.7021 ,        15 ,-7.5321              ,-32768           ,-32768           ,       773.1672 ,                1 ,          251.5848 ,                   1 ,               15.6011 ,1.1081                  ,-32768               ,                       2124.3135 ,               0.88063  , , , , ,
[2023-02-01T19:08:07.2278283] ,  2471.801  ,01-Feb-2023 19:06:48 ,                251.8125 ,          98.2177 ,             251.6024 ,              774.9951 ,         265.6917 ,                15.5741 ,            2083.5783 ,          43.7982 ,-75.9639           ,               14.5641  ,0.85034                  ,-7.5788               ,         2084.89 ,     43.7982 ,-75.9639      ,            266.6585 ,                   14.5889 ,        15 ,-6.0426              ,105.433          ,105.433          ,       773.8624 ,                1 ,          251.6674 ,                   1 ,               15.5282 ,1.1711                  ,-32768               ,                       2117.168  ,               0.88284  , , , , ,
[2023-02-01T19:08:07.2290035] ,  2472.801  ,01-Feb-2023 19:06:49 ,                251.8691 ,          98.091  ,             251.6438 ,              775.8568 ,         265.4723 ,                15.5158 ,            2075.0346 ,          43.7982 ,-75.9637           ,               14.7768  ,3.3536                   ,-10.0303              ,         2075.49 ,     43.7982 ,-75.9637      ,            257.2132 ,                   15.1526 ,        15 ,-7.5788              ,100.7838         ,100.7838         ,       774.982  ,                1 ,          251.7419 ,                   1 ,               15.4666 ,1.225                   ,-32768               ,                       2108.2068 ,               0.88506  , , , , ,
[2023-02-01T19:08:16.4849188] ,  2473.801  ,01-Feb-2023 19:06:50 ,                251.9256 ,          97.9642 ,             251.6851 ,              776.7183 ,         265.2967 ,                15.4684 ,            2066.2033 ,          43.7982 ,-75.9635           ,               13.1685  ,4.4407                   ,-8.1435               ,         2064.92 ,     43.7982 ,-75.9635      ,            251.3647 ,                   13.8971 ,        15 ,-10.0303             ,98.258           ,98.258           ,       775.9056 ,                1 ,          251.8076 ,                   1 ,               15.4167 ,1.2691                  ,-32768               ,                       2098.5569 ,               0.88728  , , , , ,
[2023-02-01T19:08:16.4886918] ,  2474.801  ,01-Feb-2023 19:06:51 ,                251.9822 ,          97.8375 ,             251.7265 ,              777.58   ,         265.1633 ,                15.4304 ,            2057.8261 ,          43.7983 ,-75.9634           ,               13.058   ,1.9006                   ,-5.4432               ,         2056.11 ,     43.7983 ,-75.9634      ,            261.7189 ,                   13.1956 ,        15 ,-8.1435              ,98.3493          ,98.3493          ,       776.6284 ,                1 ,          251.8645 ,                   1 ,               15.3763 ,1.301                   ,-32768               ,                       2090.2964 ,               0.8895   , , , , ,
[2023-02-01T19:08:16.4920487] ,  2475.801  ,01-Feb-2023 19:06:52 ,                252.0388 ,          97.7108 ,             251.7678 ,              778.4415 ,         265.07   ,                15.4009 ,            2049.8059 ,          43.7983 ,-75.9632           ,               14.5848  ,0.50121                  ,-7.1863               ,         2051.54 ,     43.7983 ,-75.9632      ,            268.0318 ,                   14.5934 ,        15 ,-5.4432              ,97.505           ,97.505           ,       777.2971 ,                1 ,          251.9379 ,                   1 ,               15.344  ,1.3233                  ,-32768               ,                       2083.3358 ,               0.89173  , , , , ,
[2023-02-01T19:08:16.4954456] ,  2476.801  ,01-Feb-2023 19:06:53 ,                252.0954 ,          97.5844 ,             251.8092 ,              779.3032 ,         265.0148 ,                15.3801 ,            2040.9433 ,          43.7983 ,-75.963            ,               15.4049  ,2.9526                   ,-9.7607               ,         2042.06 ,     43.7983 ,-75.963       ,            259.15   ,                   15.6853 ,        15 ,-7.1863              ,94.6977          ,94.6977          ,       778.3304 ,                1 ,          252.0459 ,                   1 ,               15.3213 ,1.3362                  ,-32768               ,                       2074.7817 ,               0.89397  , , , , ,
[2023-02-01T19:08:16.4965091] ,  2477.801  ,01-Feb-2023 19:06:54 ,                252.152  ,          97.4582 ,             251.8505 ,              780.1647 ,         264.9964 ,                15.368  ,            2031.1724 ,          43.7983 ,-75.9628           ,               17.2101  ,3.4755                   ,-11.6815              ,         2031.99 ,     43.7983 ,-75.9628      ,            258.5829 ,                   17.5575 ,        15 ,-9.7607              ,92.8757          ,92.8757          ,       779.4888 ,                1 ,          252.15   ,                   1 ,               15.3097 ,1.34                    ,-32768               ,                       2064.3265 ,               0.8962   , , , , ,
[2023-02-01T19:08:16.4976353] ,  2478.801  ,01-Feb-2023 19:06:55 ,                252.2086 ,          97.3322 ,             251.8918 ,              781.0264 ,         265.014  ,                15.3646 ,            2021.4667 ,          43.7984 ,-75.9626           ,               16.9725  ,5.7692                   ,-10.4806              ,         2018.57 ,     43.7984 ,-75.9626      ,            251.2264 ,                   17.9262 ,        15 ,-11.6815             ,92.4465          ,92.4465          ,       780.6557 ,                1 ,          252.2025 ,                   1 ,               15.3062 ,1.3362                  ,-32768               ,                       2053.747  ,               0.89844  , , , , ,
[2023-02-01T19:08:16.5020553] ,  2479.801  ,01-Feb-2023 19:06:56 ,                252.2651 ,          97.2068 ,             251.933  ,              781.8879 ,         265.0667 ,                15.3695 ,            2013.0207 ,          43.7984 ,-75.9624           ,               13.3239  ,5.034                    ,-6.1369               ,         2012.97 ,     43.7984 ,-75.9624      ,            249.3026 ,                   14.2432 ,        15 ,-10.4806             ,94.3752          ,94.3752          ,       781.3757 ,                1 ,          252.2453 ,                   1 ,               15.3122 ,1.322                   ,-32768               ,                       2045.8605 ,               0.90069  , , , , ,
[2023-02-01T19:08:16.5030721] ,  2480.801  ,01-Feb-2023 19:06:57 ,                252.3216 ,          97.0825 ,             251.9744 ,              782.7496 ,         265.151  ,                15.3822 ,            2005.3963 ,          43.7984 ,-75.9622           ,               14.2975  ,0.65136                  ,-6.7552               ,         2005.85 ,     43.7984 ,-75.9622      ,            267.3915 ,                   14.3123 ,        15 ,-6.1369              ,95.1353          ,95.1353          ,       781.9877 ,                1 ,          252.2986 ,                   1 ,               15.3273 ,1.2997                  ,-32768               ,                       2038.9963 ,               0.90295  , , , , ,
[2023-02-01T19:08:16.5042730] ,  2481.801  ,01-Feb-2023 19:06:58 ,                252.378  ,          96.9582 ,             252.0157 ,              783.6111 ,         265.2627 ,                15.402  ,            1997.6938 ,          43.7984 ,-75.962            ,               15.4889  ,0.39615                  ,-6.945                ,         1999.32 ,     43.7984 ,-75.962       ,            268.5349 ,                   15.494  ,        15 ,-6.7552              ,94.7189          ,94.7189          ,       782.8375 ,                1 ,          252.3745 ,                   1 ,               15.3504 ,1.2714                  ,-32768               ,                       2031.3879 ,               0.9052   , , , , ,
[2023-02-01T19:08:25.7740125] ,  2482.801  ,01-Feb-2023 19:06:59 ,                252.4344 ,          96.8338 ,             252.0569 ,              784.4728 ,         265.398  ,                15.4283 ,            1989.4813 ,          43.7984 ,-75.9618           ,               17.2645  ,1.4135                   ,-10.0537              ,         1988.87 ,     43.7984 ,-75.9618      ,            265.3194 ,                   17.3223 ,        15 ,-6.945               ,92.9461          ,92.9461          ,       783.9722 ,                1 ,          252.4451 ,                   1 ,               15.3786 ,1.2381                  ,-32768               ,                       2022.3788 ,               0.90746  , , , , ,
[2023-02-01T19:08:25.7771017] ,  2483.801  ,01-Feb-2023 19:07:00 ,                252.4909 ,          96.7097 ,             252.0982 ,              785.3344 ,         265.555  ,                15.461  ,            1981.3436 ,          43.7984 ,-75.9616           ,               18.2826  ,-2.8732                  ,-9.2716               ,         1979.8  ,     43.7984 ,-75.9616      ,            278.9312 ,                   18.507  ,        15 ,-10.0537             ,93.3518          ,93.3518          ,       784.8804 ,                1 ,          252.498  ,                   1 ,               15.4141 ,1.1989                  ,-32768               ,                       2013.979  ,               0.90973  , , , , ,
[2023-02-01T19:08:25.7799388] ,  2484.801  ,01-Feb-2023 19:07:01 ,                252.5473 ,          96.5859 ,             252.1393 ,              786.196  ,         265.7309 ,                15.5    ,            1973.6131 ,          43.7984 ,-75.9614           ,               15.7265  ,-2.8215                  ,-6.542                ,         1974.59 ,     43.7984 ,-75.9614      ,            280.1713 ,                   15.9776 ,        15 ,-9.2716              ,94.4231          ,94.4231          ,       785.5637 ,                1 ,          252.5534 ,                   1 ,               15.4568 ,1.1535                  ,-32768               ,                       2007.005  ,               0.912    , , , , ,
[2023-02-01T19:08:25.7828802] ,  2485.801  ,01-Feb-2023 19:07:02 ,                252.6036 ,          96.4624 ,             252.1805 ,              787.0576 ,         265.921  ,                15.545  ,            1965.6251 ,          43.7984 ,-75.9612           ,               15.8503  ,-0.19158                 ,-7.1234               ,         1966.64 ,     43.7984 ,-75.9612      ,            270.6925 ,                   15.8515 ,        15 ,-6.542               ,94.3081          ,94.3081          ,       786.533  ,                1 ,          252.6115 ,                   1 ,               15.5056 ,1.1045                  ,-32768               ,                       1999.1847 ,               0.91427  , , , , ,
[2023-02-01T19:08:25.7860693] ,  2486.801  ,01-Feb-2023 19:07:03 ,                252.66   ,          96.3392 ,             252.2217 ,              787.9192 ,         266.1217 ,                15.5952 ,            1957.2845 ,          43.7984 ,-75.961            ,               17.8841  ,0.19951                  ,-9.6318               ,         1956.69 ,     43.7984 ,-75.961       ,            269.3608 ,                   17.8852 ,        15 ,-7.1234              ,93.4981          ,93.4981          ,       787.3084 ,                1 ,          252.6709 ,                   1 ,               15.5597 ,1.0549                  ,-32768               ,                       1990.1944 ,               0.91654  , , , , ,
[2023-02-01T19:08:25.7888184] ,  2487.801  ,01-Feb-2023 19:07:04 ,                252.7164 ,          96.2161 ,             252.2629 ,              788.7808 ,         266.3319 ,                15.6498 ,            1949.0734 ,          43.7984 ,-75.9608           ,               13.9443  ,2.3681                   ,-7.903                ,         1947.94 ,     43.7984 ,-75.9608      ,            260.3617 ,                   14.1439 ,        15 ,-9.6318              ,93.8176          ,93.8176          ,       788.1702 ,                1 ,          252.731  ,                   1 ,               15.6176 ,1.0014                  ,-32768               ,                       1981.8515 ,               0.91883  , , , , ,
[2023-02-01T19:08:25.7914991] ,  2488.801  ,01-Feb-2023 19:07:05 ,                252.7727 ,          96.0933 ,             252.304  ,              789.6424 ,         266.5512 ,                15.7079 ,            1941.2218 ,          43.7984 ,-75.9606           ,               14.532   ,-0.20346                 ,-6.5362               ,         1941.99 ,     43.7984 ,-75.9606      ,            270.8021 ,                   14.5335 ,        15 ,-7.903               ,94.5405          ,94.5405          ,       788.8334 ,                1 ,          252.7541 ,                   1 ,               15.6797 ,0.94475                 ,-32768               ,                       1974.5697 ,               0.92111  , , , , ,
[2023-02-01T19:08:25.7960348] ,  2489.801  ,01-Feb-2023 19:07:06 ,                252.8291 ,          95.9705 ,             252.3452 ,              790.504  ,         266.7785 ,                15.7687 ,            1933.1659 ,          43.7984 ,-75.9604           ,               15.1905  ,-0.082272                ,-7.3449               ,         1933.77 ,     43.7984 ,-75.9604      ,            270.3103 ,                   15.1907 ,        15 ,-6.5362              ,94.4926          ,94.4926          ,       789.63   ,                1 ,          252.8126 ,                   1 ,               15.7448 ,0.88647                 ,-32768               ,                       1966.7132 ,               0.9234   , , , , ,
[2023-02-01T19:08:25.7989557] ,  2490.801  ,01-Feb-2023 19:07:07 ,                252.8854 ,          95.8479 ,             252.3863 ,              791.3656 ,         267.0124 ,                15.8315 ,            1924.8568 ,          43.7984 ,-75.9603           ,               14.416   ,2.667                    ,-9.89                 ,         1925.06 ,     43.7984 ,-75.9602      ,            259.5184 ,                   14.6606 ,        15 ,-7.3449              ,94.9618          ,94.9618          ,       790.5619 ,                1 ,          252.8674 ,                   1 ,               15.8102 ,0.82497                 ,-32768               ,                       1957.979  ,               0.9257   , , , , ,
[2023-02-01T19:08:34.0963321] ,  2491.801  ,01-Feb-2023 19:07:08 ,                252.9418 ,          95.7256 ,             252.4274 ,              792.2272 ,         267.2513 ,                15.8964 ,            1916.7032 ,          43.7985 ,-75.9601           ,               13.005   ,3.7936                   ,-9.4078               ,         1915.1  ,     43.7985 ,-75.9601      ,            253.7381 ,                   13.547  ,        15 ,-9.89                ,96.2417          ,96.2417          ,       791.6667 ,                1 ,          252.9277 ,                   1 ,               15.8773 ,0.76269                 ,-32768               ,                       1949.4312 ,               0.928    , , , , ,
[2023-02-01T19:08:34.0981958] ,  2492.801  ,01-Feb-2023 19:07:09 ,                252.9981 ,          95.6034 ,             252.4685 ,              793.0888 ,         267.4931 ,                15.9635 ,            1909.0292 ,          43.7985 ,-75.9599           ,               11.0212  ,2.0859                   ,-6.4834               ,         1909.58 ,     43.7985 ,-75.9599      ,            259.2827 ,                   11.2169 ,        15 ,-9.4078              ,96.9134          ,96.9134          ,       792.5322 ,                1 ,          252.9797 ,                   1 ,               15.9478 ,0.69756                 ,-32768               ,                       1942.1973 ,               0.9303   , , , , ,
[2023-02-01T19:08:34.0998495] ,  2493.801  ,01-Feb-2023 19:07:10 ,                253.0544 ,          95.4813 ,             252.5096 ,              793.9504 ,         267.7354 ,                16.0323 ,            1901.3497 ,          43.7985 ,-75.9598           ,               14.1968  ,-0.63001                 ,-6.6747               ,         1901.58 ,     43.7985 ,-75.9598      ,            272.5409 ,                   14.2107 ,        15 ,-6.4834              ,96.6516          ,96.6516          ,       793.1343 ,                1 ,          253.0195 ,                   1 ,               16.0205 ,0.63238                 ,-32768               ,                       1934.8567 ,               0.93261  , , , , ,
[2023-02-01T19:08:34.1012811] ,  2494.801  ,01-Feb-2023 19:07:11 ,                253.1108 ,          95.3592 ,             252.5506 ,              794.812  ,         267.9775 ,                16.1018 ,            1893.2851 ,          43.7985 ,-75.9596           ,               14.3514  ,0.28724                  ,-7.2126               ,         1894.34 ,     43.7985 ,-75.9596      ,            268.8534 ,                   14.3542 ,        15 ,-6.6747              ,95.5854          ,95.5854          ,       794.1423 ,                1 ,          253.0789 ,                   1 ,               16.0922 ,0.56851                 ,-32768               ,                       1926.8245 ,               0.93492  , , , , ,
[2023-02-01T19:08:34.1026763] ,  2495.801  ,01-Feb-2023 19:07:12 ,                253.1672 ,          95.2369 ,             252.5917 ,              795.6736 ,         268.2221 ,                16.1716 ,            1884.8368 ,          43.7985 ,-75.9594           ,               16.1985  ,2.0458                   ,-10.1464              ,         1884.39 ,     43.7985 ,-75.9594      ,            262.8018 ,                   16.3272 ,        15 ,-7.2126              ,94.278           ,94.278           ,       795.012  ,                1 ,          253.1525 ,                   1 ,               16.1634 ,0.50211                 ,-32768               ,                       1917.9156 ,               0.93724  , , , , ,
[2023-02-01T19:08:34.1038006] ,  2496.801  ,01-Feb-2023 19:07:13 ,                253.2236 ,          95.1147 ,             252.6328 ,              796.5352 ,         268.4714 ,                16.2414 ,            1876.6771 ,          43.7985 ,-75.9592           ,               19.5718  ,-0.40552                 ,-8.4218               ,         1875.55 ,     43.7985 ,-75.9591      ,            271.187  ,                   19.576  ,        15 ,-10.1464             ,94.2936          ,94.2936          ,       796.0591 ,                1 ,          253.2179 ,                   1 ,               16.2356 ,0.43288                 ,-32768               ,                       1909.6252 ,               0.93956  , , , , ,
[2023-02-01T19:08:34.1053772] ,  2497.801  ,01-Feb-2023 19:07:14 ,                253.2801 ,          94.9923 ,             252.6738 ,              797.3968 ,         268.7271 ,                16.3109 ,            1869.2611 ,          43.7985 ,-75.9589           ,               18.4244  ,-1.4496                  ,-6.3412               ,         1869.86 ,     43.7985 ,-75.9589      ,            274.4986 ,                   18.4813 ,        15 ,-8.4218              ,95.1721          ,95.1721          ,       796.7922 ,                1 ,          253.2851 ,                   1 ,               16.3068 ,0.36302                 ,-32768               ,                       1902.6672 ,               0.94189  , , , , ,
[2023-02-01T19:08:34.1068585] ,  2498.801  ,01-Feb-2023 19:07:15 ,                253.3366 ,          94.87   ,             252.7148 ,              798.2584 ,         268.9907 ,                16.3796 ,            1862.3258 ,          43.7985 ,-75.9587           ,               17.9409  ,-0.76898                 ,-6.2164               ,         1862.45 ,     43.7985 ,-75.9587      ,            272.4543 ,                   17.9573 ,        15 ,-6.3412              ,95.3243          ,95.3243          ,       797.5441 ,                1 ,          253.345  ,                   1 ,               16.3776 ,0.28916                 ,-32768               ,                       1895.669  ,               0.94422  , , , , ,
[2023-02-01T19:08:34.1081629] ,  2499.801  ,01-Feb-2023 19:07:16 ,                253.3931 ,          94.7476 ,             252.7558 ,              799.12   ,         269.2623 ,                16.4472 ,            1855.8285 ,          43.7985 ,-75.9585           ,               18.8205  ,1.1922                   ,-7.5508               ,         1855.09 ,     43.7985 ,-75.9585      ,            266.3754 ,                   18.8582 ,        15 ,-6.2164              ,94.4298          ,94.4298          ,       798.3107 ,                1 ,          253.3871 ,                   1 ,               16.4461 ,0.21121                 ,-32768               ,                       1888.6934 ,               0.94655  , , , , ,
[2023-02-01T19:08:43.3810635] ,  2500.801  ,01-Feb-2023 19:07:17 ,                253.4496 ,          94.625  ,             252.7968 ,              799.9816 ,         269.5405 ,                16.5135 ,            1849.5863 ,          43.7985 ,-75.9582           ,               19.8062  ,2.0731                   ,-6.8052               ,         1849    ,     43.7985 ,-75.9582      ,            264.0245 ,                   19.9144 ,        15 ,-7.5508              ,94.1152          ,94.1152          ,       798.9232 ,                1 ,          253.4421 ,                   1 ,               16.5124 ,0.1326                  ,-32768               ,                       1882.4846 ,               0.94889  , , , , ,
[2023-02-01T19:08:43.3822900] ,  2501.801  ,01-Feb-2023 19:07:18 ,                253.5062 ,          94.5023 ,             252.8378 ,              800.8432 ,         269.8246 ,                16.5786 ,            1842.9384 ,          43.7985 ,-75.958            ,               18.1554  ,0.66136                  ,-5.847                ,         1843.94 ,     43.7985 ,-75.958       ,            267.9138 ,                   18.1674 ,        15 ,-6.8052              ,94.1381          ,94.1381          ,       799.4027 ,                1 ,          253.4874 ,                   1 ,               16.5785 ,0.050491                ,-32768               ,                       1876.4639 ,               0.95124  , , , , ,
[2023-02-01T19:08:43.3841763] ,  2502.801  ,01-Feb-2023 19:07:19 ,                253.5628 ,          94.3795 ,             252.8788 ,              801.7048 ,         270.1141 ,                16.6423 ,            1835.0124 ,          43.7985 ,-75.9578           ,               16.9526  ,0.91021                  ,-6.8816               ,         1836.51 ,     43.7985 ,-75.9578      ,            266.9267 ,                   16.977  ,        15 ,-5.847               ,92.7689          ,92.7689          ,       800.3868 ,                1 ,          253.5502 ,                   1 ,               16.6423 ,-0.032516               ,-32768               ,                       1868.893  ,               0.95359  , , , , ,
[2023-02-01T19:08:43.3856024] ,  2503.801  ,01-Feb-2023 19:07:20 ,                253.6194 ,          94.2568 ,             252.9198 ,              802.5664 ,         270.4088 ,                16.7043 ,            1825.695  ,          43.7985 ,-75.9576           ,               15.8289  ,2.715                    ,-10.2071              ,         1826.5  ,     43.7986 ,-75.9576      ,            260.2674 ,                   16.06   ,        15 ,-6.8816              ,91.5255          ,91.5255          ,       801.4559 ,                1 ,          253.6502 ,                   1 ,               16.7041 ,-0.11946                ,-32768               ,                       1859.0427 ,               0.95595  , , , , ,
[2023-02-01T19:08:43.3868669] ,  2504.801  ,01-Feb-2023 19:07:21 ,                253.6761 ,          94.1342 ,             252.9608 ,              803.428  ,         270.7073 ,                16.7643 ,            1816.2058 ,          43.7985 ,-75.9574           ,               14.0526  ,-1.1017                  ,-11.0336              ,         1813.74 ,     43.7985 ,-75.9574      ,            274.4825 ,                   14.0957 ,        15 ,-10.2071             ,91.3264          ,91.3264          ,       802.5387 ,                1 ,          253.7052 ,                   1 ,               16.7632 ,-0.20681                ,-32768               ,                       1848.5546 ,               0.95831  , , , , ,
[2023-02-01T19:08:43.3881468] ,  2505.801  ,01-Feb-2023 19:07:22 ,                253.7327 ,          94.0118 ,             253.0017 ,              804.2894 ,         271.0085 ,                16.8223 ,            1807.9816 ,          43.7985 ,-75.9572           ,               17.0186  ,-5.4074                  ,-5.8295               ,         1806.59 ,     43.7985 ,-75.9572      ,            287.6268 ,                   17.857  ,        15 ,-11.0336             ,92.345           ,92.345           ,       803.4146 ,                1 ,          253.7483 ,                   1 ,               16.8194 ,-0.29534                ,-32768               ,                       1840.631  ,               0.96067  , , , , ,
[2023-02-01T19:08:43.3897222] ,  2506.801  ,01-Feb-2023 19:07:23 ,                253.7893 ,          93.8897 ,             253.0426 ,              805.1511 ,         271.3104 ,                16.8783 ,            1800.7609 ,          43.7985 ,-75.957            ,               17.3507  ,-0.78856                 ,-6.8043               ,         1802.06 ,     43.7985 ,-75.957       ,            272.6022 ,                   17.3686 ,        15 ,-5.8295              ,92.4264          ,92.4264          ,       803.999  ,                1 ,          253.7992 ,                   1 ,               16.8735 ,-0.38563                ,-32768               ,                       1834.4389 ,               0.96304  , , , , ,
[2023-02-01T19:08:43.3911348] ,  2507.801  ,01-Feb-2023 19:07:24 ,                253.8459 ,          93.7676 ,             253.0835 ,              806.0115 ,         271.6095 ,                16.9322 ,            1793.3126 ,          43.7985 ,-75.9568           ,               16.8003  ,-1.6774                  ,-7.2542               ,         1794.21 ,     43.7985 ,-75.9568      ,            275.7017 ,                   16.8838 ,        15 ,-6.8043              ,91.0984          ,91.0984          ,       804.8384 ,                1 ,          253.8871 ,                   1 ,               16.9254 ,-0.4759                 ,-32768               ,                       1827.2032 ,               0.96541  , , , , ,
[2023-02-01T19:08:43.3924941] ,  2508.801  ,01-Feb-2023 19:07:25 ,                253.9025 ,          93.6434 ,             253.1241 ,              806.8692 ,         271.9012 ,                16.9835 ,            1785.0054 ,          43.7985 ,-75.9566           ,               14.6096  ,-1.4827                  ,-10.1333              ,         1785.96 ,     43.7984 ,-75.9566      ,            275.7952 ,                   14.6846 ,        15 ,-7.2542              ,90.1554          ,90.1554          ,       805.9277 ,                1 ,          253.9788 ,                   1 ,               16.9745 ,-0.56375                ,-32768               ,                       1818.4742 ,               0.96777  , , , , ,
[2023-02-01T19:08:52.6589967] ,  2509.801  ,01-Feb-2023 19:07:26 ,                253.9591 ,          93.5116 ,             253.1637 ,              807.724  ,         272.1815 ,                17.0316 ,            1776.1837 ,          43.7985 ,-75.9564           ,               14.9648  ,3.1607                   ,-9.4181               ,         1774.76 ,     43.7985 ,-75.9564      ,            258.0739 ,                   15.295  ,        15 ,-10.1333             ,91.2604          ,91.2604          ,       806.8123 ,                1 ,          254.0379 ,                   1 ,               17.0196 ,-0.64782                ,-32768               ,                       1809.0123 ,               0.97006  , , , , ,
[2023-02-01T19:08:52.6628787] ,  2510.801  ,01-Feb-2023 19:07:27 ,                254.0154 ,          93.3702 ,             253.2017 ,              808.5742 ,         272.4472 ,                17.0761 ,            1767.9218 ,          43.7985 ,-75.9562           ,               17.9335  ,2.0036                   ,-6.1504               ,         1767.12 ,     43.7985 ,-75.9562      ,            263.6252 ,                   18.0451 ,        15 ,-9.4181              ,92.3361          ,92.3361          ,       807.467  ,                1 ,          254.0906 ,                   1 ,               17.0606 ,-0.72863                ,-32768               ,                       1801.0428 ,               0.97222  , , , , ,
[2023-02-01T19:08:52.6662294] ,  2511.801  ,01-Feb-2023 19:07:28 ,                254.0711 ,          93.1972 ,             253.2352 ,              809.4167 ,         272.6934 ,                17.1173 ,            1760.3021 ,          43.7985 ,-75.956            ,               18.4547  ,0.68145                  ,-8.7107               ,         1761.9  ,     43.7985 ,-75.956       ,            267.8853 ,                   18.4673 ,         0 ,-6.1504              ,92.3674          ,92.3674          ,       808.4407 ,                1 ,          254.1387 ,                   1 ,               17.0982 ,-0.80462                ,-32768               ,                       1793.9775 ,               0.97401  , , , , ,
[2023-02-01T19:08:52.6696034] ,  2512.801  ,01-Feb-2023 19:07:29 ,                254.1206 ,          92.9474 ,             253.2526 ,              810.2505 ,         272.9144 ,                17.1548 ,            1752.8469 ,          43.7985 ,-75.9558           ,               16.1583  ,0.22988                  ,-11.0437              ,         1751.93 ,     43.7985 ,-75.9558      ,            269.1849 ,                   16.1599 ,         0 ,-8.7107              ,91.745           ,91.745           ,       809.2653 ,                1 ,          254.189  ,                   1 ,               17.1322 ,-0.87246                ,-32768               ,                       1785.9543 ,               0.97447  , , , , ,
[2023-02-01T19:08:52.6729371] ,  2513.801  ,01-Feb-2023 19:07:30 ,                254.1696 ,          92.5997 ,             253.2569 ,              811.0771 ,         273.1046 ,                17.1887 ,            1745.7812 ,          43.7985 ,-75.9556           ,               18.5973  ,-2.7504                  ,-7.1538               ,         1744.74 ,     43.7985 ,-75.9556      ,            278.4126 ,                   18.7995 ,         0 ,-11.0437             ,92.3876          ,92.3876          ,       810.2234 ,                1 ,          254.239  ,                   1 ,               17.1635 ,-0.93153                ,-32768               ,                       1778.8504 ,               0.97383  , , , , ,
[2023-02-01T19:08:52.6756881] ,  2514.801  ,01-Feb-2023 19:07:31 ,                254.2057 ,          92.1187 ,             253.2312 ,              811.9017 ,         273.2596 ,                17.2182 ,            1738.9608 ,          43.7985 ,-75.9553           ,               18.313   ,-0.067493                ,-6.422                ,         1740.6  ,     43.7985 ,-75.9553      ,            270.2112 ,                   18.3132 ,         0 ,-7.1538              ,92.8584          ,92.8584          ,       810.8445 ,                1 ,          254.2731 ,                   1 ,               17.1912 ,-0.97919                ,-32768               ,                       1772.752  ,               0.97069  , , , , ,
[2023-02-01T19:08:52.6768119] ,  2515.801  ,01-Feb-2023 19:07:32 ,                254.2603 ,          91.874  ,             253.2539 ,              812.7308 ,         273.3763 ,                17.2432 ,            1731.6155 ,          43.7985 ,-75.9551           ,               17.8865  ,-0.71226                 ,-6.9508               ,         1732.16 ,     43.7985 ,-75.9551      ,            272.2804 ,                   17.9007 ,         0 ,-6.422               ,91.773           ,91.773           ,       811.5323 ,                1 ,          254.3286 ,                   1 ,               17.2133 ,-1.0149                 ,-32768               ,                       1765.2121 ,               0.97159  , , , , ,
[2023-02-01T19:08:52.6778690] ,  2516.801  ,01-Feb-2023 19:07:33 ,                254.3107 ,          92.2365 ,             253.3505 ,              813.5746 ,         273.4519 ,                17.2639 ,            1724.0526 ,          43.7984 ,-75.9549           ,               17.4881  ,-3.0454                  ,-9.4625               ,         1723.07 ,     43.7984 ,-75.9549      ,            279.8784 ,                   17.7512 ,         0 ,-6.9508              ,90.6499          ,90.6499          ,       812.5356 ,                1 ,          254.3787 ,                   1 ,               17.2323 ,-1.0397                 ,-32768               ,                       1756.8656 ,               0.9787   , , , , ,
[2023-02-01T19:08:52.6790241] ,  2517.801  ,01-Feb-2023 19:07:34 ,                254.353  ,          92.6183 ,             253.4414 ,              814.4442 ,         273.4826 ,                17.2806 ,            1716.9973 ,          43.7984 ,-75.9547           ,               19.3784  ,-3.858                   ,-7.4238               ,         1715.49 ,     43.7984 ,-75.9547      ,            281.2598 ,                   19.7587 ,         0 ,-9.4625              ,91.2602          ,91.2602          ,       813.4454 ,                1 ,          254.4209 ,                   1 ,               17.2482 ,-1.0501                 ,-32768               ,                       1749.6716 ,               0.98534  , , , , ,
[2023-02-01T19:09:00.9582045] ,  2518.801  ,01-Feb-2023 19:07:35 ,                254.3963 ,          92.4935 ,             253.4684 ,              815.3513 ,         273.4648 ,                17.2934 ,            1710.2575 ,          43.7984 ,-75.9544           ,               19.9917  ,-0.86713                 ,-5.5011               ,         1711.19 ,     43.7984 ,-75.9544      ,            272.4836 ,                   20.0105 ,         0 ,-7.4238              ,91.9462          ,91.9462          ,       814.0776 ,                1 ,          254.4644 ,                   1 ,               17.2615 ,-1.0446                 ,-32768               ,                       1743.5666 ,               0.98652  , , , , ,
[2023-02-01T19:09:00.9595275] ,  2519.801  ,01-Feb-2023 19:07:36 ,                254.4426 ,          92.4055 ,             253.5031 ,              816.3057 ,         273.3954 ,                17.3021 ,            1702.7271 ,          43.7984 ,-75.9542           ,               17.9705  ,0.59036                  ,-6.8178               ,         1703.29 ,     43.7984 ,-75.9542      ,            268.1184 ,                   17.9802 ,         0 ,-5.5011              ,92.2556          ,92.2556          ,       814.8242 ,                1 ,          254.5088 ,                   1 ,               17.2722 ,-1.0249                 ,-32768               ,                       1736.2995 ,               0.98831  , , , , ,
[2023-02-01T19:09:00.9606620] ,  2520.801  ,01-Feb-2023 19:07:37 ,                254.4849 ,          92.8399 ,             253.6008 ,              817.3091 ,         273.2704 ,                17.3064 ,            1693.7378 ,          43.7984 ,-75.954            ,               18.0753  ,-1.7864                  ,-8.9752               ,         1694.87 ,     43.7984 ,-75.954       ,            275.6441 ,                   18.1634 ,         0 ,-6.8178              ,91.799           ,91.799           ,       815.8788 ,                1 ,          254.5439 ,                   1 ,               17.2781 ,-0.98816                ,-32768               ,                       1727.2939 ,               0.99542  , , , , ,
[2023-02-01T19:09:00.9618131] ,  2521.801  ,01-Feb-2023 19:07:38 ,                254.5746 ,          93.2947 ,             253.7478 ,              818.3545 ,         273.0866 ,                17.3065 ,            1683.3358 ,          43.7984 ,-75.9538           ,               15.9135  ,-2.5079                  ,-10.9851              ,         1683.34 ,     43.7984 ,-75.9538      ,            278.9559 ,                   16.1099 ,         0 ,-8.9752              ,90.9433          ,90.9433          ,       817.2184 ,                1 ,          254.6309 ,                   1 ,               17.2808 ,-0.93249                ,-32768               ,                       1716.4969 ,               1.0068   , , , , ,
[2023-02-01T19:09:00.9630697] ,  2522.801  ,01-Feb-2023 19:07:39 ,                254.6826 ,          93.1816 ,             253.8407 ,              819.4281 ,         272.843  ,                17.3024 ,            1672.3976 ,          43.7983 ,-75.9536           ,               13.8562  ,-2.8118                  ,-11.7066              ,         1671.21 ,     43.7983 ,-75.9536      ,            281.4709 ,                   14.1386 ,         0 ,-10.9851             ,90.565           ,90.565           ,       818.4457 ,                1 ,          254.7389 ,                   1 ,               17.2816 ,-0.85867                ,-32768               ,                       1705.3235 ,               1.0135   , , , , ,
[2023-02-01T19:09:00.9645238] ,  2523.801  ,01-Feb-2023 19:07:40 ,                254.7639 ,          92.6734 ,             253.8564 ,              820.5096 ,         272.5406 ,                17.2941 ,            1661.8415 ,          43.7983 ,-75.9534           ,               13.3033  ,-3.4467                  ,-10.9474              ,         1662    ,     43.7983 ,-75.9534      ,            284.5252 ,                   13.7425 ,         0 ,-11.7066             ,90.8153          ,90.8153          ,       819.6668 ,                1 ,          254.8212 ,                   1 ,               17.2769 ,-0.76607                ,-32768               ,                       1695.1227 ,               1.0135   , , , , ,
[2023-02-01T19:09:00.9658875] ,  2524.801  ,01-Feb-2023 19:07:41 ,                254.8371 ,          92.0674 ,             253.8511 ,              821.5775 ,         272.1817 ,                17.2818 ,            1651.8076 ,          43.7983 ,-75.9532           ,               14.7954  ,-4.2281                  ,-9.7745               ,         1651.66 ,     43.7983 ,-75.9533      ,            285.9484 ,                   15.3877 ,         0 ,-10.9474             ,91.3501          ,91.3501          ,       820.7235 ,                1 ,          254.8976 ,                   1 ,               17.2689 ,-0.65796                ,-32768               ,                       1685.2645 ,               1.0118   , , , , ,
[2023-02-01T19:09:00.9672369] ,  2525.801  ,01-Feb-2023 19:07:42 ,                254.8925 ,          91.6957 ,             253.8581 ,              822.6204 ,         271.768  ,                17.2658 ,            1642.3072 ,          43.7982 ,-75.953            ,               16.8503  ,-4.2093                  ,-8.5943               ,         1642.32 ,     43.7982 ,-75.953       ,            284.0259 ,                   17.3681 ,         0 ,-9.7745              ,92.3127          ,92.3127          ,       821.7245 ,                1 ,          254.9536 ,                   1 ,               17.2577 ,-0.53361                ,-32768               ,                       1675.7603 ,               1.0111   , , , , ,
[2023-02-01T19:09:00.9687783] ,  2526.801  ,01-Feb-2023 19:07:43 ,                254.9527 ,          91.8045 ,             253.9318 ,              823.6318 ,         271.3016 ,                17.2463 ,            1633.2568 ,          43.7982 ,-75.9528           ,               18.7216  ,-3.2634                  ,-8.0572               ,         1633.13 ,     43.7982 ,-75.9528      ,            279.888  ,                   19.0039 ,         0 ,-8.5943              ,91.9815          ,91.9815          ,       822.8093 ,                1 ,          255.0172 ,                   1 ,               17.2423 ,-0.39234                ,-32768               ,                       1666.712  ,               1.0162   , , , , ,
[2023-02-01T19:09:10.1878920] ,  2527.801  ,01-Feb-2023 19:07:44 ,                255.0002 ,          92.2234 ,             254.0331 ,              824.6114 ,         270.7872 ,                17.2232 ,            1624.5888 ,          43.7982 ,-75.9526           ,               18.3899  ,-2.6901                  ,-8.0511               ,         1624.73 ,     43.7982 ,-75.9526      ,            278.3223 ,                   18.5856 ,         0 ,-8.0572              ,92.1284          ,92.1284          ,       823.6962 ,                1 ,          255.0663 ,                   1 ,               17.2221 ,-0.23634                ,-32768               ,                       1658.0757 ,               1.0239   , , , , ,
[2023-02-01T19:09:10.1891901] ,  2528.801  ,01-Feb-2023 19:07:45 ,                255.0267 ,          92.5065 ,             254.0959 ,              825.5645 ,         270.2314 ,                17.1973 ,            1616.1787 ,          43.7982 ,-75.9524           ,               17.7119  ,-2.6229                  ,-8.2856               ,         1616.14 ,     43.7982 ,-75.9523      ,            278.4235 ,                   17.9051 ,         0 ,-8.0511              ,92.3177          ,92.3177          ,       824.5623 ,                1 ,          255.0909 ,                   1 ,               17.1968 ,-0.068889               ,-32768               ,                       1649.6215 ,               1.0282   , , , , ,
[2023-02-01T19:09:10.1910768] ,  2529.801  ,01-Feb-2023 19:07:46 ,                255.0758 ,          92.3524 ,             254.1248 ,              826.5001 ,         269.6408 ,                17.1694 ,            1607.9754 ,          43.7981 ,-75.9521           ,               17.1191  ,-2.593                   ,-8.3051               ,         1607.95 ,     43.7981 ,-75.9521      ,            278.6129 ,                   17.3143 ,         0 ,-8.2856              ,92.0614          ,92.0614          ,       825.5203 ,                1 ,          255.1396 ,                   1 ,               17.1692 ,0.10748                 ,-32768               ,                       1641.3444 ,               1.0296   , , , , ,
[2023-02-01T19:09:10.1922749] ,  2530.801  ,01-Feb-2023 19:07:47 ,                255.1334 ,          91.8606 ,             254.1184 ,              827.4308 ,         269.0212 ,                17.1402 ,            1599.9631 ,          43.7981 ,-75.9519           ,               17.2789  ,-2.4142                  ,-8.1626               ,         1599.72 ,     43.7981 ,-75.9519      ,            277.9539 ,                   17.4467 ,         0 ,-8.3051              ,91.981           ,91.981           ,       826.4321 ,                1 ,          255.1958 ,                   1 ,               17.1375 ,0.29255                 ,-32768               ,                       1633.2821 ,               1.0278   , , , , ,
[2023-02-01T19:09:10.1934513] ,  2531.801  ,01-Feb-2023 19:07:48 ,                255.1875 ,          91.2496 ,             254.0926 ,              828.3669 ,         268.3788 ,                17.1103 ,            1591.9319 ,          43.7981 ,-75.9517           ,               18.1998  ,-1.7806                  ,-8.1036               ,         1592.2  ,     43.7981 ,-75.9517      ,            275.588  ,                   18.2867 ,         0 ,-8.1626              ,91.7935          ,91.7935          ,       827.0496 ,                1 ,          255.2477 ,                   1 ,               17.103  ,0.4847                  ,-32768               ,                       1625.3726 ,               1.0244   , , , , ,
[2023-02-01T19:09:10.1948794] ,  2532.801  ,01-Feb-2023 19:07:49 ,                255.251  ,          90.7894 ,             254.0953 ,              829.317  ,         267.7209 ,                17.0802 ,            1583.692  ,          43.7981 ,-75.9514           ,               19.5921  ,-0.26493                 ,-8.2064               ,         1583.88 ,     43.7981 ,-75.9515      ,            270.7747 ,                   19.5939 ,         0 ,-8.1036              ,91.5406          ,91.5406          ,       828.1951 ,                1 ,          255.3106 ,                   1 ,               17.0671 ,0.67975                 ,-32768               ,                       1617.1511 ,               1.0235   , , , , ,
[2023-02-01T19:09:10.1963260] ,  2533.801  ,01-Feb-2023 19:07:50 ,                255.3217 ,          90.6389 ,             254.1456 ,              830.2845 ,         267.0535 ,                17.0499 ,            1575.1395 ,          43.7981 ,-75.9512           ,               20.3832  ,1.4311                   ,-8.6849               ,         1575.17 ,     43.7981 ,-75.9512      ,            265.9839 ,                   20.4333 ,         0 ,-8.2064              ,91.0909          ,91.0909          ,       829.1423 ,                1 ,          255.3823 ,                   1 ,               17.0277 ,0.87648                 ,-32768               ,                       1608.5909 ,               1.0267   , , , , ,
[2023-02-01T19:09:10.1977947] ,  2534.801  ,01-Feb-2023 19:07:51 ,                255.3799 ,          90.7655 ,             254.22   ,              831.2689 ,         266.3819 ,                17.0198 ,            1566.3806 ,          43.7981 ,-75.9509           ,               20.4306  ,3.1786                   ,-8.9254               ,         1566.74 ,     43.7981 ,-75.9509      ,            261.1567 ,                   20.6764 ,         0 ,-8.6849              ,90.915           ,90.915           ,       830.1673 ,                1 ,          255.4404 ,                   1 ,               16.9856 ,1.0739                  ,-32768               ,                       1599.7213 ,               1.032    , , , , ,
[2023-02-01T19:09:10.1991840] ,  2535.801  ,01-Feb-2023 19:07:52 ,                255.4305 ,          91.4352 ,             254.3578 ,              832.2664 ,         265.7111 ,                16.9901 ,            1557.6035 ,          43.7982 ,-75.9507           ,               20.1284  ,4.5827                   ,-9.0628               ,         1556.48 ,     43.7982 ,-75.9507      ,            257.1739 ,                   20.6435 ,         0 ,-8.9254              ,90.7811          ,90.7811          ,       831.2231 ,                1 ,          255.489  ,                   1 ,               16.9421 ,1.2708                  ,-32768               ,                       1590.7549 ,               1.043    , , , , ,
[2023-02-01T19:09:19.4550022] ,  2536.801  ,01-Feb-2023 19:07:53 ,                255.498  ,          92.5429 ,             254.5685 ,              833.2721 ,         265.0469 ,                16.9611 ,            1549.0704 ,          43.7982 ,-75.9505           ,               18.9116  ,5.9256                   ,-9.1522               ,         1549.7  ,     43.7982 ,-75.9505      ,            252.6025 ,                   19.8182 ,         0 ,-9.0628              ,91.1247          ,91.1247          ,       832.2263 ,                1 ,          255.5562 ,                   1 ,               16.8978 ,1.4649                  ,-32768               ,                       1582.4955 ,               1.0606   , , , , ,
[2023-02-01T19:09:19.4585756] ,  2537.801  ,01-Feb-2023 19:07:54 ,                255.576  ,          93.8569 ,             254.8146 ,              834.279  ,         264.3954 ,                16.9326 ,            1540.4047 ,          43.7983 ,-75.9502           ,               17.5605  ,6.6785                   ,-9.0365               ,         1540.34 ,     43.7983 ,-75.9502      ,            249.1774 ,                   18.7876 ,         0 ,-9.1522              ,91.7545          ,91.7545          ,       833.2708 ,                1 ,          255.6359 ,                   1 ,               16.8518 ,1.6537                  ,-32768               ,                       1573.8986 ,               1.0818   , , , , ,
[2023-02-01T19:09:19.4621282] ,  2538.801  ,01-Feb-2023 19:07:55 ,                255.6257 ,          95.021  ,             255.0117 ,              835.2832 ,         263.7612 ,                16.9044 ,            1531.5267 ,          43.7984 ,-75.95             ,               16.2958  ,6.8644                   ,-8.977                ,         1531.79 ,     43.7984 ,-75.95        ,            247.1574 ,                   17.6826 ,         0 ,-9.0365              ,92.4832          ,92.4832          ,       834.2281 ,                1 ,          255.6828 ,                   1 ,               16.8045 ,1.8367                  ,-32768               ,                       1565.0013 ,               1.0987   , , , , ,
[2023-02-01T19:09:19.4668381] ,  2539.801  ,01-Feb-2023 19:07:56 ,                255.6903 ,          95.309  ,             255.1124 ,              836.2814 ,         263.1497 ,                16.8763 ,            1522.4013 ,          43.7984 ,-75.9499           ,               15.1834  ,6.8085                   ,-8.6877               ,         1522.41 ,     43.7984 ,-75.9499      ,            245.8477 ,                   16.6401 ,         0 ,-8.977               ,92.7085          ,92.7085          ,       835.2524 ,                1 ,          255.7472 ,                   1 ,               16.756  ,2.0139                  ,-32768               ,                       1555.8633 ,               1.1068   , , , , ,
[2023-02-01T19:09:19.4725645] ,  2540.801  ,01-Feb-2023 19:07:57 ,                255.7693 ,          94.7277 ,             255.1176 ,              837.2695 ,         262.5667 ,                16.8483 ,            1513.1636 ,          43.7985 ,-75.9497           ,               13.5977  ,5.8801                   ,-8.7732               ,         1513.25 ,     43.7985 ,-75.9497      ,            246.6147 ,                   14.8146 ,         0 ,-8.6877              ,92.918           ,92.918           ,       836.2717 ,                1 ,          255.8271 ,                   1 ,               16.7061 ,2.1807                  ,-32768               ,                       1546.5834 ,               1.106    , , , , ,
[2023-02-01T19:09:19.4764133] ,  2541.801  ,01-Feb-2023 19:07:58 ,                255.8352 ,          93.8578 ,             255.0724 ,              838.2482 ,         262.0154 ,                16.8205 ,            1504.105  ,          43.7985 ,-75.9495           ,               12.5663  ,4.8616                   ,-8.8128               ,         1503.55 ,     43.7985 ,-75.9495      ,            248.8498 ,                   13.4739 ,         0 ,-8.7732              ,92.8095          ,92.8095          ,       837.3029 ,                1 ,          255.8933 ,                   1 ,               16.6572 ,2.3359                  ,-32768               ,                       1537.4688 ,               1.1005   , , , , ,
[2023-02-01T19:09:19.4798442] ,  2542.801  ,01-Feb-2023 19:07:59 ,                255.8897 ,          93.2773 ,             255.0522 ,              839.2197 ,         261.4964 ,                16.7926 ,            1495.4091 ,          43.7985 ,-75.9494           ,               12.0127  ,4.1681                   ,-8.5544               ,         1495.74 ,     43.7985 ,-75.9494      ,            250.8646 ,                   12.7152 ,         0 ,-8.8128              ,92.7798          ,92.7798          ,       838.2309 ,                1 ,          255.9462 ,                   1 ,               16.6082 ,2.4834                  ,-32768               ,                       1528.8522 ,               1.0973   , , , , ,
[2023-02-01T19:09:19.4832134] ,  2543.801  ,01-Feb-2023 19:08:00 ,                255.9583 ,          93.1698 ,             255.1065 ,              840.1895 ,         261.011  ,                16.7644 ,            1486.9203 ,          43.7986 ,-75.9492           ,               11.8965  ,3.5262                   ,-8.1325               ,         1486.49 ,     43.7986 ,-75.9492      ,            253.4899 ,                   12.4081 ,         0 ,-8.5544              ,92.9371          ,92.9371          ,       839.1863 ,                1 ,          256.0133 ,                   1 ,               16.5591 ,2.6195                  ,-32768               ,                       1520.2336 ,               1.1011   , , , , ,
[2023-02-01T19:09:19.4866372] ,  2544.801  ,01-Feb-2023 19:08:01 ,                256.0423 ,          93.1392 ,             255.1859 ,              841.1652 ,         260.5598 ,                16.7355 ,            1478.6272 ,          43.7986 ,-75.9491           ,               12.3595  ,1.5735                   ,-8.0648               ,         1478.33 ,     43.7986 ,-75.9491      ,            262.7446 ,                   12.4593 ,         0 ,-8.1325              ,92.5593          ,92.5593          ,       839.9541 ,                1 ,          256.0966 ,                   1 ,               16.509  ,2.7444                  ,-32768               ,                       1512.0387 ,               1.1072   , , , , ,
[2023-02-01T19:09:28.7269594] ,  2545.801  ,01-Feb-2023 19:08:02 ,                256.1224 ,          93.268  ,             255.2821 ,              842.153  ,         260.1438 ,                16.7063 ,            1470.1412 ,          43.7986 ,-75.9489           ,               14.1155  ,-0.35104                 ,-8.8997               ,         1471.27 ,     43.7986 ,-75.9489      ,            271.4246 ,                   14.1199 ,         0 ,-8.0648              ,93.2894          ,93.2894          ,       840.9263 ,                1 ,          256.176  ,                   1 ,               16.4592 ,2.8601                  ,-32768               ,                       1503.869  ,               1.115    , , , , ,
[2023-02-01T19:09:28.7307430] ,  2546.801  ,01-Feb-2023 19:08:03 ,                256.2016 ,          93.5282 ,             255.3943 ,              843.1569 ,         259.765  ,                16.6772 ,            1461.0147 ,          43.7986 ,-75.9487           ,               16.3529  ,-1.2229                  ,-9.515                ,         1461.03 ,     43.7986 ,-75.9487      ,            274.2769 ,                   16.3985 ,         0 ,-8.8997              ,93.5513          ,93.5513          ,       841.8984 ,                1 ,          256.2558 ,                   1 ,               16.4117 ,2.9638                  ,-32768               ,                       1494.5152 ,               1.1243   , , , , ,
[2023-02-01T19:09:28.7341581] ,  2547.801  ,01-Feb-2023 19:08:04 ,                256.279  ,          93.4008 ,             255.4548 ,              844.1743 ,         259.4242 ,                16.6482 ,            1451.5809 ,          43.7986 ,-75.9485           ,               18.2994  ,-1.0604                  ,-9.5084               ,         1450.98 ,     43.7986 ,-75.9485      ,            273.3163 ,                   18.3301 ,         0 ,-9.515               ,93.071           ,93.071           ,       843.0599 ,                1 ,          256.3337 ,                   1 ,               16.3658 ,3.0559                  ,-32768               ,                       1484.9365 ,               1.1287   , , , , ,
[2023-02-01T19:09:28.7376754] ,  2548.801  ,01-Feb-2023 19:08:05 ,                256.3504 ,          92.9267 ,             255.4645 ,              845.1974 ,         259.1205 ,                16.6194 ,            1442.1934 ,          43.7986 ,-75.9482           ,               19.5863  ,-0.36666                 ,-9.2963               ,         1442.88 ,     43.7986 ,-75.9482      ,            271.0725 ,                   19.5897 ,         0 ,-9.5084              ,92.4699          ,92.4699          ,       844.1988 ,                1 ,          256.4054 ,                   1 ,               16.3203 ,3.1372                  ,-32768               ,                       1475.7487 ,               1.1282   , , , , ,
[2023-02-01T19:09:28.7440102] ,  2549.801  ,01-Feb-2023 19:08:06 ,                256.4236 ,          92.425  ,             255.472  ,              846.2164 ,         258.8518 ,                16.5911 ,            1432.9606 ,          43.7986 ,-75.948            ,               20.3867  ,0.75946                  ,-8.9367               ,         1432.26 ,     43.7986 ,-75.948       ,            267.8666 ,                   20.4009 ,         0 ,-9.2963              ,92.4423          ,92.4423          ,       845.3076 ,                1 ,          256.48   ,                   1 ,               16.278  ,3.2072                  ,-32768               ,                       1466.3157 ,               1.1276   , , , , ,
[2023-02-01T19:09:28.7478049] ,  2550.801  ,01-Feb-2023 19:08:07 ,                256.4905 ,          92.1607 ,             255.5039 ,              847.2233 ,         258.6149 ,                16.5635 ,            1424.2245 ,          43.7986 ,-75.9477           ,               20.5236  ,1.2783                   ,-8.5923               ,         1423.82 ,     43.7986 ,-75.9477      ,            266.4361 ,                   20.5633 ,         0 ,-8.9367              ,91.9598          ,91.9598          ,       846.3398 ,                1 ,          256.5481 ,                   1 ,               16.2378 ,3.2696                  ,-32768               ,                       1457.6356 ,               1.1293   , , , , ,
[2023-02-01T19:09:28.7512322] ,  2551.801  ,01-Feb-2023 19:08:08 ,                256.5473 ,          92.3313 ,             255.5826 ,              848.2147 ,         258.4077 ,                16.5368 ,            1415.9139 ,          43.7986 ,-75.9475           ,               20.3401  ,2.6283                   ,-8.2897               ,         1416.55 ,     43.7986 ,-75.9475      ,            262.6373 ,                   20.5092 ,         0 ,-8.5923              ,91.5182          ,91.5182          ,       847.2677 ,                1 ,          256.605  ,                   1 ,               16.1995 ,3.3235                  ,-32768               ,                       1449.5454 ,               1.1355   , , , , ,
[2023-02-01T19:09:28.7546058] ,  2552.801  ,01-Feb-2023 19:08:09 ,                256.6067 ,          92.7982 ,             255.7023 ,              849.1917 ,         258.2281 ,                16.5114 ,            1407.6133 ,          43.7986 ,-75.9472           ,               19.8869  ,4.2679                   ,-8.049                ,         1407.29 ,     43.7986 ,-75.9472      ,            257.8876 ,                   20.3398 ,         0 ,-8.2897              ,91.8763          ,91.8763          ,       848.0804 ,                1 ,          256.6638 ,                   1 ,               16.1636 ,3.3687                  ,-32768               ,                       1441.1131 ,               1.1457   , , , , ,
[2023-02-01T19:09:28.7579924] ,  2553.801  ,01-Feb-2023 19:08:10 ,                256.6726 ,          92.9984 ,             255.7938 ,              850.1578 ,         258.0729 ,                16.4877 ,            1399.2862 ,          43.7987 ,-75.947            ,               18.9253  ,5.944                    ,-8.225                ,         1399.42 ,     43.7987 ,-75.947       ,            252.5638 ,                   19.8368 ,         0 ,-8.049               ,91.8706          ,91.8706          ,       849.0366 ,                1 ,          256.728  ,                   1 ,               16.1315 ,3.4067                  ,-32768               ,                       1432.7991 ,               1.1533   , , , , ,
[2023-02-01T19:09:37.0271101] ,  2554.801  ,01-Feb-2023 19:08:11 ,                256.7462 ,          92.842  ,             255.8465 ,              851.1178 ,         257.9378 ,                16.4659 ,            1390.7916 ,          43.7988 ,-75.9468           ,               17.4111  ,7.2039                   ,-8.5331               ,         1391.05 ,     43.7988 ,-75.9468      ,            247.5225 ,                   18.8426 ,         0 ,-8.225               ,91.8874          ,91.8874          ,       850.0585 ,                1 ,          256.8004 ,                   1 ,               16.1024 ,3.4404                  ,-32768               ,                       1424.39   ,               1.1571   , , , , ,
[2023-02-01T19:09:37.0284212] ,  2555.801  ,01-Feb-2023 19:08:12 ,                256.8295 ,          92.5032 ,             255.8851 ,              852.0755 ,         257.8205 ,                16.4458 ,            1382.0431 ,          43.7988 ,-75.9466           ,               16.0233  ,7.8009                   ,-8.5329               ,         1382.21 ,     43.7988 ,-75.9466      ,            244.041  ,                   17.8213 ,         0 ,-8.5331              ,92.1804          ,92.1804          ,       851.0051 ,                1 ,          256.8855 ,                   1 ,               16.0755 ,3.4699                  ,-32768               ,                       1415.5544 ,               1.1595   , , , , ,
[2023-02-01T19:09:37.0299097] ,  2556.801  ,01-Feb-2023 19:08:13 ,                256.8948 ,          92.068  ,             255.893  ,              853.0335 ,         257.7197 ,                16.4272 ,            1373.2661 ,          43.7989 ,-75.9464           ,               14.2334  ,7.7846                   ,-8.6773               ,         1372.68 ,     43.7989 ,-75.9464      ,            241.3246 ,                   16.2231 ,         0 ,-8.5329              ,92.5675          ,92.5675          ,       851.941  ,                1 ,          256.9526 ,                   1 ,               16.0517 ,3.4941                  ,-32768               ,                       1406.6398 ,               1.159    , , , , ,
[2023-02-01T19:09:37.0314009] ,  2557.801  ,01-Feb-2023 19:08:14 ,                256.9499 ,          91.7439 ,             255.905  ,              853.9918 ,         257.6336 ,                16.4101 ,            1364.5968 ,          43.799  ,-75.9462           ,               12.4454  ,6.7886                   ,-8.6995               ,         1364.92 ,     43.799  ,-75.9462      ,            241.3888 ,                   14.1765 ,         0 ,-8.6773              ,92.2643          ,92.2643          ,       852.9125 ,                1 ,          257.0106 ,                   1 ,               16.0298 ,3.5144                  ,-32768               ,                       1398.1294 ,               1.1589   , , , , ,
[2023-02-01T19:09:37.0328404] ,  2558.801  ,01-Feb-2023 19:08:15 ,                256.9884 ,          91.7271 ,             255.941  ,              854.9519 ,         257.5596 ,                16.3946 ,            1356.004  ,          43.799  ,-75.9461           ,               11.5077  ,5.6715                   ,-8.7164               ,         1355.88 ,     43.799  ,-75.9461      ,            243.7638 ,                   12.8294 ,         0 ,-8.6995              ,91.4923          ,91.4923          ,       853.9481 ,                1 ,          257.0487 ,                   1 ,               16.0098 ,3.5318                  ,-32768               ,                       1389.4984 ,               1.1611   , , , , ,
[2023-02-01T19:09:37.0343084] ,  2559.801  ,01-Feb-2023 19:08:16 ,                257.0325 ,          91.7627 ,             255.9895 ,              855.9153 ,         257.4955 ,                16.3813 ,            1347.4584 ,          43.7991 ,-75.946            ,               11.2116  ,4.7466                   ,-8.3173               ,         1347.21 ,     43.7991 ,-75.946       ,            247.0538 ,                   12.175  ,         0 ,-8.7164              ,91.3889          ,91.3889          ,       854.8088 ,                1 ,          257.0917 ,                   1 ,               15.9924 ,3.5468                  ,-32768               ,                       1380.99   ,               1.1645   , , , , ,
[2023-02-01T19:09:37.0357660] ,  2560.801  ,01-Feb-2023 19:08:17 ,                257.0914 ,          91.3329 ,             255.9912 ,              856.8849 ,         257.4387 ,                16.3709 ,            1338.8754 ,          43.7991 ,-75.9458           ,               11.3335  ,3.37                     ,-8.1471               ,         1339.69 ,     43.7991 ,-75.9458      ,            253.4402 ,                   11.8239 ,         0 ,-8.3173              ,91.4657          ,91.4657          ,       855.7521 ,                1 ,          257.15   ,                   1 ,               15.9786 ,3.5602                  ,-32768               ,                       1372.4855 ,               1.1634   , , , , ,
[2023-02-01T19:09:37.0383646] ,  2561.801  ,01-Feb-2023 19:08:18 ,                257.1521 ,          90.5587 ,             255.9484 ,              857.8616 ,         257.3863 ,                16.3638 ,            1330.1414 ,          43.7991 ,-75.9457           ,               12.0318  ,1.4882                   ,-8.3337               ,         1329.11 ,     43.7991 ,-75.9457      ,            262.9492 ,                   12.1235 ,         0 ,-8.1471              ,91.6902          ,91.6902          ,       856.6651 ,                1 ,          257.2104 ,                   1 ,               15.9685 ,3.5732                  ,-32768               ,                       1363.5577 ,               1.1579   , , , , ,
[2023-02-01T19:09:37.0398365] ,  2562.801  ,01-Feb-2023 19:08:19 ,                257.2053 ,          90.1151 ,             255.9418 ,              858.8466 ,         257.3357 ,                16.3598 ,            1321.4661 ,          43.7991 ,-75.9455           ,               13.4764  ,0.036897                 ,-8.8027               ,         1322.32 ,     43.7991 ,-75.9455      ,            269.8431 ,                   13.4765 ,         0 ,-8.3337              ,90.7918          ,90.7918          ,       857.7364 ,                1 ,          257.2626 ,                   1 ,               15.9619 ,3.5865                  ,-32768               ,                       1355.1073 ,               1.1559   , , , , ,
[2023-02-01T19:10:55.7055288] ,  2563.801  ,01-Feb-2023 19:08:20 ,                257.266  ,          90.1695 ,             256.0092 ,              859.8405 ,         257.2846 ,                16.3585 ,            1312.6645 ,          43.7991 ,-75.9453           ,               14.9432  ,-0.69158                 ,-8.6591               ,         1312.42 ,     43.7991 ,-75.9453      ,            272.6498 ,                   14.9592 ,         0 ,-8.8027              ,90.2003          ,90.2003          ,       858.8203 ,                1 ,          257.323  ,                   1 ,               15.9575 ,3.6007                  ,-32768               ,                       1346.1971 ,               1.1611   , , , , ,
[2023-02-01T19:10:55.7066654] ,  2564.801  ,01-Feb-2023 19:08:21 ,                257.3266 ,          90.2019 ,             256.0735 ,              860.8425 ,         257.2313 ,                16.3594 ,            1303.9032 ,          43.7991 ,-75.9451           ,               16.6441  ,-0.67427                 ,-8.5267               ,         1303.57 ,     43.7991 ,-75.9451      ,            272.3198 ,                   16.6578 ,         0 ,-8.6591              ,90.1641          ,90.1641          ,       859.6642 ,                1 ,          257.3828 ,                   1 ,               15.955  ,3.6158                  ,-32768               ,                       1337.3211 ,               1.1661   , , , , ,
[2023-02-01T19:10:55.7095060] ,  2565.801  ,01-Feb-2023 19:08:22 ,                257.3941 ,          90.1459 ,             256.1329 ,              861.8505 ,         257.174  ,                16.3622 ,            1295.1985 ,          43.7991 ,-75.9449           ,               18.5788  ,0.21762                  ,-8.5896               ,         1295.41 ,     43.7991 ,-75.9449      ,            269.3289 ,                   18.58   ,         0 ,-8.5267              ,90.0212          ,90.0212          ,       860.7406 ,                1 ,          257.4511 ,                   1 ,               15.9539 ,3.6323                  ,-32768               ,                       1328.8108 ,               1.1705   , , , , ,
[2023-02-01T19:10:55.7161442] ,  2566.801  ,01-Feb-2023 19:08:23 ,                257.4498 ,          90.2908 ,             256.2075 ,              862.862  ,         257.1104 ,                16.3669 ,            1286.491  ,          43.7991 ,-75.9446           ,               19.9572  ,1.8471                   ,-8.9048               ,         1286.64 ,     43.7991 ,-75.9446      ,            264.7121 ,                   20.0425 ,         0 ,-8.5896              ,90.043           ,90.043           ,       861.749  ,                1 ,          257.506  ,                   1 ,               15.9543 ,3.651                   ,-32768               ,                       1320.1806 ,               1.1765   , , , , ,
[2023-02-01T19:10:55.7191132] ,  2567.801  ,01-Feb-2023 19:08:24 ,                257.5118 ,          90.5698 ,             256.3063 ,              863.8758 ,         257.0382 ,                16.3733 ,            1277.7481 ,          43.7991 ,-75.9444           ,               20.5571  ,3.5705                   ,-8.9329               ,         1277.88 ,     43.7991 ,-75.9444      ,            260.1467 ,                   20.8649 ,         0 ,-8.9048              ,90.2905          ,90.2905          ,       862.864  ,                1 ,          257.5684 ,                   1 ,               15.9559 ,3.6724                  ,-32768               ,                       1311.3613 ,               1.1849   , , , , ,
[2023-02-01T19:10:55.7206855] ,  2568.801  ,01-Feb-2023 19:08:25 ,                257.5721 ,          90.8702 ,             256.4061 ,              864.8887 ,         256.9546 ,                16.3812 ,            1269.0741 ,          43.7992 ,-75.9441           ,               20.6659  ,5.1032                   ,-9.0056               ,         1268.84 ,     43.7992 ,-75.9441      ,            256.1291 ,                   21.2867 ,         0 ,-8.9329              ,90.3768          ,90.3768          ,       863.8098 ,                1 ,          257.6277 ,                   1 ,               15.9583 ,3.6974                  ,-32768               ,                       1302.4478 ,               1.1935   , , , , ,
[2023-02-01T19:10:55.7229052] ,  2569.801  ,01-Feb-2023 19:08:26 ,                257.6365 ,          91.1816 ,             256.5114 ,              865.8995 ,         256.8572 ,                16.39   ,            1260.6905 ,          43.7992 ,-75.9439           ,               20.083   ,6.3948                   ,-8.8894               ,         1259.71 ,     43.7992 ,-75.9439      ,            252.3375 ,                   21.0766 ,         0 ,-9.0056              ,89.8875          ,89.8875          ,       864.795  ,                1 ,          257.6913 ,                   1 ,               15.9606 ,3.7266                  ,-32768               ,                       1294.0582 ,               1.2026   , , , , ,
[2023-02-01T19:10:55.7264494] ,  2570.801  ,01-Feb-2023 19:08:27 ,                257.7036 ,          91.2172 ,             256.5827 ,              866.9068 ,         256.7439 ,                16.3988 ,            1252.5095 ,          43.7993 ,-75.9436           ,               18.9274  ,7.4915                   ,-8.5085               ,         1253.68 ,     43.7993 ,-75.9436      ,            248.4062 ,                   20.3561 ,         0 ,-8.8894              ,89.9873          ,89.9873          ,       865.8266 ,                1 ,          257.7574 ,                   1 ,               15.9619 ,3.7603                  ,-32768               ,                       1286.3442 ,               1.2084   , , , , ,
[2023-02-01T19:10:55.7312151] ,  2571.801  ,01-Feb-2023 19:08:28 ,                257.7781 ,          90.6913 ,             256.5864 ,              867.9103 ,         256.6131 ,                16.407  ,            1243.9404 ,          43.7994 ,-75.9434           ,               16.8857  ,8.1868                   ,-8.4187               ,         1244.15 ,     43.7994 ,-75.9434      ,            244.1344 ,                   18.7657 ,         0 ,-8.5085              ,89.6626          ,89.6626          ,       866.8481 ,                1 ,          257.8323 ,                   1 ,               15.9613 ,3.7985                  ,-32768               ,                       1277.6466 ,               1.2074   , , , , ,
[2023-02-01T19:10:55.7838805] ,  2572.801  ,01-Feb-2023 19:08:29 ,                257.8453 ,          89.9094 ,             256.5478 ,              868.9109 ,         256.4635 ,                16.4136 ,            1235.0207 ,          43.7995 ,-75.9432           ,               14.8937  ,8.0499                   ,-8.5302               ,         1234.54 ,     43.7995 ,-75.9432      ,            241.6091 ,                   16.93   ,         0 ,-8.4187              ,89.2081          ,89.2081          ,       867.8408 ,                1 ,          257.8989 ,                   1 ,               15.9578 ,3.8417                  ,-32768               ,                       1268.4499 ,               1.2021   , , , , ,
[2023-02-01T19:10:55.7849992] ,  2573.801  ,01-Feb-2023 19:08:30 ,                257.9149 ,          89.2135 ,             256.5224 ,              869.9076 ,         256.2944 ,                16.418  ,            1226.122  ,          43.7995 ,-75.9431           ,               12.9878  ,6.9364                   ,-8.5753               ,         1226.15 ,     43.7995 ,-75.9431      ,            241.8945 ,                   14.724  ,         0 ,-8.5302              ,89.11            ,89.11            ,       868.8079 ,                1 ,          257.9691 ,                   1 ,               15.9507 ,3.8899                  ,-32768               ,                       1259.6456 ,               1.1982   , , , , ,
[2023-02-01T19:10:55.7868045] ,  2574.801  ,01-Feb-2023 19:08:31 ,                257.9811 ,          88.7539 ,             256.5252 ,              870.9022 ,         256.1055 ,                16.4196 ,            1217.2231 ,          43.7996 ,-75.9429           ,               11.6008  ,5.0982                   ,-8.664                ,         1217.38 ,     43.7996 ,-75.9429      ,            246.2762 ,                   12.6716 ,         0 ,-8.5753              ,88.4282          ,88.4282          ,       869.8779 ,                1 ,          258.0353 ,                   1 ,               15.9393 ,3.9429                  ,-32768               ,                       1250.8344 ,               1.1971   , , , , ,
[2023-02-01T19:10:55.7878015] ,  2575.801  ,01-Feb-2023 19:08:32 ,                258.0474 ,          88.6489 ,             256.5763 ,              871.8964 ,         255.8974 ,                16.4181 ,            1208.3372 ,          43.7996 ,-75.9428           ,               10.9672  ,3.5351                   ,-8.5497               ,         1208.13 ,     43.7996 ,-75.9428      ,            252.1339 ,                   11.5228 ,         0 ,-8.664               ,88.4054          ,88.4054          ,       870.7607 ,                1 ,          258.1017 ,                   1 ,               15.9234 ,4.0006                  ,-32768               ,                       1241.8567 ,               1.2009   , , , , ,
[2023-02-01T19:10:55.7887263] ,  2576.801  ,01-Feb-2023 19:08:33 ,                258.1122 ,          88.9252 ,             256.6782 ,              872.8936 ,         255.6704 ,                16.4131 ,            1199.5022 ,          43.7996 ,-75.9427           ,               11.2571  ,1.6852                   ,-8.5797               ,         1199.3  ,     43.7996 ,-75.9427      ,            261.486  ,                   11.3825 ,         0 ,-8.5497              ,88.6097          ,88.6097          ,       871.7283 ,                1 ,          258.1662 ,                   1 ,               15.9025 ,4.0623                  ,-32768               ,                       1233.1482 ,               1.2098   , , , , ,
[2023-02-01T19:10:55.7896491] ,  2577.801  ,01-Feb-2023 19:08:34 ,                258.1789 ,          89.513  ,             256.8243 ,              873.8948 ,         255.425  ,                16.4043 ,            1190.7146 ,          43.7996 ,-75.9425           ,               12.4316  ,0.080078                 ,-8.7483               ,         1191.55 ,     43.7996 ,-75.9425      ,            269.6309 ,                   12.4319 ,         0 ,-8.5797              ,88.0759          ,88.0759          ,       872.7592 ,                1 ,          258.2324 ,                   1 ,               15.8765 ,4.1279                  ,-32768               ,                       1224.4844 ,               1.2232   , , , , ,
[2023-02-01T19:10:55.7906916] ,  2578.801  ,01-Feb-2023 19:08:35 ,                258.2473 ,          90.4295 ,             257.016  ,              874.9009 ,         255.1617 ,                16.3918 ,            1181.7927 ,          43.7996 ,-75.9423           ,               13.448   ,-0.85405                 ,-8.5313               ,         1181.1  ,     43.7996 ,-75.9423      ,            273.6338 ,                   13.475  ,         0 ,-8.7483              ,88.759           ,88.759           ,       873.807  ,                1 ,          258.3004 ,                   1 ,               15.8454 ,4.1976                  ,-32768               ,                       1215.2871 ,               1.2415   , , , , ,
[2023-02-01T19:10:55.7916673] ,  2579.801  ,01-Feb-2023 19:08:36 ,                258.3202 ,          90.6823 ,             257.1222 ,              875.9128 ,         254.8818 ,                16.3754 ,            1173.0707 ,          43.7996 ,-75.9421           ,               15.0048  ,-1.0566                  ,-8.5954               ,         1173.01 ,     43.7996 ,-75.9421      ,            274.0279 ,                   15.0419 ,         0 ,-8.5313              ,89.3071          ,89.3071          ,       874.8151 ,                1 ,          258.374  ,                   1 ,               15.809  ,4.2711                  ,-32768               ,                       1206.5284 ,               1.2511   , , , , ,
[2023-02-01T19:10:55.7926012] ,  2580.801  ,01-Feb-2023 19:08:37 ,                258.3847 ,          89.9524 ,             257.0876 ,              876.9297 ,         254.5871 ,                16.3552 ,            1164.5401 ,          43.7996 ,-75.9419           ,               17.3102  ,-0.35802                 ,-8.5755               ,         1164.25 ,     43.7996 ,-75.9419      ,            271.1848 ,                   17.3139 ,         0 ,-8.5954              ,88.9703          ,88.9703          ,       875.78   ,                1 ,          258.4379 ,                   1 ,               15.767  ,4.3471                  ,-32768               ,                       1198.2022 ,               1.246    , , , , ,
[2023-02-01T19:10:55.8198932] ,  2581.801  ,01-Feb-2023 19:08:38 ,                258.4532 ,          89.4847 ,             257.0919 ,              877.95   ,         254.2793 ,                16.3314 ,            1155.9189 ,          43.7996 ,-75.9417           ,               18.9982  ,0.80974                  ,-8.7994               ,         1157.07 ,     43.7996 ,-75.9417      ,            267.5594 ,                   19.0154 ,         0 ,-8.5755              ,89.2202          ,89.2202          ,       876.7794 ,                1 ,          258.5071 ,                   1 ,               15.7204 ,4.4251                  ,-32768               ,                       1189.7871 ,               1.245    , , , , ,
[2023-02-01T19:10:55.8209875] ,  2582.801  ,01-Feb-2023 19:08:39 ,                258.5205 ,          89.5058 ,             257.1613 ,              878.9701 ,         253.9594 ,                16.3045 ,            1146.9935 ,          43.7996 ,-75.9414           ,               19.9438  ,2.0712                   ,-9.1859               ,         1146.28 ,     43.7996 ,-75.9415      ,            264.0711 ,                   20.0511 ,         0 ,-8.7994              ,88.9548          ,88.9548          ,       877.8629 ,                1 ,          258.5741 ,                   1 ,               15.6697 ,4.5052                  ,-32768               ,                       1180.5852 ,               1.2508   , , , , ,
[2023-02-01T19:10:55.8221512] ,  2583.801  ,01-Feb-2023 19:08:40 ,                258.5859 ,          89.4731 ,             257.2216 ,              879.9877 ,         253.6279 ,                16.2751 ,            1138.138  ,          43.7997 ,-75.9412           ,               20.3277  ,3.6667                   ,-8.9863               ,         1138.31 ,     43.7997 ,-75.9412      ,            259.7749 ,                   20.6558 ,         0 ,-9.1859              ,88.9041          ,88.9041          ,       878.9979 ,                1 ,          258.6399 ,                   1 ,               15.6152 ,4.5874                  ,-32768               ,                       1171.7726 ,               1.2556   , , , , ,
[2023-02-01T19:10:55.8231728] ,  2584.801  ,01-Feb-2023 19:08:41 ,                258.6552 ,          89.2666 ,             257.2619 ,              880.9988 ,         253.2854 ,                16.2436 ,            1129.4655 ,          43.7997 ,-75.9409           ,               20.2561  ,4.9362                   ,-8.6828               ,         1129.56 ,     43.7997 ,-75.9409      ,            256.3046 ,                   20.8489 ,         0 ,-8.9863              ,88.9916          ,88.9916          ,       879.9234 ,                1 ,          258.711  ,                   1 ,               15.5574 ,4.6716                  ,-32768               ,                       1163.0825 ,               1.2584   , , , , ,
[2023-02-01T19:10:55.8242295] ,  2585.801  ,01-Feb-2023 19:08:42 ,                258.7083 ,          89.1958 ,             257.3048 ,              882.001  ,         252.9333 ,                16.2102 ,            1121.0817 ,          43.7998 ,-75.9407           ,               19.7431  ,6.1284                   ,-8.4069               ,         1120.29 ,     43.7998 ,-75.9407      ,            252.7552 ,                   20.6723 ,         0 ,-8.6828              ,88.8071          ,88.8071          ,       880.8967 ,                1 ,          258.763  ,                   1 ,               15.4965 ,4.7576                  ,-32768               ,                       1154.5416 ,               1.2615   , , , , ,
[2023-02-01T19:10:55.8253474] ,  2586.801  ,01-Feb-2023 19:08:43 ,                258.7683 ,          89.6251 ,             257.4229 ,              882.9941 ,         252.5735 ,                16.1757 ,            1113.0574 ,          43.7998 ,-75.9405           ,               19.3163  ,6.9875                   ,-8.2485               ,         1113.36 ,     43.7998 ,-75.9405      ,            250.1127 ,                   20.5413 ,         0 ,-8.4069              ,89.1781          ,89.1781          ,       881.9789 ,                1 ,          258.8229 ,                   1 ,               15.4332 ,4.8445                  ,-32768               ,                       1146.7377 ,               1.2725   , , , , ,
[2023-02-01T19:10:55.8271267] ,  2587.801  ,01-Feb-2023 19:08:44 ,                258.8377 ,          90.4059 ,             257.5976 ,              883.978  ,         252.2076 ,                16.1406 ,            1105.0075 ,          43.7999 ,-75.9402           ,               17.8214  ,7.9987                   ,-8.1947               ,         1105.33 ,     43.7999 ,-75.9402      ,            245.8283 ,                   19.5341 ,         0 ,-8.2485              ,89.7724          ,89.7724          ,       882.9193 ,                1 ,          258.8927 ,                   1 ,               15.3683 ,4.9321                  ,-32768               ,                       1138.8149 ,               1.2896   , , , , ,
[2023-02-01T19:10:55.8284054] ,  2588.801  ,01-Feb-2023 19:08:45 ,                258.9025 ,          91.2992 ,             257.7822 ,              884.9551 ,         251.8371 ,                16.1056 ,            1096.6579 ,          43.8    ,-75.94             ,               16.5315  ,8.6462                   ,-8.2317               ,         1096.88 ,     43.8    ,-75.94        ,            242.3899 ,                   18.656  ,         0 ,-8.1947              ,90.2278          ,90.2278          ,       883.8489 ,                1 ,          258.9586 ,                   1 ,               15.303  ,5.0205                  ,-32768               ,                       1130.3732 ,               1.3081   , , , , ,
[2023-02-01T19:10:55.8294882] ,  2589.801  ,01-Feb-2023 19:08:46 ,                258.9585 ,          92.2207 ,             257.9609 ,              885.9272 ,         251.463  ,                16.0713 ,            1088.056  ,          43.8001 ,-75.9398           ,               15.6813  ,8.988                    ,-8.2696               ,         1087.9  ,     43.8001 ,-75.9398      ,            240.1801 ,                   18.0745 ,         0 ,-8.2317              ,90.6927          ,90.6927          ,       884.753  ,                1 ,          259.0158 ,                   1 ,               15.2374 ,5.1093                  ,-32768               ,                       1121.6269 ,               1.3261   , , , , ,
[2023-02-01T19:10:55.8505130] ,  2590.801  ,01-Feb-2023 19:08:47 ,                259.0061 ,          93.1955 ,             258.1373 ,              886.8959 ,         251.0862 ,                16.0382 ,            1079.3882 ,          43.8001 ,-75.9397           ,               14.0784  ,8.9733                   ,-8.3036               ,         1079.21 ,     43.8001 ,-75.9397      ,            237.4873 ,                   16.6949 ,         0 ,-8.2696              ,91.3848          ,91.3848          ,       885.7484 ,                1 ,          259.0623 ,                   1 ,               15.1721 ,5.1986                  ,-32768               ,                       1112.9717 ,               1.3441   , , , , ,
[2023-02-01T19:10:55.8516132] ,  2591.801  ,01-Feb-2023 19:08:48 ,                259.0659 ,          94.125  ,             258.3187 ,              887.8604 ,         250.708  ,                16.0065 ,            1070.7723 ,          43.8002 ,-75.9395           ,               12.9299  ,8.7152                   ,-8.2164               ,         1070.9  ,     43.8002 ,-75.9395      ,            236.0186 ,                   15.5929 ,         0 ,-8.3036              ,92.6888          ,92.6888          ,       886.7465 ,                1 ,          259.1214 ,                   1 ,               15.1077 ,5.2882                  ,-32768               ,                       1104.4947 ,               1.3629   , , , , ,
[2023-02-01T19:10:55.8525802] ,  2592.801  ,01-Feb-2023 19:08:49 ,                259.1342 ,          94.7346 ,             258.4661 ,              888.8206 ,         250.3299 ,                15.9764 ,            1062.2204 ,          43.8003 ,-75.9394           ,               12.1477  ,8.5263                   ,-8.2844               ,         1062.31 ,     43.8003 ,-75.9394      ,            234.9355 ,                   14.8413 ,         0 ,-8.2164              ,93.8829          ,93.8829          ,       887.7776 ,                1 ,          259.1896 ,                   1 ,               15.0443 ,5.3778                  ,-32768               ,                       1096.01   ,               1.3781   , , , , ,
[2023-02-01T19:10:55.8536168] ,  2593.801  ,01-Feb-2023 19:08:50 ,                259.1993 ,          94.8838 ,             258.5503 ,              889.7765 ,         249.9537 ,                15.9483 ,            1053.8417 ,          43.8004 ,-75.9392           ,               11.5509  ,7.8598                   ,-8.1176               ,         1053.92 ,     43.8004 ,-75.9392      ,            235.7667 ,                   13.9714 ,         0 ,-8.2844              ,93.5971          ,93.5971          ,       888.8323 ,                1 ,          259.2555 ,                   1 ,               14.9821 ,5.4667                  ,-32768               ,                       1087.5091 ,               1.3862   , , , , ,
[2023-02-01T19:10:55.8547249] ,  2594.801  ,01-Feb-2023 19:08:51 ,                259.257  ,          95.0585 ,             258.6304 ,              890.7289 ,         249.5813 ,                15.9224 ,            1045.7457 ,          43.8004 ,-75.9391           ,               11.133   ,7.156                    ,-8.0979               ,         1045.09 ,     43.8004 ,-75.9391      ,            237.2681 ,                   13.2344 ,         0 ,-8.1176              ,93.5929          ,93.5929          ,       889.5901 ,                1 ,          259.3141 ,                   1 ,               14.9219 ,5.555                   ,-32768               ,                       1079.2338 ,               1.3939   , , , , ,
[2023-02-01T19:10:55.8557630] ,  2595.801  ,01-Feb-2023 19:08:52 ,                259.3098 ,          95.5776 ,             258.7501 ,              891.6829 ,         249.2147 ,                15.899  ,            1038.1021 ,          43.8005 ,-75.9389           ,               10.9549  ,5.9215                   ,-7.7146               ,         1037.99 ,     43.8005 ,-75.9389      ,            241.6073 ,                   12.4528 ,         0 ,-8.0979              ,94.6834          ,94.6834          ,       890.4642 ,                1 ,          259.3663 ,                   1 ,               14.8642 ,5.6421                  ,-32768               ,                       1071.6888 ,               1.4061   , , , , ,
[2023-02-01T19:10:55.8568158] ,  2596.801  ,01-Feb-2023 19:08:53 ,                259.3652 ,          95.7292 ,             258.8249 ,              892.6414 ,         248.8557 ,                15.8784 ,            1030.5449 ,          43.8005 ,-75.9388           ,               11.1617  ,4.3982                   ,-7.9841               ,         1030.87 ,     43.8005 ,-75.9388      ,            248.4932 ,                   11.997  ,         0 ,-7.7146              ,95.4717          ,95.4717          ,       891.3748 ,                1 ,          259.4199 ,                   1 ,               14.8093 ,5.7278                  ,-32768               ,                       1064.3647 ,               1.4133   , , , , ,
[2023-02-01T19:10:55.8579049] ,  2597.801  ,01-Feb-2023 19:08:54 ,                259.4393 ,          95.2213 ,             258.8329 ,              893.6066 ,         248.506  ,                15.8609 ,            1022.6336 ,          43.8005 ,-75.9387           ,               11.707   ,3.447                    ,-8.1561               ,         1023.27 ,     43.8005 ,-75.9387      ,            253.5934 ,                   12.2039 ,         0 ,-7.9841              ,95.0862          ,95.0862          ,       892.4496 ,                1 ,          259.4948 ,                   1 ,               14.7575 ,5.8116                  ,-32768               ,                       1056.4544 ,               1.4127   , , , , ,
[2023-02-01T19:10:55.8589742] ,  2598.801  ,01-Feb-2023 19:08:55 ,                259.5061 ,          94.9122 ,             258.8592 ,              894.5754 ,         248.1663 ,                15.8464 ,            1014.2159 ,          43.8006 ,-75.9385           ,               12.5047  ,2.7278                   ,-8.246                ,         1013.78 ,     43.8006 ,-75.9385      ,            257.6943 ,                   12.7987 ,         0 ,-8.1561              ,94.895           ,94.895           ,       893.4042 ,                1 ,          259.5618 ,                   1 ,               14.7096 ,5.8936                  ,-32768               ,                       1047.8905 ,               1.4142   , , , , ,
[2023-02-01T19:10:55.8807117] ,  2599.801  ,01-Feb-2023 19:08:56 ,                259.5627 ,          94.9342 ,             258.9185 ,              895.5431 ,         247.8366 ,                15.8352 ,            1005.5701 ,          43.8006 ,-75.9383           ,               12.8704  ,2.4006                   ,-8.2361               ,         1006.19 ,     43.8006 ,-75.9383      ,            259.4344 ,                   13.0924 ,         0 ,-8.246               ,94.6863          ,94.6863          ,       894.4585 ,                1 ,          259.6187 ,                   1 ,               14.6651 ,5.9738                  ,-32768               ,                       1039.3149 ,               1.4195   , , , , ,
[2023-02-01T19:10:55.8818209] ,  2600.801  ,01-Feb-2023 19:08:57 ,                259.6219 ,          94.8899 ,             258.9716 ,              896.5043 ,         247.5164 ,                15.827  ,             996.8934 ,          43.8006 ,-75.9382           ,               13.4679  ,2.2851                   ,-8.2116               ,          996.25 ,     43.8006 ,-75.9382      ,            260.3705 ,                   13.6603 ,         0 ,-8.2361              ,94.473           ,94.473           ,       895.5789 ,                1 ,          259.6779 ,                   1 ,               14.6238 ,6.0524                  ,-32768               ,                       1030.4732 ,               1.4242   , , , , ,
[2023-02-01T19:10:55.8828828] ,  2601.801  ,01-Feb-2023 19:08:58 ,                259.6818 ,          94.9912 ,             259.0444 ,              897.4559 ,         247.2051 ,                15.8217 ,             988.6134 ,          43.8006 ,-75.938            ,               13.9909  ,2.2924                   ,-8.0272               ,          988.43 ,     43.8006 ,-75.938       ,            260.6949 ,                   14.1775 ,         0 ,-8.2116              ,94.3682          ,94.3682          ,       896.4119 ,                1 ,          259.7376 ,                   1 ,               14.5859 ,6.1297                  ,-32768               ,                       1022.1826 ,               1.4312   , , , , ,
[2023-02-01T19:10:55.8846691] ,  2602.801  ,01-Feb-2023 19:08:59 ,                259.7438 ,          95.1089 ,             259.1214 ,              898.3995 ,         246.9024 ,                15.819  ,             980.7817 ,          43.8007 ,-75.9378           ,               14.6136  ,2.5584                   ,-7.7431               ,          980.59 ,     43.8007 ,-75.9378      ,            260.0697 ,                   14.8359 ,         0 ,-8.0272              ,95.0586          ,95.0586          ,       897.3452 ,                1 ,          259.8    ,                   1 ,               14.5508 ,6.2057                  ,-32768               ,                       1014.4526 ,               1.4388   , , , , ,
[2023-02-01T19:10:55.8857330] ,  2603.801  ,01-Feb-2023 19:09:00 ,                259.8011 ,          94.6351 ,             259.1166 ,              899.3396 ,         246.6081 ,                15.8182 ,             973.1926 ,          43.8007 ,-75.9376           ,               15.8955  ,3.267                    ,-7.6294               ,          973.39 ,     43.8007 ,-75.9376      ,            258.3857 ,                   16.2278 ,         0 ,-7.7431              ,93.8166          ,93.8166          ,       898.1166 ,                1 ,          259.8571 ,                   1 ,               14.518  ,6.28                    ,-32768               ,                       1006.9656 ,               1.4367   , , , , ,
[2023-02-01T19:10:55.8868268] ,  2604.801  ,01-Feb-2023 19:09:01 ,                259.8582 ,          94.5603 ,             259.1636 ,              900.2833 ,         246.3218 ,                15.8186 ,             965.4915 ,          43.8007 ,-75.9374           ,               16.7351  ,4.0599                   ,-7.7766               ,          965.73 ,     43.8007 ,-75.9374      ,            256.3636 ,                   17.2205 ,         0 ,-7.6294              ,94.6422          ,94.6422          ,       899.0662 ,                1 ,          259.914  ,                   1 ,               14.4871 ,6.3526                  ,-32768               ,                        999.2886 ,               1.4407   , , , , ,
[2023-02-01T19:10:55.8879139] ,  2605.801  ,01-Feb-2023 19:09:02 ,                259.9165 ,          94.7223 ,             259.2428 ,              901.2354 ,         246.0436 ,                15.8197 ,             957.4886 ,          43.8008 ,-75.9372           ,               17.5354  ,4.9536                   ,-7.9656               ,          957.62 ,     43.8008 ,-75.9372      ,            254.2256 ,                   18.2216 ,         0 ,-7.7766              ,94.6549          ,94.6549          ,       899.9584 ,                1 ,          259.9714 ,                   1 ,               14.457  ,6.4234                  ,-32768               ,                        991.2181 ,               1.4485   , , , , ,
[2023-02-01T19:10:55.8889892] ,  2606.801  ,01-Feb-2023 19:09:03 ,                259.9799 ,          94.4878 ,             259.2751 ,              902.1985 ,         245.7739 ,                15.8206 ,             949.1931 ,          43.8008 ,-75.937            ,               18.3271  ,6.5075                   ,-8.2822               ,          949.13 ,     43.8008 ,-75.937       ,            250.4514 ,                   19.4481 ,         0 ,-7.9656              ,94.1833          ,94.1833          ,       900.9639 ,                1 ,          260.0342 ,                   1 ,               14.4275 ,6.4917                  ,-32768               ,                        982.8947 ,               1.4508   , , , , ,
[2023-02-01T19:10:55.8900949] ,  2607.801  ,01-Feb-2023 19:09:04 ,                260.0439 ,          94.1082 ,             259.2889 ,              903.1716 ,         245.5137 ,                15.8207 ,             940.788  ,          43.8009 ,-75.9367           ,               18.7074  ,7.6468                   ,-8.4577               ,          940.91 ,     43.8009 ,-75.9367      ,            247.7672 ,                   20.2099 ,         0 ,-8.2822              ,93.4251          ,93.4251          ,       902.0598 ,                1 ,          260.0972 ,                   1 ,               14.3979 ,6.5572                  ,-32768               ,                        974.5082 ,               1.4509   , , , , ,
[2023-02-01T19:10:55.9192254] ,  2608.801  ,01-Feb-2023 19:09:05 ,                260.1123 ,          93.988  ,             259.3411 ,              904.1508 ,         245.2645 ,                15.8193 ,             932.4491 ,          43.801  ,-75.9365           ,               18.7625  ,8.5683                   ,-8.5115               ,          932.21 ,     43.801  ,-75.9365      ,            245.4552 ,                   20.6264 ,         0 ,-8.4577              ,93.5771          ,93.5771          ,       903.0878 ,                1 ,          260.1662 ,                   1 ,               14.3681 ,6.6194                  ,-32768               ,                        966.0945 ,               1.4555   , , , , ,
[2023-02-01T19:10:55.9203694] ,  2609.801  ,01-Feb-2023 19:09:06 ,                260.1764 ,          93.7551 ,             259.3739 ,              905.1343 ,         245.0279 ,                15.8157 ,             924.321  ,          43.8011 ,-75.9363           ,               18.6237  ,9.4811                   ,-8.2388               ,          924.16 ,     43.8011 ,-75.9363      ,            243.02   ,                   20.8982 ,         0 ,-8.5115              ,93.6175          ,93.6175          ,       904.0152 ,                1 ,          260.2306 ,                   1 ,               14.3374 ,6.6773                  ,-32768               ,                        957.9195 ,               1.4578   , , , , ,
[2023-02-01T19:10:55.9214329] ,  2610.801  ,01-Feb-2023 19:09:07 ,                260.2331 ,          93.1399 ,             259.3486 ,              906.1203 ,         244.8056 ,                15.8096 ,             916.435  ,          43.8011 ,-75.936            ,               17.9244  ,10.2178                  ,-7.9778               ,          916.1  ,     43.8011 ,-75.936       ,            240.3146 ,                   20.6322 ,         0 ,-8.2388              ,92.8132          ,92.8132          ,       904.9901 ,                1 ,          260.2872 ,                   1 ,               14.3057 ,6.7302                  ,-32768               ,                        950.0907 ,               1.4532   , , , , ,
[2023-02-01T19:10:55.9225544] ,  2611.801  ,01-Feb-2023 19:09:08 ,                260.2924 ,          92.7726 ,             259.3585 ,              907.1111 ,         244.5985 ,                15.8011 ,             908.5984 ,          43.8012 ,-75.9358           ,               16.384   ,11.1292                  ,-7.9949               ,          909.12 ,     43.8013 ,-75.9358      ,            235.8129 ,                   19.8064 ,         0 ,-7.9778              ,92.2254          ,92.2254          ,       905.9741 ,                1 ,          260.3466 ,                   1 ,               14.2733 ,6.7783                  ,-32768               ,                        942.4547 ,               1.4528   , , , , ,
[2023-02-01T19:10:55.9237252] ,  2612.801  ,01-Feb-2023 19:09:09 ,                260.352  ,          92.8609 ,             259.4295 ,              908.1097 ,         244.4072 ,                15.7901 ,             900.4444 ,          43.8014 ,-75.9357           ,               14.4551  ,11.5645                  ,-8.2754               ,          900.72 ,     43.8014 ,-75.9357      ,            231.3393 ,                   18.5119 ,         0 ,-7.9949              ,92.7003          ,92.7003          ,       906.8765 ,                1 ,          260.4051 ,                   1 ,               14.2407 ,6.8211                  ,-32768               ,                        934.2186 ,               1.4597   , , , , ,
[2023-02-01T19:10:55.9249147] ,  2613.801  ,01-Feb-2023 19:09:10 ,                260.4151 ,          93.0735 ,             259.5206 ,              909.119  ,         244.2312 ,                15.7768 ,             891.9533 ,          43.8015 ,-75.9355           ,               12.1504  ,11.1865                  ,-8.545                ,          891.51 ,     43.8015 ,-75.9355      ,            227.3651 ,                   16.5157 ,         0 ,-8.2754              ,93.3647          ,93.3647          ,       907.7813 ,                1 ,          260.4672 ,                   1 ,               14.208  ,6.8589                  ,-32768               ,                        925.5664 ,               1.4689   , , , , ,
[2023-02-01T19:10:55.9260749] ,  2614.801  ,01-Feb-2023 19:09:11 ,                260.4872 ,          93.3585 ,             259.6301 ,              910.1387 ,         244.069  ,                15.7614 ,             883.3174 ,          43.8016 ,-75.9354           ,               10.6311  ,10.591                   ,-8.6252               ,          883.63 ,     43.8016 ,-75.9354      ,            225.1082 ,                   15.0063 ,         0 ,-8.545               ,93.207           ,93.207           ,       908.9332 ,                1 ,          260.5399 ,                   1 ,               14.1745 ,6.8922                  ,-32768               ,                        917.0901 ,               1.4804   , , , , ,
[2023-02-01T19:10:55.9278162] ,  2615.801  ,01-Feb-2023 19:09:12 ,                260.5506 ,          93.9964 ,             259.7779 ,              911.166  ,         243.9191 ,                15.7438 ,             874.5437 ,          43.8016 ,-75.9353           ,                9.9233  ,9.9995                   ,-8.591                ,          874.67 ,     43.8016 ,-75.9353      ,            224.7811 ,                   14.0877 ,         0 ,-8.6252              ,93.338           ,93.338           ,       910.041  ,                1 ,          260.6037 ,                   1 ,               14.1406 ,6.9215                  ,-32768               ,                        908.3427 ,               1.4967   , , , , ,
[2023-02-01T19:10:55.9290487] ,  2616.801  ,01-Feb-2023 19:09:13 ,                260.6115 ,          94.7996 ,             259.9443 ,              912.195  ,         243.7798 ,                15.7242 ,             865.7935 ,          43.8017 ,-75.9351           ,                9.6118  ,9.1156                   ,-8.6244               ,          865.52 ,     43.8017 ,-75.9351      ,            226.5176 ,                   13.2469 ,         0 ,-8.591               ,93.6556          ,93.6556          ,       911.152  ,                1 ,          260.6661 ,                   1 ,               14.1062 ,6.9471                  ,-32768               ,                        899.4465 ,               1.5154   , , , , ,
[2023-02-01T19:10:55.9516726] ,  2617.801  ,01-Feb-2023 19:09:14 ,                260.6617 ,          95.3706 ,             260.0692 ,              913.2202 ,         243.6494 ,                15.7026 ,             857.2953 ,          43.8018 ,-75.935            ,                9.6629  ,8.0884                   ,-8.3171               ,          857.01 ,     43.8018 ,-75.935       ,            230.0689 ,                   12.6014 ,         0 ,-8.6244              ,93.6834          ,93.6834          ,       912.1363 ,                1 ,          260.7165 ,                   1 ,               14.071  ,6.9697                  ,-32768               ,                        890.9283 ,               1.5291   , , , , ,
[2023-02-01T19:10:55.9529454] ,  2618.801  ,01-Feb-2023 19:09:15 ,                260.7147 ,          95.6838 ,             260.1629 ,              914.2374 ,         243.5269 ,                15.6791 ,             849.079  ,          43.8019 ,-75.9349           ,                9.9148  ,6.7232                   ,-8.2101               ,          849.07 ,     43.8019 ,-75.9349      ,            235.859  ,                   11.9793 ,         0 ,-8.3171              ,93.4568          ,93.4568          ,       913.1168 ,                1 ,          260.7698 ,                   1 ,               14.0352 ,6.9894                  ,-32768               ,                        882.8365 ,               1.5391   , , , , ,
[2023-02-01T19:10:55.9539765] ,  2619.801  ,01-Feb-2023 19:09:16 ,                260.7672 ,          96.0072 ,             260.2572 ,              915.2452 ,         243.4109 ,                15.6537 ,             840.9305 ,          43.8019 ,-75.9348           ,               10.7264  ,5.1032                   ,-8.4439               ,          841.2  ,     43.8019 ,-75.9348      ,            244.5568 ,                   11.8785 ,         0 ,-8.2101              ,93.8909          ,93.8909          ,       914.1442 ,                1 ,          260.8211 ,                   1 ,               13.9983 ,7.0064                  ,-32768               ,                        874.7906 ,               1.5492   , , , , ,
[2023-02-01T19:10:55.9550257] ,  2620.801  ,01-Feb-2023 19:09:17 ,                260.8269 ,          96.303  ,             260.3552 ,              916.2438 ,         243.3005 ,                15.6263 ,             832.6066 ,          43.8019 ,-75.9346           ,               11.9433  ,3.7332                   ,-8.2852               ,          832.79 ,     43.8019 ,-75.9346      ,            252.642  ,                   12.5132 ,         0 ,-8.4439              ,95.1933          ,95.1933          ,       915.0891 ,                1 ,          260.8809 ,                   1 ,               13.9601 ,7.0211                  ,-32768               ,                        866.4343 ,               1.5599   , , , , ,
[2023-02-01T19:10:55.9560136] ,  2621.801  ,01-Feb-2023 19:09:18 ,                260.8909 ,          96.2163 ,             260.4077 ,              917.2346 ,         243.1946 ,                15.5971 ,             824.1155 ,          43.802  ,-75.9344           ,               13.2909  ,2.9922                   ,-8.1527               ,          823.99 ,     43.802  ,-75.9344      ,            257.3125 ,                   13.6235 ,         0 ,-8.2852              ,95.801           ,95.801           ,       916.0786 ,                1 ,          260.9454 ,                   1 ,               13.9211 ,7.0339                  ,-32768               ,                        857.8717 ,               1.5648   , , , , ,
[2023-02-01T19:10:55.9570767] ,  2622.801  ,01-Feb-2023 19:09:19 ,                260.9417 ,          95.8944 ,             260.4164 ,              918.2172 ,         243.092  ,                15.5666 ,             815.6263 ,          43.802  ,-75.9343           ,               14.2896  ,2.7668                   ,-8.3012               ,          815.69 ,     43.802  ,-75.9343      ,            259.0418 ,                   14.555  ,         0 ,-8.1527              ,95.3656          ,95.3656          ,       917.1817 ,                1 ,          260.9948 ,                   1 ,               13.8814 ,7.0448                  ,-32768               ,                        849.3949 ,               1.5642   , , , , ,
[2023-02-01T19:10:55.9579845] ,  2623.801  ,01-Feb-2023 19:09:20 ,                261.0063 ,          95.6065 ,             260.4431 ,              919.1953 ,         242.9912 ,                15.535  ,             807.1987 ,          43.802  ,-75.9341           ,               14.7194  ,2.9495                   ,-8.0314               ,          807.17 ,     43.802  ,-75.9341      ,            258.6692 ,                   15.012  ,         0 ,-8.3012              ,95.4688          ,95.4688          ,       918.0389 ,                1 ,          261.0604 ,                   1 ,               13.8406 ,7.0549                  ,-32768               ,                        840.9215 ,               1.5659   , , , , ,
[2023-02-01T19:10:55.9590116] ,  2624.801  ,01-Feb-2023 19:09:21 ,                261.0677 ,          95.5029 ,             260.4907 ,              920.1695 ,         242.8901 ,                15.5028 ,             798.9711 ,          43.802  ,-75.9339           ,               15.5709  ,3.7256                   ,-8.1164               ,          798.52 ,     43.8021 ,-75.9339      ,            256.544  ,                   16.0104 ,         0 ,-8.0314              ,95.1376          ,95.1376          ,       918.9462 ,                1 ,          261.1214 ,                   1 ,               13.7995 ,7.0645                  ,-32768               ,                        832.6512 ,               1.5703   , , , , ,
[2023-02-01T19:10:55.9599774] ,  2625.801  ,01-Feb-2023 19:09:22 ,                261.1258 ,          95.71   ,             260.5756 ,              921.1406 ,         242.7868 ,                15.4705 ,             790.9678 ,          43.8021 ,-75.9337           ,               16.2542  ,4.4034                   ,-7.8981               ,          791.24 ,     43.8021 ,-75.9337      ,            254.8418 ,                   16.8401 ,         0 ,-8.1164              ,94.9921          ,94.9921          ,       919.9264 ,                1 ,          261.1794 ,                   1 ,               13.7578 ,7.0747                  ,-32768               ,                        824.8598 ,               1.5795   , , , , ,
[2023-02-01T19:10:55.9663327] ,  2626.801  ,01-Feb-2023 19:09:23 ,                261.1863 ,          96.1232 ,             260.6898 ,              922.1079 ,         242.6795 ,                15.4384 ,             782.9414 ,          43.8021 ,-75.9335           ,               16.5511  ,4.7382                   ,-8.0297               ,          783.43 ,     43.8021 ,-75.9335      ,            254.0246 ,                   17.2159 ,         0 ,-7.8981              ,95.5153          ,95.5153          ,       921.0173 ,                1 ,          261.2402 ,                   1 ,               13.7161 ,7.0856                  ,-32768               ,                        816.8554 ,               1.5925   , , , , ,
[2023-02-01T19:10:55.9675719] ,  2627.801  ,01-Feb-2023 19:09:24 ,                261.2477 ,          96.3684 ,             260.783  ,              923.0703 ,         242.5658 ,                15.4069 ,             774.8573 ,          43.8022 ,-75.9333           ,               17.1877  ,5.7239                   ,-8.1842               ,          774.26 ,     43.8022 ,-75.9333      ,            251.5812 ,                   18.1157 ,         0 ,-8.0297              ,95.8335          ,95.8335          ,       921.9766 ,                1 ,          261.302  ,                   1 ,               13.6741 ,7.0981                  ,-32768               ,                        808.5447 ,               1.6028   , , , , ,
[2023-02-01T19:10:55.9686014] ,  2628.801  ,01-Feb-2023 19:09:25 ,                261.3015 ,          96.3266 ,             260.8312 ,              924.0269 ,         242.4431 ,                15.3759 ,             766.9511 ,          43.8022 ,-75.9331           ,               17.4514  ,6.5458                   ,-8.1156               ,          767.11 ,     43.8022 ,-75.9331      ,            249.4396 ,                   18.6386 ,         0 ,-8.1842              ,95.8737          ,95.8737          ,       922.9949 ,                1 ,          261.3553 ,                   1 ,               13.6315 ,7.1131                  ,-32768               ,                        800.7026 ,               1.6074   , , , , ,
[2023-02-01T19:10:55.9696095] ,  2629.801  ,01-Feb-2023 19:09:26 ,                261.3625 ,          95.9434 ,             260.8419 ,              924.9788 ,         242.3095 ,                15.3453 ,             759.1298 ,          43.8023 ,-75.9328           ,               17.4636  ,7.258                    ,-7.4626               ,          759.12 ,     43.8023 ,-75.9328      ,            247.432  ,                   18.9118 ,         0 ,-8.1156              ,95.7851          ,95.7851          ,       923.7062 ,                1 ,          261.4171 ,                   1 ,               13.5878 ,7.1306                  ,-32768               ,                        792.9223 ,               1.6071   , , , , ,
[2023-02-01T19:10:55.9706630] ,  2630.801  ,01-Feb-2023 19:09:27 ,                261.417  ,          95.4545 ,             260.8321 ,              925.9272 ,         242.1634 ,                15.3149 ,             751.3635 ,          43.8024 ,-75.9326           ,               16.8296  ,9.0629                   ,-7.5184               ,          751.25 ,     43.8024 ,-75.9326      ,            241.697  ,                   19.1147 ,         0 ,-7.4626              ,95.2518          ,95.2518          ,       924.8132 ,                1 ,          261.4703 ,                   1 ,               13.5426 ,7.151                   ,-32768               ,                        785.141  ,               1.6042   , , , , ,
[2023-02-01T19:10:55.9716846] ,  2631.801  ,01-Feb-2023 19:09:28 ,                261.4767 ,          95.2883 ,             260.8696 ,              926.8774 ,         242.0045 ,                15.2841 ,             743.5814 ,          43.8025 ,-75.9324           ,               15.8966  ,10.3296                  ,-7.5638               ,          743.81 ,     43.8025 ,-75.9324      ,            236.9843 ,                   18.9579 ,         0 ,-7.5184              ,94.7903          ,94.7903          ,       925.6615 ,                1 ,          261.529  ,                   1 ,               13.4955 ,7.1741                  ,-32768               ,                        777.4292 ,               1.6074   , , , , ,
[2023-02-01T19:10:55.9726481] ,  2632.801  ,01-Feb-2023 19:09:29 ,                261.5443 ,          95.3387 ,             260.9436 ,              927.8315 ,         241.8329 ,                15.2525 ,             735.6934 ,          43.8026 ,-75.9323           ,               14.6074  ,11.3177                  ,-7.6349               ,          735.78 ,     43.8026 ,-75.9323      ,            232.2317 ,                   18.4788 ,         0 ,-7.5638              ,95.2711          ,95.2711          ,       926.6102 ,                1 ,          261.5956 ,                   1 ,               13.4463 ,7.1996                  ,-32768               ,                        769.4592 ,               1.6154   , , , , ,
[2023-02-01T19:10:55.9736317] ,  2633.801  ,01-Feb-2023 19:09:30 ,                261.6147 ,          95.1967 ,             260.9949 ,              928.7917 ,         241.6495 ,                15.2192 ,             727.7305 ,          43.8027 ,-75.9321           ,               12.5302  ,11.8173                  ,-7.9121               ,          727.3  ,     43.8027 ,-75.9321      ,            226.6772 ,                   17.2237 ,         0 ,-7.6349              ,95.0932          ,95.0932          ,       927.5767 ,                1 ,          261.6651 ,                   1 ,               13.394  ,7.2269                  ,-32768               ,                        761.4167 ,               1.6204   , , , , ,
[2023-02-01T19:10:55.9745984] ,  2634.801  ,01-Feb-2023 19:09:31 ,                261.6877 ,          95.2711 ,             261.0774 ,              929.7597 ,         241.4558 ,                15.1834 ,             719.7677 ,          43.8028 ,-75.932            ,               11.0244  ,11.6735                  ,-8.1501               ,          720.15 ,     43.8028 ,-75.932       ,            223.362  ,                   16.0564 ,         0 ,-7.9121              ,95.3182          ,95.3182          ,       928.6279 ,                1 ,          261.7383 ,                   1 ,               13.3382 ,7.2551                  ,-32768               ,                        753.5995 ,               1.6295   , , , , ,
[2023-02-01T19:10:55.9755705] ,  2635.801  ,01-Feb-2023 19:09:32 ,                261.7558 ,          95.8547 ,             261.222  ,              930.7385 ,         241.2542 ,                15.1442 ,             711.6892 ,          43.8029 ,-75.9318           ,                9.8974  ,10.895                   ,-7.9836               ,          711.62 ,     43.8029 ,-75.9318      ,            222.2531 ,                   14.7194 ,         0 ,-8.1501              ,96.1535          ,96.1535          ,       929.5065 ,                1 ,          261.8068 ,                   1 ,               13.278  ,7.283                   ,-32768               ,                        745.5099 ,               1.6468   , , , , ,
[2023-02-01T19:10:55.9764902] ,  2636.801  ,01-Feb-2023 19:09:33 ,                261.82   ,          96.1708 ,             261.3274 ,              931.7292 ,         241.048  ,                15.1011 ,             703.5473 ,          43.803  ,-75.9317           ,                8.9986  ,9.6363                   ,-7.9554               ,          703.6  ,     43.803  ,-75.9317      ,            223.0402 ,                   13.1846 ,         0 ,-7.9836              ,95.9035          ,95.9035          ,       930.5362 ,                1 ,          261.872  ,                   1 ,               13.2141 ,7.31                    ,-32768               ,                        737.2866 ,               1.6591   , , , , ,
[2023-02-01T19:10:55.9780897] ,  2637.801  ,01-Feb-2023 19:09:34 ,                261.8768 ,          96.1721 ,             261.3841 ,              932.7351 ,         240.8414 ,                15.0536 ,             695.3808 ,          43.8031 ,-75.9316           ,                8.83    ,8.0449                   ,-8.0938               ,          695.1  ,     43.8031 ,-75.9316      ,            227.6638 ,                   11.9453 ,         0 ,-7.9554              ,95.5103          ,95.5103          ,       931.3893 ,                1 ,          261.9287 ,                   1 ,               13.1461 ,7.3343                  ,-32768               ,                        729.0369 ,               1.6648   , , , , ,
[2023-02-01T19:10:55.9791606] ,  2638.801  ,01-Feb-2023 19:09:35 ,                261.933  ,          95.9823 ,             261.4153 ,              933.7552 ,         240.64   ,                15.001  ,             687.2249 ,          43.8031 ,-75.9315           ,                8.8711  ,6.8743                   ,-8.302                ,          687.12 ,     43.8031 ,-75.9315      ,            232.2275 ,                   11.2229 ,         0 ,-8.0938              ,95.1057          ,95.1057          ,       932.5219 ,                1 ,          261.9838 ,                   1 ,               13.0744 ,7.355                   ,-32768               ,                        720.9422 ,               1.6672   , , , , ,
[2023-02-01T19:10:55.9803963] ,  2639.801  ,01-Feb-2023 19:09:36 ,                261.998  ,          95.5577 ,             261.4241 ,              934.7884 ,         240.4499 ,                14.9429 ,             678.9025 ,          43.8032 ,-75.9314           ,                9.2841  ,5.2549                   ,-8.5579               ,          679.22 ,     43.8032 ,-75.9314      ,            240.4894 ,                   10.6681 ,         0 ,-8.302               ,94.5439          ,94.5439          ,       933.5737 ,                1 ,          262.0472 ,                   1 ,               12.9996 ,7.3699                  ,-32768               ,                        712.7972 ,               1.6665   , , , , ,
[2023-02-01T19:10:55.9828988] ,  2640.801  ,01-Feb-2023 19:09:37 ,                262.0699 ,          95.2886 ,             261.4602 ,              935.8309 ,         240.2781 ,                14.8791 ,             670.1718 ,          43.8032 ,-75.9313           ,               11.2434  ,3.181                    ,-8.4657               ,          670.59 ,     43.8032 ,-75.9313      ,            254.2026 ,                   11.6847 ,         0 ,-8.5579              ,95.0465          ,95.0465          ,       934.614  ,                1 ,          262.1181 ,                   1 ,               12.9218 ,7.3769                  ,-32768               ,                        704.0979 ,               1.6695   , , , , ,
[2023-02-01T19:10:55.9844371] ,  2641.801  ,01-Feb-2023 19:09:38 ,                262.1458 ,          94.9778 ,             261.4944 ,              936.8791 ,         240.1315 ,                14.8097 ,             661.0876 ,          43.8032 ,-75.9311           ,               12.8569  ,2.4024                   ,-8.9666               ,          660.89 ,     43.8032 ,-75.9311      ,            259.4159 ,                   13.0794 ,         0 ,-8.4657              ,94.7954          ,94.7954          ,       935.7011 ,                1 ,          262.1952 ,                   1 ,               12.8422 ,7.3757                  ,-32768               ,                        694.8934 ,               1.6722   , , , , ,
[2023-02-01T19:10:55.9854839] ,  2642.801  ,01-Feb-2023 19:09:39 ,                262.2115 ,          94.2992 ,             261.4694 ,              937.9269 ,         240.0167 ,                14.7351 ,             652.0137 ,          43.8032 ,-75.9309           ,               14.1423  ,2.0206                   ,-8.8956               ,          651.99 ,     43.8032 ,-75.9309      ,            261.869  ,                   14.2859 ,         0 ,-8.9666              ,94.4064          ,94.4064          ,       936.8384 ,                1 ,          262.263  ,                   1 ,               12.7623 ,7.3643                  ,-32768               ,                        685.7908 ,               1.667    , , , , ,
[2023-02-01T19:10:55.9865209] ,  2643.801  ,01-Feb-2023 19:09:40 ,                262.2564 ,          93.0154 ,             261.3413 ,              938.9728 ,         239.9395 ,                14.6554 ,             643.2355 ,          43.8033 ,-75.9307           ,               15.2859  ,2.2478                   ,-8.8212               ,          642.91 ,     43.8032 ,-75.9307      ,            261.6344 ,                   15.4503 ,         0 ,-8.8956              ,93.0189          ,93.0189          ,       937.8146 ,                1 ,          262.3082 ,                   1 ,               12.6834 ,7.3412                  ,-32768               ,                        676.9249 ,               1.6481   , , , , ,
[2023-02-01T19:10:55.9875712] ,  2644.801  ,01-Feb-2023 19:09:41 ,                262.3034 ,          91.6168 ,             261.1972 ,              940.0173 ,         239.9032 ,                14.5704 ,             634.9232 ,          43.8033 ,-75.9305           ,               16.5318  ,3.7265                   ,-8.1823               ,          634.45 ,     43.8033 ,-75.9305      ,            257.2971 ,                   16.9466 ,         0 ,-8.8212              ,92.1547          ,92.1547          ,       938.9025 ,                1 ,          262.3556 ,                   1 ,               12.6081 ,7.3063                  ,-32768               ,                        668.581  ,               1.6273   , , , , ,
[2023-02-01T19:10:55.9886489] ,  2645.801  ,01-Feb-2023 19:09:42 ,                262.3523 ,          91.0083 ,             261.1619 ,              941.0645 ,         239.9104 ,                14.4797 ,             626.9668 ,          43.8033 ,-75.9303           ,               17.4993  ,5.6708                   ,-7.6595               ,          627.08 ,     43.8033 ,-75.9303      ,            252.0446 ,                   18.3952 ,         0 ,-8.1823              ,91.2334          ,91.2334          ,       939.9168 ,                1 ,          262.4037 ,                   1 ,               12.5286 ,7.2598                  ,-32768               ,                        660.8014 ,               1.6208   , , , , ,
[2023-02-01T19:10:55.9897261] ,  2646.801  ,01-Feb-2023 19:09:43 ,                262.4047 ,          91.2236 ,             261.2435 ,              942.1199 ,         239.9668 ,                14.3837 ,             618.8959 ,          43.8034 ,-75.9301           ,               17.4703  ,7.8179                   ,-8.077                ,          619.36 ,     43.8034 ,-75.9301      ,            245.8917 ,                   19.1397 ,         0 ,-7.6595              ,90.997           ,90.997           ,       940.7552 ,                1 ,          262.455  ,                   1 ,               12.4521 ,7.1994                  ,-32768               ,                        652.8284 ,               1.6297   , , , , ,
[2023-02-01T19:10:55.9907959] ,  2647.801  ,01-Feb-2023 19:09:44 ,                262.4602 ,          91.4547 ,             261.3304 ,              943.192  ,         240.0781 ,                14.2836 ,             610.2884 ,          43.8035 ,-75.9299           ,               16.356   ,10.3456                  ,-8.6162               ,          610.45 ,     43.8035 ,-75.9299      ,            237.6855 ,                   19.3533 ,         0 ,-8.077               ,91.2507          ,91.2507          ,       941.7933 ,                1 ,          262.5086 ,                   1 ,               12.3794 ,7.1253                  ,-32768               ,                        644.0978 ,               1.6393   , , , , ,
[2023-02-01T19:10:55.9925238] ,  2648.801  ,01-Feb-2023 19:09:45 ,                262.5272 ,          91.2163 ,             261.3639 ,              944.2854 ,         240.2487 ,                14.1807 ,             601.0826 ,          43.8036 ,-75.9297           ,               14.5915  ,11.9889                  ,-9.5237               ,          601    ,     43.8036 ,-75.9297      ,            230.5922 ,                   18.8851 ,         0 ,-8.6162              ,90.4745          ,90.4745          ,       943.1024 ,                1 ,          262.5744 ,                   1 ,               12.3114 ,7.0373                  ,-32768               ,                        634.8229 ,               1.6418   , , , , ,
[2023-02-01T19:10:55.9936441] ,  2649.801  ,01-Feb-2023 19:09:46 ,                262.5984 ,          90.872  ,             261.3869 ,              945.4006 ,         240.4811 ,                14.0761 ,             591.4478 ,          43.8037 ,-75.9295           ,               13.3499  ,12.824                   ,-9.4404               ,          591.63 ,     43.8037 ,-75.9295      ,            226.1509 ,                   18.5115 ,         0 ,-9.5237              ,90.9492          ,90.9492          ,       944.0621 ,                1 ,          262.6443 ,                   1 ,               12.2488 ,6.9357                  ,-32768               ,                        625.2711 ,               1.6429   , , , , ,
[2023-02-01T19:10:55.9949200] ,  2650.801  ,01-Feb-2023 19:09:47 ,                262.6737 ,          90.5227 ,             261.4129 ,              946.538  ,         240.7765 ,                13.9711 ,             581.4688 ,          43.8038 ,-75.9294           ,               11.6029  ,13.0443                  ,-9.4466               ,          581.61 ,     43.8038 ,-75.9294      ,            221.6531 ,                   17.458  ,         0 ,-9.4404              ,90.9816          ,90.9816          ,       945.2404 ,                1 ,          262.719  ,                   1 ,               12.1927 ,6.8211                  ,-32768               ,                        615.3093 ,               1.6443   , , , , ,
[2023-02-01T19:10:55.9961628] ,  2651.801  ,01-Feb-2023 19:09:48 ,                262.7512 ,          90.0715 ,             261.4267 ,              947.6932 ,         241.1346 ,                13.8673 ,             571.4617 ,          43.804  ,-75.9293           ,               10.4859  ,12.8602                  ,-9.4911               ,          571.09 ,     43.804  ,-75.9293      ,            219.193  ,                   16.5934 ,         0 ,-9.4466              ,89.6776          ,89.6776          ,       946.5057 ,                1 ,          262.7963 ,                   1 ,               12.1442 ,6.6946                  ,-32768               ,                        605.1692 ,               1.6441   , , , , ,
[2023-02-01T19:10:55.9979610] ,  2652.801  ,01-Feb-2023 19:09:49 ,                262.8275 ,          90.0609 ,             261.5007 ,              948.8597 ,         241.5537 ,                13.7661 ,             561.7121 ,          43.8041 ,-75.9291           ,                9.6049  ,11.5222                  ,-9.8661               ,          561.39 ,     43.8041 ,-75.9291      ,            219.8144 ,                   15.0005 ,         0 ,-9.4911              ,89.827           ,89.827           ,       947.6184 ,                1 ,          262.8727 ,                   1 ,               12.1038 ,6.5573                  ,-32768               ,                        595.4954 ,               1.6519   , , , , ,
[2023-02-01T19:10:55.9991813] ,  2653.801  ,01-Feb-2023 19:09:50 ,                262.9035 ,          90.2555 ,             261.6032 ,              950.0308 ,         242.031  ,                13.6687 ,             552.2631 ,          43.8042 ,-75.929            ,                8.4335  ,10.0409                  ,-9.2929               ,          552.69 ,     43.8042 ,-75.929       ,            220.0276 ,                   13.1127 ,         0 ,-9.8661              ,89.3417          ,89.3417          ,       948.7848 ,                1 ,          262.9489 ,                   1 ,               12.0721 ,6.4106                  ,-32768               ,                        586.1885 ,               1.6635   , , , , ,
[2023-02-01T19:10:56.0002972] ,  2654.801  ,01-Feb-2023 19:09:51 ,                262.9747 ,          90.5585 ,             261.7161 ,              951.1995 ,         242.5624 ,                13.5766 ,             542.9742 ,          43.8042 ,-75.9289           ,                8.2305  ,8.8137                   ,-9.2511               ,          542.47 ,     43.8042 ,-75.9289      ,            223.0405 ,                   12.0591 ,         0 ,-9.2929              ,89.4307          ,89.4307          ,       950.1371 ,                1 ,          263.0199 ,                   1 ,               12.0493 ,6.256                   ,-32768               ,                        576.842  ,               1.6765   , , , , ,
[2023-02-01T19:10:56.0014088] ,  2655.801  ,01-Feb-2023 19:09:52 ,                263.0567 ,          90.9123 ,             261.8465 ,              952.358  ,         243.1428 ,                13.491  ,             533.8268 ,          43.8043 ,-75.9288           ,                8.5599  ,6.9868                   ,-9.2795               ,          534.45 ,     43.8043 ,-75.9288      ,            230.7777 ,                   11.0493 ,         0 ,-9.2511              ,90.1615          ,90.1615          ,       951.3027 ,                1 ,          263.1037 ,                   1 ,               12.0356 ,6.0949                  ,-32768               ,                        567.7767 ,               1.692    , , , , ,
[2023-02-01T19:10:56.0025157] ,  2656.801  ,01-Feb-2023 19:09:53 ,                263.119  ,          91.1365 ,             261.9394 ,              953.501  ,         243.7652 ,                13.413  ,             524.6677 ,          43.8043 ,-75.9287           ,                8.8601  ,5.5036                   ,-9.3625               ,          524.23 ,     43.8044 ,-75.9287      ,            238.1528 ,                   10.4303 ,         0 ,-9.2795              ,89.5686          ,89.5686          ,       952.2157 ,                1 ,          263.1638 ,                   1 ,               12.0311 ,5.9291                  ,-32768               ,                        558.4762 ,               1.7026   , , , , ,
[2023-02-01T19:10:56.0036503] ,  2657.801  ,01-Feb-2023 19:09:54 ,                263.1997 ,          91.5867 ,             262.0818 ,              954.6272 ,         244.4214 ,                13.3435 ,             515.5695 ,          43.8044 ,-75.9286           ,                9.646   ,4.6094                   ,-9.0812               ,          515.62 ,     43.8044 ,-75.9286      ,            244.4586 ,                   10.6907 ,         0 ,-9.3625              ,90.1443          ,90.1443          ,       953.5848 ,                1 ,          263.2459 ,                   1 ,               12.0357 ,5.7609                  ,-32768               ,                        549.4474 ,               1.7201   , , , , ,
[2023-02-01T19:10:56.0053220] ,  2658.801  ,01-Feb-2023 19:09:55 ,                263.2764 ,          91.8888 ,             262.1996 ,              955.7334 ,         245.1021 ,                13.2832 ,             506.4593 ,          43.8044 ,-75.9285           ,               10.6284  ,3.8455                   ,-9.2693               ,          506.84 ,     43.8044 ,-75.9285      ,            250.1092 ,                   11.3027 ,         0 ,-9.0812              ,90.8806          ,90.8806          ,       954.6739 ,                1 ,          263.3227 ,                   1 ,               12.0487 ,5.5921                  ,-32768               ,                        540.473  ,               1.7343   , , , , ,
[2023-02-01T19:10:56.0064495] ,  2659.801  ,01-Feb-2023 19:09:56 ,                263.3508 ,          91.5733 ,             262.2297 ,              956.8215 ,         245.7975 ,                13.2327 ,             497.3121 ,          43.8045 ,-75.9283           ,               10.8044  ,3.372                    ,-8.9729               ,          497.21 ,     43.8045 ,-75.9283      ,            252.6671 ,                   11.3184 ,         0 ,-9.2693              ,91.3746          ,91.3746          ,       955.7043 ,                1 ,          263.3994 ,                   1 ,               12.0696 ,5.4246                  ,-32768               ,                        531.2513 ,               1.7365   , , , , ,
[2023-02-01T19:10:56.0075548] ,  2660.801  ,01-Feb-2023 19:09:57 ,                263.4104 ,          91.0371 ,             262.2144 ,              957.8964 ,         246.4981 ,                13.1923 ,             488.3239 ,          43.8045 ,-75.9282           ,               12.1769  ,2.6247                   ,-8.5325               ,          488.33 ,     43.8045 ,-75.9282      ,            257.836  ,                   12.4566 ,         0 ,-8.9729              ,91.1203          ,91.1203          ,       956.7535 ,                1 ,          263.4599 ,                   1 ,               12.0979 ,5.2606                  ,-32768               ,                        522.173  ,               1.7324   , , , , ,
[2023-02-01T19:10:56.0086435] ,  2661.801  ,01-Feb-2023 19:09:58 ,                263.4671 ,          90.7347 ,             262.2284 ,              958.9626 ,         247.1949 ,                13.162  ,             479.6845 ,          43.8045 ,-75.928            ,               11.6991  ,2.7827                   ,-8.444                ,          479.2  ,     43.8045 ,-75.928       ,            256.6206 ,                   12.0255 ,         0 ,-8.5325              ,91.0546          ,91.0546          ,       957.7188 ,                1 ,          263.5172 ,                   1 ,               12.1332 ,5.1014                  ,-32768               ,                        513.437  ,               1.7324   , , , , ,
[2023-02-01T19:10:56.0097772] ,  2662.801  ,01-Feb-2023 19:09:59 ,                263.5265 ,          90.5418 ,             262.2602 ,              960.0237 ,         247.8793 ,                13.1418 ,             471.4847 ,          43.8045 ,-75.9279           ,               11.3789  ,2.8698                   ,-8.0521               ,          471.4  ,     43.8045 ,-75.9279      ,            255.8449 ,                   11.7352 ,         0 ,-8.444               ,91.0455          ,91.0455          ,       958.6716 ,                1 ,          263.576  ,                   1 ,               12.1744 ,4.9485                  ,-32768               ,                        505.3464 ,               1.7349   , , , , ,
[2023-02-01T19:10:56.0109931] ,  2663.801  ,01-Feb-2023 19:10:00 ,                263.5906 ,          90.4244 ,             262.3073 ,              961.0833 ,         248.5428 ,                13.1315 ,             463.4618 ,          43.8046 ,-75.9278           ,               11.5132  ,2.6878                   ,-8.274                ,          463.83 ,     43.8046 ,-75.9278      ,            256.8593 ,                   11.8228 ,         0 ,-8.0521              ,90.5014          ,90.5014          ,       959.8271 ,                1 ,          263.6396 ,                   1 ,               12.2213 ,4.8034                  ,-32768               ,                        497.4874 ,               1.7395   , , , , ,
[2023-02-01T19:10:56.0122493] ,  2664.801  ,01-Feb-2023 19:10:01 ,                263.6622 ,          90.537  ,             262.394  ,              962.1407 ,         249.1778 ,                13.1306 ,             455.3372 ,          43.8046 ,-75.9276           ,               11.8532  ,2.6079                   ,-8.3047               ,          455.49 ,     43.8046 ,-75.9276      ,            257.5914 ,                   12.1367 ,         0 ,-8.274               ,90.4997          ,90.4997          ,       961.0518 ,                1 ,          263.7122 ,                   1 ,               12.273  ,4.6674                  ,-32768               ,                        489.3112 ,               1.7496   , , , , ,
[2023-02-01T19:10:56.0134759] ,  2665.801  ,01-Feb-2023 19:10:02 ,                263.7236 ,          90.5436 ,             262.4557 ,              963.1919 ,         249.7768 ,                13.1385 ,             447.0312 ,          43.8046 ,-75.9275           ,               12.3354  ,2.4436                   ,-8.657                ,          447.05 ,     43.8046 ,-75.9275      ,            258.795  ,                   12.5751 ,         0 ,-8.3047              ,90.3799          ,90.3799          ,       962.0364 ,                1 ,          263.7738 ,                   1 ,               12.3286 ,4.5413                  ,-32768               ,                        480.8874 ,               1.7563   , , , , ,
[2023-02-01T19:10:56.0147049] ,  2666.801  ,01-Feb-2023 19:10:03 ,                263.7806 ,          90.303  ,             262.4784 ,              964.2355 ,         250.3333 ,                13.1544 ,             438.6787 ,          43.8046 ,-75.9273           ,               12.3874  ,2.2059                   ,-8.2866               ,          438.47 ,     43.8046 ,-75.9273      ,            259.9028 ,                   12.5822 ,         0 ,-8.657               ,90.0209          ,90.0209          ,       963.0998 ,                1 ,          263.8321 ,                   1 ,               12.3871 ,4.4267                  ,-32768               ,                        472.4154 ,               1.7576   , , , , ,
[2023-02-01T19:10:56.0158686] ,  2667.801  ,01-Feb-2023 19:10:04 ,                263.8423 ,          90.1239 ,             262.5142 ,              965.2715 ,         250.8423 ,                13.1773 ,             430.3538 ,          43.8046 ,-75.9271           ,               12.2989  ,1.5824                   ,-7.9207               ,          430.08 ,     43.8046 ,-75.9271      ,            262.6684 ,                   12.4003 ,         0 ,-8.2866              ,89.9544          ,89.9544          ,       964.1696 ,                1 ,          263.8951 ,                   1 ,               12.4477 ,4.3241                  ,-32768               ,                        464.1445 ,               1.7607   , , , , ,
[2023-02-01T19:10:56.0170462] ,  2668.801  ,01-Feb-2023 19:10:05 ,                263.8965 ,          89.8969 ,             262.5358 ,              966.304  ,         251.3003 ,                13.2061 ,             421.9916 ,          43.8046 ,-75.927            ,               13.1933  ,1.625                    ,-8.1606               ,          422.47 ,     43.8046 ,-75.927       ,            262.9784 ,                   13.2929 ,         0 ,-7.9207              ,89.6765          ,89.6765          ,       965.0953 ,                1 ,          263.9475 ,                   1 ,               12.5092 ,4.2337                  ,-32768               ,                        455.9646 ,               1.7618   , , , , ,
[2023-02-01T19:10:56.0189076] ,  2669.801  ,01-Feb-2023 19:10:06 ,                263.959  ,          89.5877 ,             262.5539 ,              967.3398 ,         251.7059 ,                13.2395 ,             413.3538 ,          43.8047 ,-75.9268           ,               14.2865  ,2.0727                   ,-8.6973               ,          413.36 ,     43.8047 ,-75.9268      ,            261.7449 ,                   14.4361 ,         0 ,-8.1606              ,89.3906          ,89.3906          ,       965.944  ,                1 ,          264.0092 ,                   1 ,               12.5705 ,4.1556                  ,-32768               ,                        447.3604 ,               1.7625   , , , , ,
[2023-02-01T19:10:56.0201137] ,  2670.801  ,01-Feb-2023 19:10:07 ,                264.0222 ,          89.0929 ,             262.5459 ,              968.3783 ,         252.059  ,                13.2766 ,             404.5412 ,          43.8047 ,-75.9266           ,               15.7074  ,3.1137                   ,-8.7593               ,          404.93 ,     43.8047 ,-75.9266      ,            258.7877 ,                   16.0131 ,         0 ,-8.6973              ,89.3131          ,89.3131          ,       967.0471 ,                1 ,          264.0721 ,                   1 ,               12.6311 ,4.0895                  ,-32768               ,                        438.5021 ,               1.7595   , , , , ,
[2023-02-01T19:10:56.0212912] ,  2671.801  ,01-Feb-2023 19:10:08 ,                264.0741 ,          88.2677 ,             262.479  ,              969.4191 ,         252.361  ,                13.3162 ,             395.7456 ,          43.8047 ,-75.9264           ,               15.7733  ,3.0163                   ,-8.3817               ,          395.19 ,     43.8047 ,-75.9264      ,            259.1742 ,                   16.0591 ,         0 ,-8.7593              ,88.2797          ,88.2797          ,       968.1489 ,                1 ,          264.124  ,                   1 ,               12.6903 ,4.035                   ,-32768               ,                        429.5221 ,               1.7483   , , , , ,
[2023-02-01T19:10:56.0224973] ,  2672.801  ,01-Feb-2023 19:10:09 ,                264.1342 ,          87.7596 ,             262.465  ,              970.4571 ,         252.6146 ,                13.3575 ,             387.3189 ,          43.8047 ,-75.9262           ,               15.9432  ,3.469                    ,-8.3339               ,          387.18 ,     43.8048 ,-75.9262      ,            257.7245 ,                   16.3163 ,         0 ,-8.3817              ,88.0078          ,88.0078          ,       969.3528 ,                1 ,          264.1847 ,                   1 ,               12.7474 ,3.9911                  ,-32768               ,                        421.1027 ,               1.7444   , , , , ,
[2023-02-01T19:10:56.0236338] ,  2673.801  ,01-Feb-2023 19:10:10 ,                264.195  ,          87.76   ,             262.5251 ,              971.5953 ,         252.8231 ,                13.3996 ,             379.3064 ,          43.8048 ,-75.926            ,               15.5377  ,3.2128                   ,-8.2664               ,          379.02 ,     43.8048 ,-75.926       ,            258.3174 ,                   15.8664 ,         0 ,-8.3339              ,87.4438          ,87.4438          ,       970.3727 ,                1 ,          264.2457 ,                   1 ,               12.8022 ,3.9571                  ,-32768               ,                        413.2557 ,               1.7507   , , , , ,
[2023-02-01T19:10:56.0247984] ,  2674.801  ,01-Feb-2023 19:10:11 ,                264.2515 ,          87.7433 ,             262.5785 ,              972.5277 ,         252.9907 ,                13.4418 ,             371.526  ,          43.8048 ,-75.9258           ,               15.2386  ,3.97                     ,-8.0682               ,          372.27 ,     43.8048 ,-75.9258      ,            255.3977 ,                   15.7472 ,         0 ,-8.2664              ,87.0635          ,87.0635          ,       971.304  ,                1 ,          264.298  ,                   1 ,               12.854  ,3.9321                  ,-32768               ,                        405.6873 ,               1.7565   , , , , ,
[2023-02-01T19:10:56.0287827] ,  2675.801  ,01-Feb-2023 19:10:12 ,                264.3263 ,          87.7242 ,             262.6495 ,              973.693  ,         253.1219 ,                13.4834 ,             363.6995 ,          43.8049 ,-75.9256           ,               15.0215  ,5.8568                   ,-7.6479               ,          363.65 ,     43.8049 ,-75.9257      ,            248.6995 ,                   16.1229 ,         0 ,-8.0682              ,86.718           ,86.718           ,       972.4678 ,                1 ,          264.367  ,                   1 ,               12.9027 ,3.9148                  ,-32768               ,                        397.6811 ,               1.7643   , , , , ,
[2023-02-01T19:10:56.0292128] ,  2676.801  ,01-Feb-2023 19:10:13 ,                264.4644 ,          88.5265 ,             262.9019 ,              974.9395 ,         253.2225 ,                13.5239 ,             355.9904 ,          43.8049 ,-75.9255           ,               14.0759  ,5.4141                   ,-7.9168               ,          355.59 ,     43.8049 ,-75.9255      ,            248.9615 ,                   15.0813 ,         0 ,-7.6479              ,88.0511          ,88.0511          ,       973.7127 ,                1 ,          264.5082 ,                   1 ,               12.9486 ,3.9036                  ,-32768               ,                        389.7875 ,               1.7977   , , , , ,
[2023-02-01T19:10:56.0296612] ,  2677.801  ,01-Feb-2023 19:10:14 ,                264.5635 ,          89.3039 ,             263.1114 ,              975.2283 ,         253.2985 ,                13.5631 ,             348.5988 ,          43.805  ,-75.9253           ,               11.7891  ,6.5361                   ,-7.5233               ,          348.56 ,     43.805  ,-75.9253      ,            240.995  ,                   13.4798 ,         0 ,-7.9168              ,88.8365          ,88.8365          ,       974.0012 ,                1 ,          264.6063 ,                   1 ,               12.9916 ,3.8976                  ,-32768               ,                        382.4858 ,               1.8273   , , , , ,
[2023-02-01T19:10:56.0301064] ,  2678.801  ,01-Feb-2023 19:10:15 ,                264.6488 ,          89.9824 ,             263.2925 ,              976.0325 ,         253.3571 ,                13.6008 ,             341.4436 ,          43.805  ,-75.9252           ,                8.8392  ,7.4812                   ,-6.8722               ,          341.57 ,     43.805  ,-75.9252      ,            229.7566 ,                   11.5801 ,         0 ,-7.5233              ,89.6156          ,89.6156          ,       974.8044 ,                1 ,          264.6884 ,                   1 ,               13.0314 ,3.8955                  ,-32768               ,                        375.4636 ,               1.8521   , , , , ,
[2023-02-01T19:10:56.0318003] ,  2679.801  ,01-Feb-2023 19:10:16 ,                264.7482 ,          90.7566 ,             263.5005 ,              977.0112 ,         253.4068 ,                13.6376 ,             334.3692 ,          43.8051 ,-75.9252           ,                2.4754  ,6.5052                   ,-6.2827               ,          334.43 ,     43.8051 ,-75.9252      ,            200.8336 ,                    6.9602 ,         0 ,-6.8722              ,90.4335          ,90.4335          ,       975.7818 ,                1 ,          264.7821 ,                   1 ,               13.0682 ,3.8962                  ,-32768               ,                        368.3284 ,               1.8809   , , , , ,